# https://github.com/mikedh/trimesh
mtllib material.mtl

o geometry0
usemtl material_0
v 0.02098556 0.01913097 0.03600000
v 0.02471763 0.02527011 0.03600000
v 0.02471763 0.02527011 0.04000000
v 0.02098556 0.01913097 0.04000000
v 0.02472689 0.02535415 0.03600000
v 0.02471989 0.02537009 0.03600000
v 0.02471989 0.02537009 0.04000000
v 0.02472689 0.02535415 0.03600000
v 0.02471989 0.02537009 0.04000000
v 0.02472796 0.02535080 0.04000000
v 0.02473110 0.02533670 0.03600000
v 0.02472796 0.02535080 0.04000000
v 0.02473184 0.02533026 0.04000000
v 0.02473110 0.02533670 0.03600000
v 0.02472689 0.02535415 0.03600000
v 0.02472796 0.02535080 0.04000000
v 0.02473198 0.02531570 0.03600000
v 0.02473184 0.02533026 0.04000000
v 0.02473137 0.02530936 0.04000000
v 0.02473198 0.02531570 0.03600000
v 0.02473110 0.02533670 0.03600000
v 0.02473184 0.02533026 0.04000000
v 0.02472782 0.02529286 0.03600000
v 0.02473137 0.02530936 0.04000000
v 0.02472656 0.02528902 0.04000000
v 0.02472782 0.02529286 0.03600000
v 0.02473198 0.02531570 0.03600000
v 0.02473137 0.02530936 0.04000000
v 0.02471763 0.02527011 0.03600000
v 0.02472656 0.02528902 0.04000000
v 0.02471763 0.02527011 0.04000000
v 0.02471763 0.02527011 0.03600000
v 0.02472782 0.02529286 0.03600000
v 0.02472656 0.02528902 0.04000000
v 0.02098397 0.01913498 0.04008285
v 0.02471763 0.02527011 0.04000000
v 0.02469271 0.02526837 0.04020088
v 0.02098397 0.01913498 0.04008285
v 0.02098556 0.01913097 0.04000000
v 0.02471763 0.02527011 0.04000000
v 0.02097862 0.01914736 0.04016934
v 0.02098397 0.01913498 0.04008285
v 0.02469271 0.02526837 0.04020088
v 0.02095991 0.01918621 0.04031411
v 0.02469271 0.02526837 0.04020088
v 0.02461044 0.02526771 0.04041533
v 0.02095991 0.01918621 0.04031411
v 0.02097862 0.01914736 0.04016934
v 0.02469271 0.02526837 0.04020088
v 0.02092570 0.01925027 0.04046194
v 0.02461044 0.02526771 0.04041533
v 0.02447927 0.02527296 0.04060682
v 0.02092570 0.01925027 0.04046194
v 0.02095991 0.01918621 0.04031411
v 0.02461044 0.02526771 0.04041533
v 0.02087339 0.01934112 0.04060662
v 0.02092570 0.01925027 0.04046194
v 0.02447927 0.02527296 0.04060682
v 0.02080092 0.01946000 0.04074110
v 0.02447927 0.02527296 0.04060682
v 0.02431082 0.02528492 0.04076437
v 0.02080092 0.01946000 0.04074110
v 0.02087339 0.01934112 0.04060662
v 0.02447927 0.02527296 0.04060682
v 0.02071962 0.01958918 0.04084500
v 0.02431082 0.02528492 0.04076437
v 0.02409482 0.02530363 0.04089283
v 0.02071962 0.01958918 0.04084500
v 0.02080092 0.01946000 0.04074110
v 0.02431082 0.02528492 0.04076437
v 0.02064142 0.01971173 0.04091462
v 0.02409482 0.02530363 0.04089283
v 0.02385874 0.02532490 0.04097124
v 0.02064142 0.01971173 0.04091462
v 0.02071962 0.01958918 0.04084500
v 0.02409482 0.02530363 0.04089283
v 0.02055432 0.01984812 0.04096577
v 0.02064142 0.01971173 0.04091462
v 0.02385874 0.02532490 0.04097124
v 0.02040098 0.02009444 0.04100000
v 0.02385874 0.02532490 0.04097124
v 0.02359322 0.02534557 0.04100000
v 0.02040098 0.02009444 0.04100000
v 0.02055432 0.01984812 0.04096577
v 0.02385874 0.02532490 0.04097124
v 0.02097289 0.01911434 0.03600000
v 0.02098556 0.01913097 0.03600000
v 0.02098556 0.01913097 0.04000000
v 0.02097289 0.01911434 0.04000000
v 0.02095704 0.01910070 0.03600000
v 0.02097289 0.01911434 0.04000000
v 0.02095704 0.01910070 0.04000000
v 0.02097289 0.01911434 0.03600000
v 0.02093871 0.01909066 0.03600000
v 0.02095704 0.01910070 0.04000000
v 0.02093871 0.01909066 0.04000000
v 0.02095704 0.01910070 0.03600000
v 0.02091868 0.01908466 0.03600000
v 0.02093871 0.01909066 0.04000000
v 0.02091868 0.01908466 0.04000000
v 0.02091868 0.01908466 0.03600000
v 0.02091868 0.01908466 0.04000000
v 0.02089785 0.01908294 0.04000000
v 0.02093871 0.01909066 0.03600000
v 0.02089785 0.01908294 0.03600000
v 0.01362970 0.01929738 0.03600000
v 0.01365682 0.01926586 0.03600000
v 0.01364161 0.01928020 0.03600000
v 0.01369442 0.01924809 0.03600000
v 0.01367469 0.01925500 0.03600000
v 0.01371515 0.01924544 0.03600000
v 0.01018135 0.02569900 0.03600000
v 0.01016700 0.02565342 0.03600000
v 0.01017115 0.02567626 0.03600000
v 0.01016787 0.02563242 0.03600000
v 0.01017208 0.02561496 0.03600000
v 0.01017908 0.02559903 0.03600000
v 0.02093871 0.01909066 0.03600000
v 0.02091868 0.01908466 0.03600000
v 0.02089785 0.01908294 0.03600000
v 0.02095704 0.01910070 0.03600000
v 0.02097289 0.01911434 0.03600000
v 0.02098556 0.01913097 0.03600000
v 0.01391342 0.03183814 0.03600000
v 0.01393673 0.03186455 0.03600000
v 0.01392372 0.03185218 0.03600000
v 0.01400113 0.03188617 0.03600000
v 0.01395448 0.03187581 0.03600000
v 0.01397634 0.03188363 0.03600000
v 0.02471989 0.02537009 0.03600000
v 0.02472782 0.02529286 0.03600000
v 0.02471763 0.02527011 0.03600000
v 0.02473198 0.02531570 0.03600000
v 0.02473110 0.02533670 0.03600000
v 0.02472689 0.02535415 0.03600000
v 0.02118382 0.03172368 0.03600000
v 0.02122429 0.03171411 0.03600000
v 0.02120456 0.03172102 0.03600000
v 0.02126927 0.03167173 0.03600000
v 0.02124215 0.03170325 0.03600000
v 0.02125737 0.03168892 0.03600000
v 0.02471989 0.02537009 0.04000000
v 0.02126927 0.03167173 0.03600000
v 0.02126927 0.03167173 0.04000000
v 0.02471989 0.02537009 0.03600000
v 0.02040098 0.02009444 0.04100000
v 0.01130576 0.02562355 0.04100000
v 0.01425725 0.02023343 0.04100000
v 0.02064172 0.03073569 0.04100000
v 0.02359322 0.02534557 0.04100000
v 0.01449799 0.03087468 0.04100000
v 0.01371515 0.01924544 0.04000000
v 0.02089785 0.01908294 0.03600000
v 0.02089785 0.01908294 0.04000000
v 0.01371515 0.01924544 0.03600000
v 0.01017908 0.02559903 0.04000000
v 0.01362970 0.01929738 0.03600000
v 0.01362970 0.01929738 0.04000000
v 0.01017908 0.02559903 0.03600000
v 0.02118382 0.03172368 0.04000000
v 0.01400113 0.03188617 0.03600000
v 0.01400113 0.03188617 0.04000000
v 0.02118382 0.03172368 0.03600000
v 0.01391342 0.03183814 0.04000000
v 0.01018135 0.02569900 0.03600000
v 0.01018135 0.02569900 0.04000000
v 0.01391342 0.03183814 0.03600000
v 0.02118382 0.03172368 0.03600000
v 0.02118382 0.03172368 0.04000000
v 0.02120456 0.03172102 0.04000000
v 0.02120456 0.03172102 0.03600000
v 0.02120456 0.03172102 0.04000000
v 0.02122429 0.03171411 0.04000000
v 0.02120456 0.03172102 0.03600000
v 0.02122429 0.03171411 0.03600000
v 0.02122429 0.03171411 0.04000000
v 0.02124215 0.03170325 0.04000000
v 0.02122429 0.03171411 0.03600000
v 0.02124215 0.03170325 0.03600000
v 0.02124215 0.03170325 0.04000000
v 0.02125737 0.03168892 0.04000000
v 0.02124215 0.03170325 0.03600000
v 0.02125737 0.03168892 0.03600000
v 0.02125737 0.03168892 0.04000000
v 0.02126927 0.03167173 0.04000000
v 0.02125737 0.03168892 0.03600000
v 0.02126927 0.03167173 0.03600000
v 0.02471562 0.02537072 0.04008285
v 0.02126927 0.03167173 0.04000000
v 0.02125833 0.03164928 0.04020088
v 0.02471562 0.02537072 0.04008285
v 0.02471989 0.02537009 0.04000000
v 0.02126927 0.03167173 0.04000000
v 0.02470223 0.02537227 0.04016934
v 0.02471562 0.02537072 0.04008285
v 0.02125833 0.03164928 0.04020088
v 0.02465923 0.02537550 0.04031411
v 0.02125833 0.03164928 0.04020088
v 0.02121775 0.03157770 0.04041533
v 0.02465923 0.02537550 0.04031411
v 0.02470223 0.02537227 0.04016934
v 0.02125833 0.03164928 0.04020088
v 0.02458664 0.02537791 0.04046194
v 0.02121775 0.03157770 0.04041533
v 0.02114763 0.03146673 0.04060682
v 0.02458664 0.02537791 0.04046194
v 0.02465923 0.02537550 0.04031411
v 0.02121775 0.03157770 0.04041533
v 0.02448181 0.02537803 0.04060662
v 0.02458664 0.02537791 0.04046194
v 0.02114763 0.03146673 0.04060682
v 0.02434262 0.02537471 0.04074110
v 0.02114763 0.03146673 0.04060682
v 0.02105304 0.03132683 0.04076437
v 0.02434262 0.02537471 0.04074110
v 0.02448181 0.02537803 0.04060662
v 0.02114763 0.03146673 0.04060682
v 0.02419010 0.02536889 0.04084500
v 0.02105304 0.03132683 0.04076437
v 0.02092884 0.03114912 0.04089283
v 0.02419010 0.02536889 0.04084500
v 0.02434262 0.02537471 0.04074110
v 0.02105304 0.03132683 0.04076437
v 0.02404487 0.02536243 0.04091462
v 0.02092884 0.03114912 0.04089283
v 0.02079239 0.03095530 0.04097124
v 0.02404487 0.02536243 0.04091462
v 0.02419010 0.02536889 0.04084500
v 0.02092884 0.03114912 0.04089283
v 0.02388320 0.02535520 0.04096577
v 0.02404487 0.02536243 0.04091462
v 0.02079239 0.03095530 0.04097124
v 0.02359322 0.02534557 0.04100000
v 0.02079239 0.03095530 0.04097124
v 0.02064172 0.03073569 0.04100000
v 0.02388320 0.02535520 0.04096577
v 0.01371783 0.01924882 0.04008285
v 0.01371515 0.01924544 0.04000000
v 0.02089785 0.01908294 0.04000000
v 0.01371783 0.01924882 0.04008285
v 0.02089785 0.01908294 0.04000000
v 0.02088388 0.01910365 0.04020088
v 0.01372588 0.01925964 0.04016934
v 0.01371783 0.01924882 0.04008285
v 0.02088388 0.01910365 0.04020088
v 0.01375017 0.01929527 0.04031411
v 0.02088388 0.01910365 0.04020088
v 0.02084217 0.01917457 0.04041533
v 0.01375017 0.01929527 0.04031411
v 0.01372588 0.01925964 0.04016934
v 0.02088388 0.01910365 0.04020088
v 0.01378855 0.01935692 0.04046194
v 0.02084217 0.01917457 0.04041533
v 0.02078113 0.01929079 0.04060682
v 0.01378855 0.01935692 0.04046194
v 0.01375017 0.01929527 0.04031411
v 0.02084217 0.01917457 0.04041533
v 0.01384107 0.01944765 0.04060662
v 0.01378855 0.01935692 0.04046194
v 0.02078113 0.01929079 0.04060682
v 0.01390779 0.01956985 0.04074110
v 0.02078113 0.01929079 0.04060682
v 0.02070727 0.01944265 0.04076437
v 0.01390779 0.01956985 0.04074110
v 0.01384107 0.01944765 0.04060662
v 0.02078113 0.01929079 0.04060682
v 0.01397901 0.01970485 0.04084500
v 0.02070727 0.01944265 0.04076437
v 0.02061547 0.01963906 0.04089283
v 0.01397901 0.01970485 0.04084500
v 0.01390779 0.01956985 0.04074110
v 0.02070727 0.01944265 0.04076437
v 0.01404603 0.01983385 0.04091462
v 0.02061547 0.01963906 0.04089283
v 0.02051584 0.01985415 0.04097124
v 0.01404603 0.01983385 0.04091462
v 0.01397901 0.01970485 0.04084500
v 0.02061547 0.01963906 0.04089283
v 0.01412060 0.01997747 0.04096577
v 0.01404603 0.01983385 0.04091462
v 0.02051584 0.01985415 0.04097124
v 0.01425725 0.02023343 0.04100000
v 0.02051584 0.01985415 0.04097124
v 0.02040098 0.02009444 0.04100000
v 0.01425725 0.02023343 0.04100000
v 0.01412060 0.01997747 0.04096577
v 0.02051584 0.01985415 0.04097124
v 0.01018335 0.02559840 0.04008285
v 0.01017908 0.02559903 0.04000000
v 0.01362970 0.01929738 0.04000000
v 0.01018335 0.02559840 0.04008285
v 0.01362970 0.01929738 0.04000000
v 0.01364065 0.01931983 0.04020088
v 0.01019675 0.02559684 0.04016934
v 0.01018335 0.02559840 0.04008285
v 0.01364065 0.01931983 0.04020088
v 0.01023975 0.02559361 0.04031411
v 0.01364065 0.01931983 0.04020088
v 0.01368122 0.01939142 0.04041533
v 0.01023975 0.02559361 0.04031411
v 0.01019675 0.02559684 0.04016934
v 0.01364065 0.01931983 0.04020088
v 0.01031233 0.02559121 0.04046194
v 0.01368122 0.01939142 0.04041533
v 0.01375135 0.01950239 0.04060682
v 0.01031233 0.02559121 0.04046194
v 0.01023975 0.02559361 0.04031411
v 0.01368122 0.01939142 0.04041533
v 0.01041716 0.02559109 0.04060662
v 0.01031233 0.02559121 0.04046194
v 0.01375135 0.01950239 0.04060682
v 0.01055635 0.02559441 0.04074110
v 0.01375135 0.01950239 0.04060682
v 0.01384594 0.01964229 0.04076437
v 0.01055635 0.02559441 0.04074110
v 0.01041716 0.02559109 0.04060662
v 0.01375135 0.01950239 0.04060682
v 0.01070888 0.02560022 0.04084500
v 0.01384594 0.01964229 0.04076437
v 0.01397013 0.01982000 0.04089283
v 0.01070888 0.02560022 0.04084500
v 0.01055635 0.02559441 0.04074110
v 0.01384594 0.01964229 0.04076437
v 0.01085410 0.02560668 0.04091462
v 0.01397013 0.01982000 0.04089283
v 0.01410659 0.02001381 0.04097124
v 0.01085410 0.02560668 0.04091462
v 0.01070888 0.02560022 0.04084500
v 0.01397013 0.01982000 0.04089283
v 0.01101577 0.02561391 0.04096577
v 0.01085410 0.02560668 0.04091462
v 0.01410659 0.02001381 0.04097124
v 0.01130576 0.02562355 0.04100000
v 0.01410659 0.02001381 0.04097124
v 0.01425725 0.02023343 0.04100000
v 0.01101577 0.02561391 0.04096577
v 0.01391501 0.03183414 0.04008285
v 0.01391342 0.03183814 0.04000000
v 0.01018135 0.02569900 0.04000000
v 0.01391501 0.03183414 0.04008285
v 0.01018135 0.02569900 0.04000000
v 0.01020626 0.02570074 0.04020088
v 0.01392036 0.03182176 0.04016934
v 0.01391501 0.03183414 0.04008285
v 0.01020626 0.02570074 0.04020088
v 0.01393906 0.03178290 0.04031411
v 0.01020626 0.02570074 0.04020088
v 0.01028854 0.02570140 0.04041533
v 0.01393906 0.03178290 0.04031411
v 0.01392036 0.03182176 0.04016934
v 0.01020626 0.02570074 0.04020088
v 0.01397327 0.03171884 0.04046194
v 0.01028854 0.02570140 0.04041533
v 0.01041971 0.02569616 0.04060682
v 0.01397327 0.03171884 0.04046194
v 0.01393906 0.03178290 0.04031411
v 0.01028854 0.02570140 0.04041533
v 0.01402558 0.03162799 0.04060662
v 0.01397327 0.03171884 0.04046194
v 0.01041971 0.02569616 0.04060682
v 0.01409805 0.03150911 0.04074110
v 0.01041971 0.02569616 0.04060682
v 0.01058816 0.02568419 0.04076437
v 0.01409805 0.03150911 0.04074110
v 0.01402558 0.03162799 0.04060662
v 0.01041971 0.02569616 0.04060682
v 0.01417935 0.03137993 0.04084500
v 0.01058816 0.02568419 0.04076437
v 0.01080416 0.02566549 0.04089283
v 0.01417935 0.03137993 0.04084500
v 0.01409805 0.03150911 0.04074110
v 0.01058816 0.02568419 0.04076437
v 0.01425756 0.03125739 0.04091462
v 0.01080416 0.02566549 0.04089283
v 0.01104023 0.02564422 0.04097124
v 0.01425756 0.03125739 0.04091462
v 0.01417935 0.03137993 0.04084500
v 0.01080416 0.02566549 0.04089283
v 0.01434466 0.03112100 0.04096577
v 0.01425756 0.03125739 0.04091462
v 0.01104023 0.02564422 0.04097124
v 0.01449799 0.03087468 0.04100000
v 0.01104023 0.02564422 0.04097124
v 0.01130576 0.02562355 0.04100000
v 0.01449799 0.03087468 0.04100000
v 0.01434466 0.03112100 0.04096577
v 0.01104023 0.02564422 0.04097124
v 0.02118114 0.03172029 0.04008285
v 0.01400113 0.03188617 0.04000000
v 0.01401510 0.03186547 0.04020088
v 0.02118114 0.03172029 0.04008285
v 0.02118382 0.03172368 0.04000000
v 0.01400113 0.03188617 0.04000000
v 0.02117310 0.03170947 0.04016934
v 0.02118114 0.03172029 0.04008285
v 0.01401510 0.03186547 0.04020088
v 0.02114880 0.03167385 0.04031411
v 0.01401510 0.03186547 0.04020088
v 0.01405681 0.03179454 0.04041533
v 0.02114880 0.03167385 0.04031411
v 0.02117310 0.03170947 0.04016934
v 0.01401510 0.03186547 0.04020088
v 0.02111043 0.03161219 0.04046194
v 0.01405681 0.03179454 0.04041533
v 0.01411785 0.03167833 0.04060682
v 0.02111043 0.03161219 0.04046194
v 0.02114880 0.03167385 0.04031411
v 0.01405681 0.03179454 0.04041533
v 0.02105791 0.03152147 0.04060662
v 0.02111043 0.03161219 0.04046194
v 0.01411785 0.03167833 0.04060682
v 0.02099119 0.03139926 0.04074110
v 0.01411785 0.03167833 0.04060682
v 0.01419171 0.03152646 0.04076437
v 0.02099119 0.03139926 0.04074110
v 0.02105791 0.03152147 0.04060662
v 0.01411785 0.03167833 0.04060682
v 0.02091996 0.03126426 0.04084500
v 0.01419171 0.03152646 0.04076437
v 0.01428351 0.03133005 0.04089283
v 0.02091996 0.03126426 0.04084500
v 0.02099119 0.03139926 0.04074110
v 0.01419171 0.03152646 0.04076437
v 0.02085294 0.03113527 0.04091462
v 0.01428351 0.03133005 0.04089283
v 0.01438313 0.03111497 0.04097124
v 0.02085294 0.03113527 0.04091462
v 0.02091996 0.03126426 0.04084500
v 0.01428351 0.03133005 0.04089283
v 0.02077837 0.03099164 0.04096577
v 0.02085294 0.03113527 0.04091462
v 0.01438313 0.03111497 0.04097124
v 0.02064172 0.03073569 0.04100000
v 0.01438313 0.03111497 0.04097124
v 0.01449799 0.03087468 0.04100000
v 0.02064172 0.03073569 0.04100000
v 0.02077837 0.03099164 0.04096577
v 0.01438313 0.03111497 0.04097124
v 0.01371515 0.01924544 0.03600000
v 0.01371515 0.01924544 0.04000000
v 0.01369442 0.01924809 0.04000000
v 0.01369442 0.01924809 0.03600000
v 0.01369442 0.01924809 0.04000000
v 0.01367469 0.01925500 0.04000000
v 0.01369442 0.01924809 0.03600000
v 0.01367469 0.01925500 0.03600000
v 0.01367469 0.01925500 0.04000000
v 0.01365682 0.01926586 0.04000000
v 0.01367469 0.01925500 0.03600000
v 0.01365682 0.01926586 0.03600000
v 0.01365682 0.01926586 0.04000000
v 0.01364161 0.01928020 0.04000000
v 0.01365682 0.01926586 0.03600000
v 0.01364161 0.01928020 0.03600000
v 0.01364161 0.01928020 0.04000000
v 0.01362970 0.01929738 0.04000000
v 0.01364161 0.01928020 0.03600000
v 0.01362970 0.01929738 0.03600000
v 0.01017208 0.02561496 0.03600000
v 0.01017908 0.02559903 0.03600000
v 0.01017908 0.02559903 0.04000000
v 0.01017208 0.02561496 0.03600000
v 0.01017908 0.02559903 0.04000000
v 0.01016993 0.02562221 0.04000000
v 0.01016787 0.02563242 0.03600000
v 0.01016993 0.02562221 0.04000000
v 0.01016681 0.02564521 0.04000000
v 0.01016787 0.02563242 0.03600000
v 0.01017208 0.02561496 0.03600000
v 0.01016993 0.02562221 0.04000000
v 0.01016700 0.02565342 0.03600000
v 0.01016681 0.02564521 0.04000000
v 0.01016864 0.02566615 0.04000000
v 0.01016700 0.02565342 0.03600000
v 0.01016787 0.02563242 0.03600000
v 0.01016681 0.02564521 0.04000000
v 0.01017115 0.02567626 0.03600000
v 0.01016864 0.02566615 0.04000000
v 0.01017363 0.02568340 0.04000000
v 0.01017115 0.02567626 0.03600000
v 0.01016700 0.02565342 0.03600000
v 0.01016864 0.02566615 0.04000000
v 0.01018135 0.02569900 0.03600000
v 0.01017363 0.02568340 0.04000000
v 0.01018135 0.02569900 0.04000000
v 0.01018135 0.02569900 0.03600000
v 0.01017115 0.02567626 0.03600000
v 0.01017363 0.02568340 0.04000000
v 0.01392372 0.03185218 0.03600000
v 0.01391342 0.03183814 0.03600000
v 0.01391342 0.03183814 0.04000000
v 0.01392372 0.03185218 0.03600000
v 0.01391342 0.03183814 0.04000000
v 0.01392892 0.03185766 0.04000000
v 0.01393673 0.03186455 0.03600000
v 0.01392892 0.03185766 0.04000000
v 0.01394728 0.03187187 0.04000000
v 0.01393673 0.03186455 0.03600000
v 0.01392372 0.03185218 0.03600000
v 0.01392892 0.03185766 0.04000000
v 0.01395448 0.03187581 0.03600000
v 0.01394728 0.03187187 0.04000000
v 0.01396632 0.03188076 0.04000000
v 0.01395448 0.03187581 0.03600000
v 0.01393673 0.03186455 0.03600000
v 0.01394728 0.03187187 0.04000000
v 0.01397634 0.03188363 0.03600000
v 0.01396632 0.03188076 0.04000000
v 0.01398376 0.03188505 0.04000000
v 0.01397634 0.03188363 0.03600000
v 0.01395448 0.03187581 0.03600000
v 0.01396632 0.03188076 0.04000000
v 0.01400113 0.03188617 0.03600000
v 0.01398376 0.03188505 0.04000000
v 0.01400113 0.03188617 0.04000000
v 0.01400113 0.03188617 0.03600000
v 0.01397634 0.03188363 0.03600000
v 0.01398376 0.03188505 0.04000000
v 0.01409574 0.03166470 0.04061634
v 0.01408453 0.03165683 0.04062151
v 0.01408461 0.03165668 0.04062170
v 0.01409574 0.03166470 0.04061634
v 0.01411785 0.03167833 0.04060682
v 0.01409566 0.03166486 0.04061615
v 0.01412612 0.03151742 0.04075161
v 0.01405445 0.03164112 0.04061905
v 0.01409805 0.03150911 0.04074110
v 0.01414033 0.03152240 0.04075539
v 0.01405445 0.03164112 0.04061905
v 0.01412612 0.03151742 0.04075161
v 0.01414033 0.03152240 0.04075539
v 0.01407068 0.03164849 0.04062325
v 0.01415169 0.03152966 0.04075399
v 0.01407068 0.03164849 0.04062325
v 0.01414033 0.03152240 0.04075539
v 0.01415169 0.03152966 0.04075399
v 0.01408461 0.03165668 0.04062170
v 0.01407068 0.03164849 0.04062325
v 0.01416022 0.03153791 0.04074916
v 0.01408461 0.03165668 0.04062170
v 0.01415169 0.03152966 0.04075399
v 0.01416022 0.03153791 0.04074916
v 0.01419171 0.03152646 0.04076437
v 0.01411785 0.03167833 0.04060682
v 0.01416022 0.03153791 0.04074916
v 0.01411785 0.03167833 0.04060682
v 0.01409574 0.03166470 0.04061634
v 0.01416022 0.03153791 0.04074916
v 0.01409574 0.03166470 0.04061634
v 0.01408461 0.03165668 0.04062170
v 0.01391501 0.03183414 0.04008285
v 0.01392892 0.03185766 0.04000000
v 0.01391342 0.03183814 0.04000000
v 0.01391501 0.03183414 0.04008285
v 0.01394728 0.03187187 0.04000000
v 0.01392892 0.03185766 0.04000000
v 0.01415500 0.03149583 0.04077789
v 0.01409805 0.03150911 0.04074110
v 0.01417935 0.03137993 0.04084500
v 0.01391501 0.03183414 0.04008285
v 0.01396632 0.03188076 0.04000000
v 0.01394728 0.03187187 0.04000000
v 0.01391501 0.03183414 0.04008285
v 0.01398376 0.03188505 0.04000000
v 0.01396632 0.03188076 0.04000000
v 0.01415500 0.03149583 0.04077789
v 0.01412612 0.03151742 0.04075161
v 0.01409805 0.03150911 0.04074110
v 0.01391501 0.03183414 0.04008285
v 0.01400113 0.03188617 0.04000000
v 0.01398376 0.03188505 0.04000000
v 0.01415500 0.03149583 0.04077789
v 0.01414033 0.03152240 0.04075539
v 0.01412612 0.03151742 0.04075161
v 0.01416585 0.03150286 0.04077657
v 0.01415169 0.03152966 0.04075399
v 0.01414033 0.03152240 0.04075539
v 0.01415500 0.03149583 0.04077789
v 0.01417390 0.03151102 0.04077194
v 0.01416022 0.03153791 0.04074916
v 0.01415169 0.03152966 0.04075399
v 0.01417390 0.03151102 0.04077194
v 0.01419171 0.03152646 0.04076437
v 0.01416022 0.03153791 0.04074916
v 0.01401510 0.03186547 0.04020088
v 0.01391501 0.03183414 0.04008285
v 0.01392036 0.03182176 0.04016934
v 0.01417390 0.03151102 0.04077194
v 0.01415169 0.03152966 0.04075399
v 0.01416585 0.03150286 0.04077657
v 0.01420310 0.03138450 0.04085221
v 0.01415500 0.03149583 0.04077789
v 0.01417935 0.03137993 0.04084500
v 0.01401510 0.03186547 0.04020088
v 0.01400113 0.03188617 0.04000000
v 0.01391501 0.03183414 0.04008285
v 0.01420310 0.03138450 0.04085221
v 0.01417935 0.03137993 0.04084500
v 0.01428351 0.03133005 0.04089283
v 0.01421468 0.03138778 0.04085500
v 0.01420310 0.03138450 0.04085221
v 0.01428351 0.03133005 0.04089283
v 0.01421468 0.03138778 0.04085500
v 0.01415500 0.03149583 0.04077789
v 0.01420310 0.03138450 0.04085221
v 0.01422350 0.03139374 0.04085398
v 0.01416585 0.03150286 0.04077657
v 0.01415500 0.03149583 0.04077789
v 0.01405681 0.03179454 0.04041533
v 0.01401510 0.03186547 0.04020088
v 0.01393906 0.03178290 0.04031411
v 0.01422350 0.03139374 0.04085398
v 0.01415500 0.03149583 0.04077789
v 0.01421468 0.03138778 0.04085500
v 0.01422350 0.03139374 0.04085398
v 0.01421468 0.03138778 0.04085500
v 0.01428351 0.03133005 0.04089283
v 0.01422981 0.03140112 0.04085040
v 0.01416585 0.03150286 0.04077657
v 0.01422350 0.03139374 0.04085398
v 0.01422981 0.03140112 0.04085040
v 0.01419171 0.03152646 0.04076437
v 0.01417390 0.03151102 0.04077194
v 0.01422981 0.03140112 0.04085040
v 0.01417390 0.03151102 0.04077194
v 0.01416585 0.03150286 0.04077657
v 0.01422981 0.03140112 0.04085040
v 0.01428351 0.03133005 0.04089283
v 0.01419171 0.03152646 0.04076437
v 0.01422981 0.03140112 0.04085040
v 0.01422350 0.03139374 0.04085398
v 0.01428351 0.03133005 0.04089283
v 0.01427526 0.03125984 0.04091885
v 0.01428351 0.03133005 0.04089283
v 0.01425756 0.03125739 0.04091462
v 0.01428409 0.03126209 0.04092060
v 0.01428351 0.03133005 0.04089283
v 0.01427526 0.03125984 0.04091885
v 0.01429067 0.03126664 0.04091996
v 0.01428351 0.03133005 0.04089283
v 0.01428409 0.03126209 0.04092060
v 0.01429529 0.03127249 0.04091770
v 0.01438313 0.03111497 0.04097124
v 0.01428351 0.03133005 0.04089283
v 0.01429529 0.03127249 0.04091770
v 0.01428351 0.03133005 0.04089283
v 0.01429067 0.03126664 0.04091996
v 0.01435492 0.03112215 0.04096757
v 0.01425756 0.03125739 0.04091462
v 0.01434466 0.03112100 0.04096577
v 0.01428351 0.03133005 0.04089283
v 0.01417935 0.03137993 0.04084500
v 0.01425756 0.03125739 0.04091462
v 0.01435492 0.03112215 0.04096757
v 0.01427526 0.03125984 0.04091885
v 0.01425756 0.03125739 0.04091462
v 0.01435492 0.03112215 0.04096757
v 0.01434466 0.03112100 0.04096577
v 0.01438313 0.03111497 0.04097124
v 0.01436054 0.03112364 0.04096834
v 0.01428409 0.03126209 0.04092060
v 0.01427526 0.03125984 0.04091885
v 0.01436054 0.03112364 0.04096834
v 0.01435492 0.03112215 0.04096757
v 0.01438313 0.03111497 0.04097124
v 0.01436054 0.03112364 0.04096834
v 0.01427526 0.03125984 0.04091885
v 0.01436475 0.03112653 0.04096806
v 0.01436054 0.03112364 0.04096834
v 0.01438313 0.03111497 0.04097124
v 0.01436475 0.03112653 0.04096806
v 0.01429067 0.03126664 0.04091996
v 0.01428409 0.03126209 0.04092060
v 0.01436475 0.03112653 0.04096806
v 0.01428409 0.03126209 0.04092060
v 0.01436054 0.03112364 0.04096834
v 0.01436775 0.03113022 0.04096706
v 0.01438313 0.03111497 0.04097124
v 0.01429529 0.03127249 0.04091770
v 0.01436775 0.03113022 0.04096706
v 0.01429529 0.03127249 0.04091770
v 0.01429067 0.03126664 0.04091996
v 0.01436775 0.03113022 0.04096706
v 0.01436475 0.03112653 0.04096806
v 0.01438313 0.03111497 0.04097124
v 0.01449799 0.03087468 0.04100000
v 0.01438313 0.03111497 0.04097124
v 0.01434466 0.03112100 0.04096577
v 0.01436775 0.03113022 0.04096706
v 0.01429067 0.03126664 0.04091996
v 0.01436475 0.03112653 0.04096806
v 0.01396000 0.03184885 0.04020716
v 0.01392036 0.03182176 0.04016934
v 0.01393906 0.03178290 0.04031411
v 0.01397847 0.03185774 0.04020655
v 0.01396000 0.03184885 0.04020716
v 0.01393906 0.03178290 0.04031411
v 0.01397847 0.03185774 0.04020655
v 0.01392036 0.03182176 0.04016934
v 0.01396000 0.03184885 0.04020716
v 0.01399513 0.03186267 0.04020447
v 0.01401510 0.03186547 0.04020088
v 0.01392036 0.03182176 0.04016934
v 0.01399513 0.03186267 0.04020447
v 0.01397847 0.03185774 0.04020655
v 0.01393906 0.03178290 0.04031411
v 0.01399513 0.03186267 0.04020447
v 0.01392036 0.03182176 0.04016934
v 0.01397847 0.03185774 0.04020655
v 0.01399513 0.03186267 0.04020447
v 0.01393906 0.03178290 0.04031411
v 0.01401510 0.03186547 0.04020088
v 0.01400294 0.03177112 0.04042914
v 0.01393906 0.03178290 0.04031411
v 0.01397327 0.03171884 0.04046194
v 0.01401957 0.03177986 0.04042785
v 0.01393906 0.03178290 0.04031411
v 0.01400294 0.03177112 0.04042914
v 0.01403386 0.03178645 0.04042342
v 0.01393906 0.03178290 0.04031411
v 0.01401957 0.03177986 0.04042785
v 0.01403386 0.03178645 0.04042342
v 0.01405681 0.03179454 0.04041533
v 0.01393906 0.03178290 0.04031411
v 0.01399921 0.03173643 0.04047314
v 0.01400294 0.03177112 0.04042914
v 0.01397327 0.03171884 0.04046194
v 0.01401664 0.03174632 0.04047691
v 0.01400294 0.03177112 0.04042914
v 0.01399921 0.03173643 0.04047314
v 0.01403270 0.03175499 0.04047552
v 0.01400294 0.03177112 0.04042914
v 0.01401664 0.03174632 0.04047691
v 0.01401957 0.03177986 0.04042785
v 0.01404630 0.03176198 0.04047072
v 0.01411785 0.03167833 0.04060682
v 0.01405681 0.03179454 0.04041533
v 0.01404630 0.03176198 0.04047072
v 0.01405681 0.03179454 0.04041533
v 0.01403386 0.03178645 0.04042342
v 0.01404630 0.03176198 0.04047072
v 0.01403386 0.03178645 0.04042342
v 0.01401957 0.03177986 0.04042785
v 0.01404630 0.03176198 0.04047072
v 0.01401957 0.03177986 0.04042785
v 0.01403270 0.03175499 0.04047552
v 0.01405437 0.03164127 0.04061886
v 0.01397327 0.03171884 0.04046194
v 0.01402558 0.03162799 0.04060662
v 0.01405437 0.03164127 0.04061886
v 0.01399921 0.03173643 0.04047314
v 0.01397327 0.03171884 0.04046194
v 0.01405445 0.03164112 0.04061905
v 0.01402558 0.03162799 0.04060662
v 0.01409805 0.03150911 0.04074110
v 0.01405445 0.03164112 0.04061905
v 0.01405437 0.03164127 0.04061886
v 0.01402558 0.03162799 0.04060662
v 0.01407059 0.03164865 0.04062306
v 0.01399921 0.03173643 0.04047314
v 0.01405437 0.03164127 0.04061886
v 0.01407059 0.03164865 0.04062306
v 0.01401664 0.03174632 0.04047691
v 0.01399921 0.03173643 0.04047314
v 0.01407068 0.03164849 0.04062325
v 0.01405437 0.03164127 0.04061886
v 0.01405445 0.03164112 0.04061905
v 0.01407068 0.03164849 0.04062325
v 0.01407059 0.03164865 0.04062306
v 0.01405437 0.03164127 0.04061886
v 0.01408453 0.03165683 0.04062151
v 0.01403270 0.03175499 0.04047552
v 0.01401664 0.03174632 0.04047691
v 0.01408453 0.03165683 0.04062151
v 0.01401664 0.03174632 0.04047691
v 0.01407059 0.03164865 0.04062306
v 0.01408461 0.03165668 0.04062170
v 0.01407059 0.03164865 0.04062306
v 0.01407068 0.03164849 0.04062325
v 0.01408461 0.03165668 0.04062170
v 0.01408453 0.03165683 0.04062151
v 0.01407059 0.03164865 0.04062306
v 0.01409566 0.03166486 0.04061615
v 0.01403270 0.03175499 0.04047552
v 0.01408453 0.03165683 0.04062151
v 0.01409566 0.03166486 0.04061615
v 0.01411785 0.03167833 0.04060682
v 0.01404630 0.03176198 0.04047072
v 0.01409566 0.03166486 0.04061615
v 0.01404630 0.03176198 0.04047072
v 0.01403270 0.03175499 0.04047552
v 0.01409574 0.03166470 0.04061634
v 0.01409566 0.03166486 0.04061615
v 0.01408453 0.03165683 0.04062151
v 0.02430277 0.02532310 0.04077744
v 0.02433310 0.02532213 0.04075491
v 0.02433340 0.02533552 0.04075491
v 0.02430306 0.02533592 0.04077744
v 0.02430557 0.02531023 0.04077310
v 0.02431082 0.02528492 0.04076437
v 0.02433574 0.02530872 0.04075037
v 0.02433310 0.02532213 0.04075491
v 0.02430557 0.02531023 0.04077310
v 0.02433310 0.02532213 0.04075491
v 0.02430277 0.02532310 0.04077744
v 0.02418311 0.02534806 0.04085130
v 0.02430306 0.02533592 0.04077744
v 0.02419010 0.02536889 0.04084500
v 0.02418311 0.02534806 0.04085130
v 0.02419010 0.02536889 0.04084500
v 0.02409482 0.02530363 0.04089283
v 0.02417965 0.02533757 0.04085465
v 0.02430306 0.02533592 0.04077744
v 0.02418311 0.02534806 0.04085130
v 0.02417965 0.02533757 0.04085465
v 0.02418311 0.02534806 0.04085130
v 0.02409482 0.02530363 0.04089283
v 0.02417941 0.02532703 0.04085465
v 0.02417965 0.02533757 0.04085465
v 0.02409482 0.02530363 0.04089283
v 0.02417941 0.02532703 0.04085465
v 0.02430277 0.02532310 0.04077744
v 0.02430306 0.02533592 0.04077744
v 0.02417965 0.02533757 0.04085465
v 0.02418240 0.02531639 0.04085130
v 0.02430557 0.02531023 0.04077310
v 0.02430277 0.02532310 0.04077744
v 0.02418240 0.02531639 0.04085130
v 0.02430277 0.02532310 0.04077744
v 0.02417941 0.02532703 0.04085465
v 0.02471562 0.02537072 0.04008285
v 0.02471763 0.02527011 0.04000000
v 0.02472656 0.02528902 0.04000000
v 0.02418240 0.02531639 0.04085130
v 0.02417941 0.02532703 0.04085465
v 0.02409482 0.02530363 0.04089283
v 0.02471562 0.02537072 0.04008285
v 0.02472656 0.02528902 0.04000000
v 0.02473137 0.02530936 0.04000000
v 0.02418240 0.02531639 0.04085130
v 0.02409482 0.02530363 0.04089283
v 0.02431082 0.02528492 0.04076437
v 0.02471562 0.02537072 0.04008285
v 0.02473137 0.02530936 0.04000000
v 0.02473184 0.02533026 0.04000000
v 0.02418240 0.02531639 0.04085130
v 0.02431082 0.02528492 0.04076437
v 0.02430557 0.02531023 0.04077310
v 0.02471562 0.02537072 0.04008285
v 0.02473184 0.02533026 0.04000000
v 0.02472796 0.02535080 0.04000000
v 0.02471562 0.02537072 0.04008285
v 0.02472796 0.02535080 0.04000000
v 0.02471989 0.02537009 0.04000000
v 0.02403892 0.02534741 0.04091827
v 0.02409482 0.02530363 0.04089283
v 0.02404487 0.02536243 0.04091462
v 0.02403602 0.02533951 0.04092038
v 0.02409482 0.02530363 0.04089283
v 0.02403892 0.02534741 0.04091827
v 0.02403584 0.02533159 0.04092038
v 0.02409482 0.02530363 0.04089283
v 0.02403602 0.02533951 0.04092038
v 0.02469271 0.02526837 0.04020088
v 0.02471562 0.02537072 0.04008285
v 0.02470223 0.02537227 0.04016934
v 0.02403838 0.02532357 0.04091827
v 0.02409482 0.02530363 0.04089283
v 0.02403584 0.02533159 0.04092038
v 0.02469271 0.02526837 0.04020088
v 0.02471763 0.02527011 0.04000000
v 0.02471562 0.02537072 0.04008285
v 0.02403838 0.02532357 0.04091827
v 0.02385874 0.02532490 0.04097124
v 0.02409482 0.02530363 0.04089283
v 0.02387955 0.02534671 0.04096732
v 0.02404487 0.02536243 0.04091462
v 0.02388320 0.02535520 0.04096577
v 0.02387955 0.02534671 0.04096732
v 0.02403892 0.02534741 0.04091827
v 0.02404487 0.02536243 0.04091462
v 0.02387955 0.02534671 0.04096732
v 0.02388320 0.02535520 0.04096577
v 0.02385874 0.02532490 0.04097124
v 0.02387776 0.02534166 0.04096824
v 0.02403892 0.02534741 0.04091827
v 0.02387955 0.02534671 0.04096732
v 0.02387776 0.02534166 0.04096824
v 0.02403602 0.02533951 0.04092038
v 0.02403892 0.02534741 0.04091827
v 0.02461044 0.02526771 0.04041533
v 0.02469271 0.02526837 0.04020088
v 0.02465923 0.02537550 0.04031411
v 0.02387776 0.02534166 0.04096824
v 0.02387955 0.02534671 0.04096732
v 0.02385874 0.02532490 0.04097124
v 0.02387764 0.02533661 0.04096824
v 0.02403602 0.02533951 0.04092038
v 0.02387776 0.02534166 0.04096824
v 0.02403584 0.02533159 0.04092038
v 0.02387764 0.02533661 0.04096824
v 0.02387776 0.02534166 0.04096824
v 0.02385874 0.02532490 0.04097124
v 0.02387921 0.02533147 0.04096732
v 0.02403838 0.02532357 0.04091827
v 0.02403584 0.02533159 0.04092038
v 0.02387921 0.02533147 0.04096732
v 0.02385874 0.02532490 0.04097124
v 0.02403838 0.02532357 0.04091827
v 0.02387921 0.02533147 0.04096732
v 0.02403584 0.02533159 0.04092038
v 0.02387764 0.02533661 0.04096824
v 0.02387921 0.02533147 0.04096732
v 0.02387764 0.02533661 0.04096824
v 0.02385874 0.02532490 0.04097124
v 0.02447927 0.02527296 0.04060682
v 0.02461044 0.02526771 0.04041533
v 0.02458664 0.02537791 0.04046194
v 0.02409482 0.02530363 0.04089283
v 0.02419010 0.02536889 0.04084500
v 0.02404487 0.02536243 0.04091462
v 0.02359322 0.02534557 0.04100000
v 0.02385874 0.02532490 0.04097124
v 0.02388320 0.02535520 0.04096577
v 0.02470564 0.02533060 0.04020695
v 0.02470223 0.02537227 0.04016934
v 0.02465923 0.02537550 0.04031411
v 0.02470518 0.02531020 0.04020695
v 0.02470564 0.02533060 0.04020695
v 0.02465923 0.02537550 0.04031411
v 0.02470518 0.02531020 0.04020695
v 0.02470223 0.02537227 0.04016934
v 0.02470564 0.02533060 0.04020695
v 0.02470126 0.02529030 0.04020499
v 0.02469271 0.02526837 0.04020088
v 0.02470223 0.02537227 0.04016934
v 0.02470126 0.02529030 0.04020499
v 0.02465923 0.02537550 0.04031411
v 0.02469271 0.02526837 0.04020088
v 0.02470126 0.02529030 0.04020499
v 0.02470223 0.02537227 0.04016934
v 0.02470518 0.02531020 0.04020695
v 0.02470126 0.02529030 0.04020499
v 0.02470518 0.02531020 0.04020695
v 0.02465923 0.02537550 0.04031411
v 0.02461668 0.02531305 0.04042870
v 0.02465923 0.02537550 0.04031411
v 0.02458664 0.02537791 0.04046194
v 0.02461524 0.02529465 0.04042452
v 0.02465923 0.02537550 0.04031411
v 0.02461668 0.02531305 0.04042870
v 0.02461524 0.02529465 0.04042452
v 0.02461668 0.02531305 0.04042870
v 0.02458664 0.02537791 0.04046194
v 0.02461524 0.02529465 0.04042452
v 0.02461044 0.02526771 0.04041533
v 0.02465923 0.02537550 0.04031411
v 0.02461524 0.02529465 0.04042452
v 0.02458664 0.02537791 0.04046194
v 0.02461044 0.02526771 0.04041533
v 0.02447942 0.02534950 0.04061749
v 0.02458664 0.02537791 0.04046194
v 0.02448181 0.02537803 0.04060662
v 0.02447925 0.02534950 0.04061768
v 0.02448181 0.02537803 0.04060662
v 0.02434262 0.02537471 0.04074110
v 0.02447925 0.02534950 0.04061768
v 0.02447942 0.02534950 0.04061749
v 0.02448181 0.02537803 0.04060662
v 0.02447747 0.02533360 0.04062253
v 0.02458664 0.02537791 0.04046194
v 0.02447942 0.02534950 0.04061749
v 0.02447729 0.02533361 0.04062272
v 0.02447942 0.02534950 0.04061749
v 0.02447925 0.02534950 0.04061768
v 0.02447747 0.02533360 0.04062253
v 0.02447711 0.02531753 0.04062253
v 0.02458664 0.02537791 0.04046194
v 0.02447747 0.02533360 0.04062253
v 0.02447693 0.02531753 0.04062272
v 0.02447711 0.02531753 0.04062253
v 0.02447747 0.02533360 0.04062253
v 0.02447729 0.02533361 0.04062272
v 0.02447833 0.02530155 0.04061749
v 0.02447927 0.02527296 0.04060682
v 0.02458664 0.02537791 0.04046194
v 0.02447833 0.02530155 0.04061749
v 0.02458664 0.02537791 0.04046194
v 0.02447711 0.02531753 0.04062253
v 0.02447816 0.02530156 0.04061768
v 0.02447927 0.02527296 0.04060682
v 0.02447833 0.02530155 0.04061749
v 0.02447816 0.02530156 0.04061768
v 0.02447711 0.02531753 0.04062253
v 0.02447693 0.02531753 0.04062272
v 0.02447816 0.02530156 0.04061768
v 0.02447833 0.02530155 0.04061749
v 0.02447711 0.02531753 0.04062253
v 0.02433665 0.02534879 0.04075037
v 0.02447925 0.02534950 0.04061768
v 0.02434262 0.02537471 0.04074110
v 0.02433340 0.02533552 0.04075491
v 0.02447729 0.02533361 0.04062272
v 0.02447925 0.02534950 0.04061768
v 0.02433340 0.02533552 0.04075491
v 0.02447925 0.02534950 0.04061768
v 0.02433665 0.02534879 0.04075037
v 0.02433310 0.02532213 0.04075491
v 0.02447693 0.02531753 0.04062272
v 0.02447729 0.02533361 0.04062272
v 0.02433340 0.02533552 0.04075491
v 0.02433574 0.02530872 0.04075037
v 0.02431082 0.02528492 0.04076437
v 0.02447927 0.02527296 0.04060682
v 0.02433574 0.02530872 0.04075037
v 0.02447927 0.02527296 0.04060682
v 0.02447816 0.02530156 0.04061768
v 0.02433574 0.02530872 0.04075037
v 0.02447816 0.02530156 0.04061768
v 0.02447693 0.02531753 0.04062272
v 0.02433574 0.02530872 0.04075037
v 0.02447693 0.02531753 0.04062272
v 0.02433310 0.02532213 0.04075491
v 0.02430306 0.02533592 0.04077744
v 0.02434262 0.02537471 0.04074110
v 0.02419010 0.02536889 0.04084500
v 0.02430306 0.02533592 0.04077744
v 0.02433665 0.02534879 0.04075037
v 0.02434262 0.02537471 0.04074110
v 0.02430306 0.02533592 0.04077744
v 0.02433340 0.02533552 0.04075491
v 0.02433665 0.02534879 0.04075037
v 0.02073631 0.01946871 0.04077744
v 0.02075063 0.01944197 0.04075491
v 0.02076237 0.01944839 0.04075491
v 0.02074755 0.01947487 0.04077744
v 0.02072656 0.01945985 0.04077310
v 0.02070727 0.01944265 0.04076437
v 0.02074033 0.01943297 0.04075037
v 0.02075063 0.01944197 0.04075491
v 0.02072656 0.01945985 0.04077310
v 0.02075063 0.01944197 0.04075491
v 0.02073631 0.01946871 0.04077744
v 0.02069809 0.01958482 0.04085130
v 0.02074755 0.01947487 0.04077744
v 0.02071962 0.01958918 0.04084500
v 0.02069809 0.01958482 0.04085130
v 0.02071962 0.01958918 0.04084500
v 0.02061547 0.01963906 0.04089283
v 0.02068727 0.01958258 0.04085465
v 0.02074755 0.01947487 0.04077744
v 0.02069809 0.01958482 0.04085130
v 0.02068727 0.01958258 0.04085465
v 0.02069809 0.01958482 0.04085130
v 0.02061547 0.01963906 0.04089283
v 0.02067803 0.01957751 0.04085465
v 0.02068727 0.01958258 0.04085465
v 0.02061547 0.01963906 0.04089283
v 0.02067803 0.01957751 0.04085465
v 0.02073631 0.01946871 0.04077744
v 0.02074755 0.01947487 0.04077744
v 0.02068727 0.01958258 0.04085465
v 0.02067031 0.01956960 0.04085130
v 0.02072656 0.01945985 0.04077310
v 0.02073631 0.01946871 0.04077744
v 0.02067031 0.01956960 0.04085130
v 0.02073631 0.01946871 0.04077744
v 0.02067803 0.01957751 0.04085465
v 0.02098397 0.01913498 0.04008285
v 0.02097289 0.01911434 0.04000000
v 0.02098556 0.01913097 0.04000000
v 0.02067031 0.01956960 0.04085130
v 0.02067803 0.01957751 0.04085465
v 0.02061547 0.01963906 0.04089283
v 0.02098397 0.01913498 0.04008285
v 0.02095704 0.01910070 0.04000000
v 0.02097289 0.01911434 0.04000000
v 0.02067031 0.01956960 0.04085130
v 0.02061547 0.01963906 0.04089283
v 0.02070727 0.01944265 0.04076437
v 0.02098397 0.01913498 0.04008285
v 0.02093871 0.01909066 0.04000000
v 0.02095704 0.01910070 0.04000000
v 0.02067031 0.01956960 0.04085130
v 0.02070727 0.01944265 0.04076437
v 0.02072656 0.01945985 0.04077310
v 0.02098397 0.01913498 0.04008285
v 0.02091868 0.01908466 0.04000000
v 0.02093871 0.01909066 0.04000000
v 0.02098397 0.01913498 0.04008285
v 0.02089785 0.01908294 0.04000000
v 0.02091868 0.01908466 0.04000000
v 0.02062543 0.01970937 0.04091827
v 0.02061547 0.01963906 0.04089283
v 0.02064142 0.01971173 0.04091462
v 0.02061714 0.01970793 0.04092038
v 0.02061547 0.01963906 0.04089283
v 0.02062543 0.01970937 0.04091827
v 0.02061019 0.01970413 0.04092038
v 0.02061547 0.01963906 0.04089283
v 0.02061714 0.01970793 0.04092038
v 0.02088388 0.01910365 0.04020088
v 0.02098397 0.01913498 0.04008285
v 0.02097862 0.01914736 0.04016934
v 0.02060452 0.01969792 0.04091827
v 0.02061547 0.01963906 0.04089283
v 0.02061019 0.01970413 0.04092038
v 0.02088388 0.01910365 0.04020088
v 0.02089785 0.01908294 0.04000000
v 0.02098397 0.01913498 0.04008285
v 0.02060452 0.01969792 0.04091827
v 0.02051584 0.01985415 0.04097124
v 0.02061547 0.01963906 0.04089283
v 0.02054515 0.01984704 0.04096732
v 0.02064142 0.01971173 0.04091462
v 0.02055432 0.01984812 0.04096577
v 0.02054515 0.01984704 0.04096732
v 0.02062543 0.01970937 0.04091827
v 0.02064142 0.01971173 0.04091462
v 0.02054515 0.01984704 0.04096732
v 0.02055432 0.01984812 0.04096577
v 0.02051584 0.01985415 0.04097124
v 0.02053987 0.01984606 0.04096824
v 0.02062543 0.01970937 0.04091827
v 0.02054515 0.01984704 0.04096732
v 0.02053987 0.01984606 0.04096824
v 0.02061714 0.01970793 0.04092038
v 0.02062543 0.01970937 0.04091827
v 0.02084217 0.01917457 0.04041533
v 0.02088388 0.01910365 0.04020088
v 0.02095991 0.01918621 0.04031411
v 0.02053987 0.01984606 0.04096824
v 0.02054515 0.01984704 0.04096732
v 0.02051584 0.01985415 0.04097124
v 0.02053543 0.01984364 0.04096824
v 0.02061714 0.01970793 0.04092038
v 0.02053987 0.01984606 0.04096824
v 0.02061019 0.01970413 0.04092038
v 0.02053543 0.01984364 0.04096824
v 0.02053987 0.01984606 0.04096824
v 0.02051584 0.01985415 0.04097124
v 0.02053177 0.01983971 0.04096732
v 0.02060452 0.01969792 0.04091827
v 0.02061019 0.01970413 0.04092038
v 0.02053177 0.01983971 0.04096732
v 0.02051584 0.01985415 0.04097124
v 0.02060452 0.01969792 0.04091827
v 0.02053177 0.01983971 0.04096732
v 0.02061019 0.01970413 0.04092038
v 0.02053543 0.01984364 0.04096824
v 0.02053177 0.01983971 0.04096732
v 0.02053543 0.01984364 0.04096824
v 0.02051584 0.01985415 0.04097124
v 0.02078113 0.01929079 0.04060682
v 0.02084217 0.01917457 0.04041533
v 0.02092570 0.01925027 0.04046194
v 0.02061547 0.01963906 0.04089283
v 0.02071962 0.01958918 0.04084500
v 0.02064142 0.01971173 0.04091462
v 0.02040098 0.02009444 0.04100000
v 0.02051584 0.01985415 0.04097124
v 0.02055432 0.01984812 0.04096577
v 0.02094424 0.01912356 0.04020695
v 0.02097862 0.01914736 0.04016934
v 0.02095991 0.01918621 0.04031411
v 0.02092634 0.01911376 0.04020695
v 0.02097862 0.01914736 0.04016934
v 0.02094424 0.01912356 0.04020695
v 0.02092634 0.01911376 0.04020695
v 0.02094424 0.01912356 0.04020695
v 0.02095991 0.01918621 0.04031411
v 0.02090714 0.01910721 0.04020499
v 0.02097862 0.01914736 0.04016934
v 0.02092634 0.01911376 0.04020695
v 0.02090714 0.01910721 0.04020499
v 0.02088388 0.01910365 0.04020088
v 0.02097862 0.01914736 0.04016934
v 0.02090714 0.01910721 0.04020499
v 0.02095991 0.01918621 0.04031411
v 0.02088388 0.01910365 0.04020088
v 0.02090714 0.01910721 0.04020499
v 0.02092634 0.01911376 0.04020695
v 0.02095991 0.01918621 0.04031411
v 0.02088455 0.01919184 0.04042870
v 0.02095991 0.01918621 0.04031411
v 0.02092570 0.01925027 0.04046194
v 0.02086790 0.01918388 0.04042452
v 0.02095991 0.01918621 0.04031411
v 0.02088455 0.01919184 0.04042870
v 0.02086790 0.01918388 0.04042452
v 0.02088455 0.01919184 0.04042870
v 0.02092570 0.01925027 0.04046194
v 0.02086790 0.01918388 0.04042452
v 0.02084217 0.01917457 0.04041533
v 0.02095991 0.01918621 0.04031411
v 0.02086790 0.01918388 0.04042452
v 0.02092570 0.01925027 0.04046194
v 0.02084217 0.01917457 0.04041533
v 0.02084749 0.01932893 0.04061749
v 0.02092570 0.01925027 0.04046194
v 0.02087339 0.01934112 0.04060662
v 0.02084741 0.01932908 0.04061768
v 0.02087339 0.01934112 0.04060662
v 0.02080092 0.01946000 0.04074110
v 0.02084741 0.01932908 0.04061768
v 0.02084749 0.01932893 0.04061749
v 0.02087339 0.01934112 0.04060662
v 0.02083275 0.01932267 0.04062253
v 0.02092570 0.01925027 0.04046194
v 0.02084749 0.01932893 0.04061749
v 0.02083266 0.01932282 0.04062272
v 0.02084749 0.01932893 0.04061749
v 0.02084741 0.01932908 0.04061768
v 0.02083266 0.01932282 0.04062272
v 0.02083275 0.01932267 0.04062253
v 0.02084749 0.01932893 0.04061749
v 0.02081864 0.01931495 0.04062253
v 0.02092570 0.01925027 0.04046194
v 0.02083275 0.01932267 0.04062253
v 0.02081856 0.01931510 0.04062272
v 0.02081864 0.01931495 0.04062253
v 0.02083275 0.01932267 0.04062253
v 0.02083266 0.01932282 0.04062272
v 0.02080543 0.01930590 0.04061749
v 0.02078113 0.01929079 0.04060682
v 0.02092570 0.01925027 0.04046194
v 0.02080543 0.01930590 0.04061749
v 0.02092570 0.01925027 0.04046194
v 0.02081864 0.01931495 0.04062253
v 0.02080535 0.01930605 0.04061768
v 0.02078113 0.01929079 0.04060682
v 0.02080543 0.01930590 0.04061749
v 0.02080535 0.01930605 0.04061768
v 0.02081864 0.01931495 0.04062253
v 0.02081856 0.01931510 0.04062272
v 0.02080543 0.01930590 0.04061749
v 0.02077549 0.01945222 0.04075037
v 0.02084741 0.01932908 0.04061768
v 0.02080092 0.01946000 0.04074110
v 0.02076237 0.01944839 0.04075491
v 0.02083266 0.01932282 0.04062272
v 0.02084741 0.01932908 0.04061768
v 0.02076237 0.01944839 0.04075491
v 0.02084741 0.01932908 0.04061768
v 0.02077549 0.01945222 0.04075037
v 0.02075063 0.01944197 0.04075491
v 0.02081856 0.01931510 0.04062272
v 0.02083266 0.01932282 0.04062272
v 0.02076237 0.01944839 0.04075491
v 0.02074033 0.01943297 0.04075037
v 0.02070727 0.01944265 0.04076437
v 0.02078113 0.01929079 0.04060682
v 0.02074033 0.01943297 0.04075037
v 0.02078113 0.01929079 0.04060682
v 0.02080535 0.01930605 0.04061768
v 0.02074033 0.01943297 0.04075037
v 0.02080535 0.01930605 0.04061768
v 0.02081856 0.01931510 0.04062272
v 0.02074033 0.01943297 0.04075037
v 0.02081856 0.01931510 0.04062272
v 0.02075063 0.01944197 0.04075491
v 0.02074755 0.01947487 0.04077744
v 0.02080092 0.01946000 0.04074110
v 0.02071962 0.01958918 0.04084500
v 0.02074755 0.01947487 0.04077744
v 0.02077549 0.01945222 0.04075037
v 0.02080092 0.01946000 0.04074110
v 0.02074755 0.01947487 0.04077744
v 0.02076237 0.01944839 0.04075491
v 0.02077549 0.01945222 0.04075037
v 0.02101596 0.03133895 0.04077744
v 0.02103196 0.03136472 0.04075491
v 0.02102052 0.03137168 0.04075491
v 0.02100500 0.03134561 0.04077744
v 0.02102850 0.03133494 0.04077310
v 0.02105304 0.03132683 0.04076437
v 0.02104489 0.03136031 0.04075037
v 0.02102850 0.03133494 0.04077310
v 0.02104489 0.03136031 0.04075037
v 0.02103196 0.03136472 0.04075491
v 0.02102850 0.03133494 0.04077310
v 0.02103196 0.03136472 0.04075491
v 0.02101596 0.03133895 0.04077744
v 0.02093451 0.03124780 0.04085130
v 0.02100500 0.03134561 0.04077744
v 0.02091996 0.03126426 0.04084500
v 0.02093451 0.03124780 0.04085130
v 0.02091996 0.03126426 0.04084500
v 0.02092884 0.03114912 0.04089283
v 0.02094186 0.03123955 0.04085465
v 0.02100500 0.03134561 0.04077744
v 0.02093451 0.03124780 0.04085130
v 0.02094186 0.03123955 0.04085465
v 0.02093451 0.03124780 0.04085130
v 0.02092884 0.03114912 0.04089283
v 0.02095087 0.03123408 0.04085465
v 0.02094186 0.03123955 0.04085465
v 0.02092884 0.03114912 0.04089283
v 0.02095087 0.03123408 0.04085465
v 0.02101596 0.03133895 0.04077744
v 0.02100500 0.03134561 0.04077744
v 0.02094186 0.03123955 0.04085465
v 0.02096158 0.03123134 0.04085130
v 0.02102850 0.03133494 0.04077310
v 0.02101596 0.03133895 0.04077744
v 0.02096158 0.03123134 0.04085130
v 0.02101596 0.03133895 0.04077744
v 0.02095087 0.03123408 0.04085465
v 0.02118114 0.03172029 0.04008285
v 0.02126927 0.03167173 0.04000000
v 0.02125737 0.03168892 0.04000000
v 0.02096158 0.03123134 0.04085130
v 0.02095087 0.03123408 0.04085465
v 0.02092884 0.03114912 0.04089283
v 0.02118114 0.03172029 0.04008285
v 0.02125737 0.03168892 0.04000000
v 0.02124215 0.03170325 0.04000000
v 0.02096158 0.03123134 0.04085130
v 0.02092884 0.03114912 0.04089283
v 0.02105304 0.03132683 0.04076437
v 0.02118114 0.03172029 0.04008285
v 0.02124215 0.03170325 0.04000000
v 0.02122429 0.03171411 0.04000000
v 0.02096158 0.03123134 0.04085130
v 0.02105304 0.03132683 0.04076437
v 0.02102850 0.03133494 0.04077310
v 0.02118114 0.03172029 0.04008285
v 0.02122429 0.03171411 0.04000000
v 0.02120456 0.03172102 0.04000000
v 0.02118114 0.03172029 0.04008285
v 0.02120456 0.03172102 0.04000000
v 0.02118382 0.03172368 0.04000000
v 0.02086298 0.03112260 0.04091827
v 0.02092884 0.03114912 0.04089283
v 0.02085294 0.03113527 0.04091462
v 0.02086837 0.03111613 0.04092038
v 0.02092884 0.03114912 0.04089283
v 0.02086298 0.03112260 0.04091827
v 0.02087513 0.03111202 0.04092038
v 0.02092884 0.03114912 0.04089283
v 0.02086837 0.03111613 0.04092038
v 0.02125833 0.03164928 0.04020088
v 0.02118114 0.03172029 0.04008285
v 0.02117310 0.03170947 0.04016934
v 0.02088335 0.03111021 0.04091827
v 0.02092884 0.03114912 0.04089283
v 0.02087513 0.03111202 0.04092038
v 0.02125833 0.03164928 0.04020088
v 0.02126927 0.03167173 0.04000000
v 0.02118114 0.03172029 0.04008285
v 0.02088335 0.03111021 0.04091827
v 0.02079239 0.03095530 0.04097124
v 0.02092884 0.03114912 0.04089283
v 0.02078390 0.03098424 0.04096732
v 0.02085294 0.03113527 0.04091462
v 0.02077837 0.03099164 0.04096577
v 0.02078390 0.03098424 0.04096732
v 0.02086298 0.03112260 0.04091827
v 0.02085294 0.03113527 0.04091462
v 0.02078390 0.03098424 0.04096732
v 0.02077837 0.03099164 0.04096577
v 0.02079239 0.03095530 0.04097124
v 0.02078738 0.03098015 0.04096824
v 0.02086298 0.03112260 0.04091827
v 0.02078390 0.03098424 0.04096732
v 0.02078738 0.03098015 0.04096824
v 0.02086837 0.03111613 0.04092038
v 0.02086298 0.03112260 0.04091827
v 0.02121775 0.03157770 0.04041533
v 0.02125833 0.03164928 0.04020088
v 0.02114880 0.03167385 0.04031411
v 0.02078738 0.03098015 0.04096824
v 0.02079170 0.03097753 0.04096825
v 0.02086837 0.03111613 0.04092038
v 0.02078738 0.03098015 0.04096824
v 0.02087513 0.03111202 0.04092038
v 0.02079170 0.03097753 0.04096825
v 0.02078738 0.03098015 0.04096824
v 0.02079239 0.03095530 0.04097124
v 0.02079693 0.03097631 0.04096732
v 0.02088335 0.03111021 0.04091827
v 0.02087513 0.03111202 0.04092038
v 0.02079693 0.03097631 0.04096732
v 0.02079239 0.03095530 0.04097124
v 0.02088335 0.03111021 0.04091827
v 0.02079693 0.03097631 0.04096732
v 0.02087513 0.03111202 0.04092038
v 0.02079170 0.03097753 0.04096825
v 0.02079693 0.03097631 0.04096732
v 0.02079170 0.03097753 0.04096825
v 0.02079239 0.03095530 0.04097124
v 0.02114763 0.03146673 0.04060682
v 0.02121775 0.03157770 0.04041533
v 0.02111043 0.03161219 0.04046194
v 0.02092884 0.03114912 0.04089283
v 0.02091996 0.03126426 0.04084500
v 0.02085294 0.03113527 0.04091462
v 0.02064172 0.03073569 0.04100000
v 0.02079239 0.03095530 0.04097124
v 0.02077837 0.03099164 0.04096577
v 0.02121089 0.03169160 0.04020695
v 0.02117310 0.03170947 0.04016934
v 0.02114880 0.03167385 0.04031411
v 0.02122833 0.03168100 0.04020695
v 0.02121089 0.03169160 0.04020695
v 0.02114880 0.03167385 0.04031411
v 0.02122833 0.03168100 0.04020695
v 0.02117310 0.03170947 0.04016934
v 0.02121089 0.03169160 0.04020695
v 0.02124361 0.03166764 0.04020499
v 0.02125833 0.03164928 0.04020088
v 0.02117310 0.03170947 0.04016934
v 0.02124361 0.03166764 0.04020499
v 0.02114880 0.03167385 0.04031411
v 0.02125833 0.03164928 0.04020088
v 0.02124361 0.03166764 0.04020499
v 0.02117310 0.03170947 0.04016934
v 0.02122833 0.03168100 0.04020695
v 0.02124361 0.03166764 0.04020499
v 0.02122833 0.03168100 0.04020695
v 0.02114880 0.03167385 0.04031411
v 0.02118161 0.03160577 0.04042870
v 0.02114880 0.03167385 0.04031411
v 0.02111043 0.03161219 0.04046194
v 0.02119683 0.03159533 0.04042452
v 0.02114880 0.03167385 0.04031411
v 0.02118161 0.03160577 0.04042870
v 0.02119683 0.03159533 0.04042452
v 0.02118161 0.03160577 0.04042870
v 0.02111043 0.03161219 0.04046194
v 0.02119683 0.03159533 0.04042452
v 0.02121775 0.03157770 0.04041533
v 0.02114880 0.03167385 0.04031411
v 0.02119683 0.03159533 0.04042452
v 0.02111043 0.03161219 0.04046194
v 0.02121775 0.03157770 0.04041533
v 0.02108141 0.03150513 0.04061749
v 0.02111043 0.03161219 0.04046194
v 0.02105791 0.03152147 0.04060662
v 0.02108133 0.03150498 0.04061768
v 0.02105791 0.03152147 0.04060662
v 0.02099119 0.03139926 0.04074110
v 0.02108133 0.03150498 0.04061768
v 0.02108141 0.03150513 0.04061749
v 0.02105791 0.03152147 0.04060662
v 0.02109421 0.03149549 0.04062253
v 0.02111043 0.03161219 0.04046194
v 0.02108141 0.03150513 0.04061749
v 0.02109412 0.03149534 0.04062272
v 0.02108141 0.03150513 0.04061749
v 0.02108133 0.03150498 0.04061768
v 0.02109412 0.03149534 0.04062272
v 0.02109421 0.03149549 0.04062253
v 0.02108141 0.03150513 0.04061749
v 0.02110795 0.03148714 0.04062253
v 0.02111043 0.03161219 0.04046194
v 0.02109421 0.03149549 0.04062253
v 0.02110786 0.03148699 0.04062272
v 0.02110795 0.03148714 0.04062253
v 0.02109421 0.03149549 0.04062253
v 0.02109412 0.03149534 0.04062272
v 0.02112240 0.03148022 0.04061749
v 0.02114763 0.03146673 0.04060682
v 0.02111043 0.03161219 0.04046194
v 0.02112240 0.03148022 0.04061749
v 0.02111043 0.03161219 0.04046194
v 0.02110795 0.03148714 0.04062253
v 0.02112230 0.03148007 0.04061768
v 0.02114763 0.03146673 0.04060682
v 0.02112240 0.03148022 0.04061749
v 0.02112230 0.03148007 0.04061768
v 0.02110795 0.03148714 0.04062253
v 0.02110786 0.03148699 0.04062272
v 0.02112230 0.03148007 0.04061768
v 0.02112240 0.03148022 0.04061749
v 0.02110795 0.03148714 0.04062253
v 0.02101064 0.03138113 0.04075037
v 0.02108133 0.03150498 0.04061768
v 0.02099119 0.03139926 0.04074110
v 0.02102052 0.03137168 0.04075491
v 0.02109412 0.03149534 0.04062272
v 0.02108133 0.03150498 0.04061768
v 0.02102052 0.03137168 0.04075491
v 0.02108133 0.03150498 0.04061768
v 0.02101064 0.03138113 0.04075037
v 0.02103196 0.03136472 0.04075491
v 0.02110786 0.03148699 0.04062272
v 0.02109412 0.03149534 0.04062272
v 0.02102052 0.03137168 0.04075491
v 0.02104489 0.03136031 0.04075037
v 0.02105304 0.03132683 0.04076437
v 0.02114763 0.03146673 0.04060682
v 0.02104489 0.03136031 0.04075037
v 0.02114763 0.03146673 0.04060682
v 0.02112230 0.03148007 0.04061768
v 0.02104489 0.03136031 0.04075037
v 0.02112230 0.03148007 0.04061768
v 0.02110786 0.03148699 0.04062272
v 0.02104489 0.03136031 0.04075037
v 0.02110786 0.03148699 0.04062272
v 0.02103196 0.03136472 0.04075491
v 0.02100500 0.03134561 0.04077744
v 0.02099119 0.03139926 0.04074110
v 0.02091996 0.03126426 0.04084500
v 0.02100500 0.03134561 0.04077744
v 0.02101064 0.03138113 0.04075037
v 0.02099119 0.03139926 0.04074110
v 0.02100500 0.03134561 0.04077744
v 0.02102052 0.03137168 0.04075491
v 0.02101064 0.03138113 0.04075037
v 0.01388302 0.01963017 0.04077744
v 0.01386702 0.01960439 0.04075491
v 0.01387846 0.01959744 0.04075491
v 0.01389398 0.01962350 0.04077744
v 0.01387048 0.01963418 0.04077310
v 0.01384594 0.01964229 0.04076437
v 0.01385408 0.01960881 0.04075037
v 0.01387048 0.01963418 0.04077310
v 0.01385408 0.01960881 0.04075037
v 0.01386702 0.01960439 0.04075491
v 0.01387048 0.01963418 0.04077310
v 0.01386702 0.01960439 0.04075491
v 0.01388302 0.01963017 0.04077744
v 0.01396447 0.01972131 0.04085130
v 0.01389398 0.01962350 0.04077744
v 0.01397901 0.01970485 0.04084500
v 0.01396447 0.01972131 0.04085130
v 0.01397901 0.01970485 0.04084500
v 0.01397013 0.01982000 0.04089283
v 0.01395712 0.01972956 0.04085465
v 0.01389398 0.01962350 0.04077744
v 0.01396447 0.01972131 0.04085130
v 0.01395712 0.01972956 0.04085465
v 0.01396447 0.01972131 0.04085130
v 0.01397013 0.01982000 0.04089283
v 0.01394811 0.01973504 0.04085465
v 0.01395712 0.01972956 0.04085465
v 0.01397013 0.01982000 0.04089283
v 0.01394811 0.01973504 0.04085465
v 0.01388302 0.01963017 0.04077744
v 0.01389398 0.01962350 0.04077744
v 0.01395712 0.01972956 0.04085465
v 0.01393740 0.01973777 0.04085130
v 0.01387048 0.01963418 0.04077310
v 0.01388302 0.01963017 0.04077744
v 0.01393740 0.01973777 0.04085130
v 0.01388302 0.01963017 0.04077744
v 0.01394811 0.01973504 0.04085465
v 0.01371783 0.01924882 0.04008285
v 0.01369442 0.01924809 0.04000000
v 0.01371515 0.01924544 0.04000000
v 0.01393740 0.01973777 0.04085130
v 0.01394811 0.01973504 0.04085465
v 0.01397013 0.01982000 0.04089283
v 0.01371783 0.01924882 0.04008285
v 0.01367469 0.01925500 0.04000000
v 0.01369442 0.01924809 0.04000000
v 0.01393740 0.01973777 0.04085130
v 0.01397013 0.01982000 0.04089283
v 0.01384594 0.01964229 0.04076437
v 0.01371783 0.01924882 0.04008285
v 0.01365682 0.01926586 0.04000000
v 0.01367469 0.01925500 0.04000000
v 0.01393740 0.01973777 0.04085130
v 0.01384594 0.01964229 0.04076437
v 0.01387048 0.01963418 0.04077310
v 0.01371783 0.01924882 0.04008285
v 0.01364161 0.01928020 0.04000000
v 0.01365682 0.01926586 0.04000000
v 0.01371783 0.01924882 0.04008285
v 0.01362970 0.01929738 0.04000000
v 0.01364161 0.01928020 0.04000000
v 0.01403600 0.01984652 0.04091827
v 0.01397013 0.01982000 0.04089283
v 0.01404603 0.01983385 0.04091462
v 0.01403060 0.01985298 0.04092038
v 0.01397013 0.01982000 0.04089283
v 0.01403600 0.01984652 0.04091827
v 0.01402384 0.01985709 0.04092038
v 0.01397013 0.01982000 0.04089283
v 0.01403060 0.01985298 0.04092038
v 0.01364065 0.01931983 0.04020088
v 0.01371783 0.01924882 0.04008285
v 0.01372588 0.01925964 0.04016934
v 0.01401562 0.01985890 0.04091827
v 0.01410659 0.02001381 0.04097124
v 0.01397013 0.01982000 0.04089283
v 0.01401562 0.01985890 0.04091827
v 0.01397013 0.01982000 0.04089283
v 0.01402384 0.01985709 0.04092038
v 0.01364065 0.01931983 0.04020088
v 0.01362970 0.01929738 0.04000000
v 0.01371783 0.01924882 0.04008285
v 0.01411508 0.01998488 0.04096732
v 0.01404603 0.01983385 0.04091462
v 0.01412060 0.01997747 0.04096577
v 0.01411508 0.01998488 0.04096732
v 0.01403600 0.01984652 0.04091827
v 0.01404603 0.01983385 0.04091462
v 0.01411508 0.01998488 0.04096732
v 0.01412060 0.01997747 0.04096577
v 0.01410659 0.02001381 0.04097124
v 0.01411160 0.01998896 0.04096824
v 0.01403600 0.01984652 0.04091827
v 0.01411508 0.01998488 0.04096732
v 0.01411160 0.01998896 0.04096824
v 0.01403060 0.01985298 0.04092038
v 0.01403600 0.01984652 0.04091827
v 0.01368122 0.01939142 0.04041533
v 0.01364065 0.01931983 0.04020088
v 0.01375017 0.01929527 0.04031411
v 0.01411160 0.01998896 0.04096824
v 0.01410728 0.01999159 0.04096825
v 0.01403060 0.01985298 0.04092038
v 0.01411160 0.01998896 0.04096824
v 0.01402384 0.01985709 0.04092038
v 0.01410728 0.01999159 0.04096825
v 0.01411160 0.01998896 0.04096824
v 0.01410659 0.02001381 0.04097124
v 0.01410205 0.01999280 0.04096732
v 0.01410659 0.02001381 0.04097124
v 0.01401562 0.01985890 0.04091827
v 0.01410205 0.01999280 0.04096732
v 0.01401562 0.01985890 0.04091827
v 0.01402384 0.01985709 0.04092038
v 0.01410205 0.01999280 0.04096732
v 0.01410728 0.01999159 0.04096825
v 0.01410659 0.02001381 0.04097124
v 0.01410205 0.01999280 0.04096732
v 0.01402384 0.01985709 0.04092038
v 0.01410728 0.01999159 0.04096825
v 0.01375135 0.01950239 0.04060682
v 0.01368122 0.01939142 0.04041533
v 0.01378855 0.01935692 0.04046194
v 0.01397013 0.01982000 0.04089283
v 0.01397901 0.01970485 0.04084500
v 0.01404603 0.01983385 0.04091462
v 0.01425725 0.02023343 0.04100000
v 0.01410659 0.02001381 0.04097124
v 0.01412060 0.01997747 0.04096577
v 0.01368808 0.01927752 0.04020695
v 0.01372588 0.01925964 0.04016934
v 0.01375017 0.01929527 0.04031411
v 0.01367065 0.01928812 0.04020695
v 0.01368808 0.01927752 0.04020695
v 0.01375017 0.01929527 0.04031411
v 0.01367065 0.01928812 0.04020695
v 0.01372588 0.01925964 0.04016934
v 0.01368808 0.01927752 0.04020695
v 0.01365537 0.01930147 0.04020499
v 0.01364065 0.01931983 0.04020088
v 0.01372588 0.01925964 0.04016934
v 0.01365537 0.01930147 0.04020499
v 0.01367065 0.01928812 0.04020695
v 0.01375017 0.01929527 0.04031411
v 0.01365537 0.01930147 0.04020499
v 0.01372588 0.01925964 0.04016934
v 0.01367065 0.01928812 0.04020695
v 0.01365537 0.01930147 0.04020499
v 0.01375017 0.01929527 0.04031411
v 0.01364065 0.01931983 0.04020088
v 0.01371736 0.01936334 0.04042870
v 0.01375017 0.01929527 0.04031411
v 0.01378855 0.01935692 0.04046194
v 0.01370215 0.01937379 0.04042452
v 0.01368122 0.01939142 0.04041533
v 0.01375017 0.01929527 0.04031411
v 0.01370215 0.01937379 0.04042452
v 0.01378855 0.01935692 0.04046194
v 0.01368122 0.01939142 0.04041533
v 0.01370215 0.01937379 0.04042452
v 0.01375017 0.01929527 0.04031411
v 0.01371736 0.01936334 0.04042870
v 0.01370215 0.01937379 0.04042452
v 0.01371736 0.01936334 0.04042870
v 0.01378855 0.01935692 0.04046194
v 0.01381756 0.01946399 0.04061749
v 0.01378855 0.01935692 0.04046194
v 0.01384107 0.01944765 0.04060662
v 0.01381765 0.01946414 0.04061768
v 0.01384107 0.01944765 0.04060662
v 0.01390779 0.01956985 0.04074110
v 0.01381765 0.01946414 0.04061768
v 0.01381756 0.01946399 0.04061749
v 0.01384107 0.01944765 0.04060662
v 0.01380477 0.01947362 0.04062253
v 0.01378855 0.01935692 0.04046194
v 0.01381756 0.01946399 0.04061749
v 0.01380486 0.01947377 0.04062272
v 0.01381756 0.01946399 0.04061749
v 0.01381765 0.01946414 0.04061768
v 0.01380486 0.01947377 0.04062272
v 0.01380477 0.01947362 0.04062253
v 0.01381756 0.01946399 0.04061749
v 0.01379103 0.01948198 0.04062253
v 0.01378855 0.01935692 0.04046194
v 0.01380477 0.01947362 0.04062253
v 0.01379112 0.01948213 0.04062272
v 0.01380477 0.01947362 0.04062253
v 0.01380486 0.01947377 0.04062272
v 0.01379103 0.01948198 0.04062253
v 0.01377658 0.01948890 0.04061749
v 0.01375135 0.01950239 0.04060682
v 0.01378855 0.01935692 0.04046194
v 0.01377658 0.01948890 0.04061749
v 0.01378855 0.01935692 0.04046194
v 0.01379103 0.01948198 0.04062253
v 0.01377667 0.01948904 0.04061768
v 0.01375135 0.01950239 0.04060682
v 0.01377658 0.01948890 0.04061749
v 0.01377667 0.01948904 0.04061768
v 0.01379103 0.01948198 0.04062253
v 0.01379112 0.01948213 0.04062272
v 0.01377667 0.01948904 0.04061768
v 0.01377658 0.01948890 0.04061749
v 0.01379103 0.01948198 0.04062253
v 0.01388834 0.01958799 0.04075037
v 0.01381765 0.01946414 0.04061768
v 0.01390779 0.01956985 0.04074110
v 0.01387846 0.01959744 0.04075491
v 0.01380486 0.01947377 0.04062272
v 0.01381765 0.01946414 0.04061768
v 0.01387846 0.01959744 0.04075491
v 0.01381765 0.01946414 0.04061768
v 0.01388834 0.01958799 0.04075037
v 0.01386702 0.01960439 0.04075491
v 0.01379112 0.01948213 0.04062272
v 0.01380486 0.01947377 0.04062272
v 0.01387846 0.01959744 0.04075491
v 0.01385408 0.01960881 0.04075037
v 0.01384594 0.01964229 0.04076437
v 0.01375135 0.01950239 0.04060682
v 0.01385408 0.01960881 0.04075037
v 0.01375135 0.01950239 0.04060682
v 0.01377667 0.01948904 0.04061768
v 0.01385408 0.01960881 0.04075037
v 0.01377667 0.01948904 0.04061768
v 0.01379112 0.01948213 0.04062272
v 0.01385408 0.01960881 0.04075037
v 0.01379112 0.01948213 0.04062272
v 0.01386702 0.01960439 0.04075491
v 0.01389398 0.01962350 0.04077744
v 0.01390779 0.01956985 0.04074110
v 0.01397901 0.01970485 0.04084500
v 0.01389398 0.01962350 0.04077744
v 0.01388834 0.01958799 0.04075037
v 0.01390779 0.01956985 0.04074110
v 0.01389398 0.01962350 0.04077744
v 0.01387846 0.01959744 0.04075491
v 0.01388834 0.01958799 0.04075037
v 0.01042045 0.02567020 0.04061634
v 0.01041971 0.02569616 0.04060682
v 0.01042028 0.02567021 0.04061615
v 0.01056319 0.02562287 0.04075161
v 0.01042023 0.02562265 0.04061905
v 0.01055635 0.02559441 0.04074110
v 0.01056598 0.02563766 0.04075539
v 0.01042023 0.02562265 0.04061905
v 0.01056319 0.02562287 0.04075161
v 0.01056598 0.02563766 0.04075539
v 0.01042196 0.02564039 0.04062325
v 0.01042023 0.02562265 0.04061905
v 0.01056538 0.02565113 0.04075399
v 0.01042196 0.02564039 0.04062325
v 0.01056598 0.02563766 0.04075539
v 0.01056538 0.02565113 0.04075399
v 0.01042183 0.02565655 0.04062170
v 0.01042196 0.02564039 0.04062325
v 0.01056250 0.02566265 0.04074916
v 0.01042183 0.02565655 0.04062170
v 0.01056538 0.02565113 0.04075399
v 0.01056250 0.02566265 0.04074916
v 0.01058816 0.02568419 0.04076437
v 0.01041971 0.02569616 0.04060682
v 0.01056250 0.02566265 0.04074916
v 0.01041971 0.02569616 0.04060682
v 0.01042045 0.02567020 0.04061634
v 0.01056250 0.02566265 0.04074916
v 0.01042045 0.02567020 0.04061634
v 0.01042183 0.02565655 0.04062170
v 0.01018335 0.02559840 0.04008285
v 0.01016993 0.02562221 0.04000000
v 0.01017908 0.02559903 0.04000000
v 0.01059632 0.02563708 0.04077789
v 0.01055635 0.02559441 0.04074110
v 0.01070888 0.02560022 0.04084500
v 0.01018335 0.02559840 0.04008285
v 0.01016681 0.02564521 0.04000000
v 0.01016993 0.02562221 0.04000000
v 0.01018335 0.02559840 0.04008285
v 0.01016864 0.02566615 0.04000000
v 0.01016681 0.02564521 0.04000000
v 0.01059632 0.02563708 0.04077789
v 0.01056319 0.02562287 0.04075161
v 0.01055635 0.02559441 0.04074110
v 0.01018335 0.02559840 0.04008285
v 0.01017363 0.02568340 0.04000000
v 0.01016864 0.02566615 0.04000000
v 0.01059632 0.02563708 0.04077789
v 0.01056598 0.02563766 0.04075539
v 0.01056319 0.02562287 0.04075161
v 0.01018335 0.02559840 0.04008285
v 0.01018135 0.02569900 0.04000000
v 0.01017363 0.02568340 0.04000000
v 0.01059567 0.02564999 0.04077657
v 0.01056538 0.02565113 0.04075399
v 0.01056598 0.02563766 0.04075539
v 0.01059567 0.02564999 0.04077657
v 0.01056598 0.02563766 0.04075539
v 0.01059632 0.02563708 0.04077789
v 0.01059263 0.02566105 0.04077194
v 0.01056250 0.02566265 0.04074916
v 0.01056538 0.02565113 0.04075399
v 0.01059263 0.02566105 0.04077194
v 0.01058816 0.02568419 0.04076437
v 0.01056250 0.02566265 0.04074916
v 0.01059263 0.02566105 0.04077194
v 0.01056538 0.02565113 0.04075399
v 0.01059567 0.02564999 0.04077657
v 0.01020626 0.02570074 0.04020088
v 0.01018335 0.02559840 0.04008285
v 0.01019675 0.02559684 0.04016934
v 0.01071679 0.02562307 0.04085221
v 0.01059632 0.02563708 0.04077789
v 0.01070888 0.02560022 0.04084500
v 0.01020626 0.02570074 0.04020088
v 0.01018135 0.02569900 0.04000000
v 0.01018335 0.02559840 0.04008285
v 0.01071679 0.02562307 0.04085221
v 0.01070888 0.02560022 0.04084500
v 0.01080416 0.02566549 0.04089283
v 0.01071974 0.02563474 0.04085500
v 0.01071679 0.02562307 0.04085221
v 0.01080416 0.02566549 0.04089283
v 0.01071974 0.02563474 0.04085500
v 0.01059632 0.02563708 0.04077789
v 0.01071679 0.02562307 0.04085221
v 0.01071899 0.02564536 0.04085398
v 0.01059567 0.02564999 0.04077657
v 0.01059632 0.02563708 0.04077789
v 0.01028854 0.02570140 0.04041533
v 0.01020626 0.02570074 0.04020088
v 0.01023975 0.02559361 0.04031411
v 0.01071899 0.02564536 0.04085398
v 0.01059632 0.02563708 0.04077789
v 0.01071974 0.02563474 0.04085500
v 0.01071899 0.02564536 0.04085398
v 0.01071974 0.02563474 0.04085500
v 0.01080416 0.02566549 0.04089283
v 0.01071575 0.02565452 0.04085040
v 0.01059567 0.02564999 0.04077657
v 0.01071899 0.02564536 0.04085398
v 0.01071575 0.02565452 0.04085040
v 0.01058816 0.02568419 0.04076437
v 0.01059263 0.02566105 0.04077194
v 0.01071575 0.02565452 0.04085040
v 0.01059263 0.02566105 0.04077194
v 0.01059567 0.02564999 0.04077657
v 0.01071575 0.02565452 0.04085040
v 0.01080416 0.02566549 0.04089283
v 0.01058816 0.02568419 0.04076437
v 0.01071575 0.02565452 0.04085040
v 0.01071899 0.02564536 0.04085398
v 0.01080416 0.02566549 0.04089283
v 0.01086084 0.02562324 0.04091885
v 0.01080416 0.02566549 0.04089283
v 0.01085410 0.02560668 0.04091462
v 0.01086330 0.02563201 0.04092060
v 0.01086265 0.02563999 0.04091996
v 0.01080416 0.02566549 0.04089283
v 0.01086330 0.02563201 0.04092060
v 0.01085989 0.02564691 0.04091770
v 0.01104023 0.02564422 0.04097124
v 0.01080416 0.02566549 0.04089283
v 0.01085989 0.02564691 0.04091770
v 0.01080416 0.02566549 0.04089283
v 0.01086265 0.02563999 0.04091996
v 0.01101991 0.02562338 0.04096757
v 0.01085410 0.02560668 0.04091462
v 0.01101577 0.02561391 0.04096577
v 0.01101991 0.02562338 0.04096757
v 0.01086084 0.02562324 0.04091885
v 0.01085410 0.02560668 0.04091462
v 0.01080416 0.02566549 0.04089283
v 0.01070888 0.02560022 0.04084500
v 0.01085410 0.02560668 0.04091462
v 0.01101991 0.02562338 0.04096757
v 0.01101577 0.02561391 0.04096577
v 0.01104023 0.02564422 0.04097124
v 0.01102143 0.02562899 0.04096834
v 0.01086330 0.02563201 0.04092060
v 0.01086084 0.02562324 0.04091885
v 0.01102143 0.02562899 0.04096834
v 0.01101991 0.02562338 0.04096757
v 0.01104023 0.02564422 0.04097124
v 0.01102143 0.02562899 0.04096834
v 0.01086084 0.02562324 0.04091885
v 0.01101991 0.02562338 0.04096757
v 0.01102103 0.02563408 0.04096806
v 0.01102143 0.02562899 0.04096834
v 0.01104023 0.02564422 0.04097124
v 0.01102103 0.02563408 0.04096806
v 0.01086265 0.02563999 0.04091996
v 0.01086330 0.02563201 0.04092060
v 0.01102103 0.02563408 0.04096806
v 0.01086330 0.02563201 0.04092060
v 0.01102143 0.02562899 0.04096834
v 0.01101933 0.02563852 0.04096706
v 0.01104023 0.02564422 0.04097124
v 0.01085989 0.02564691 0.04091770
v 0.01101933 0.02563852 0.04096706
v 0.01085989 0.02564691 0.04091770
v 0.01086265 0.02563999 0.04091996
v 0.01101933 0.02563852 0.04096706
v 0.01102103 0.02563408 0.04096806
v 0.01104023 0.02564422 0.04097124
v 0.01101933 0.02563852 0.04096706
v 0.01086265 0.02563999 0.04091996
v 0.01102103 0.02563408 0.04096806
v 0.01130576 0.02562355 0.04100000
v 0.01104023 0.02564422 0.04097124
v 0.01101577 0.02561391 0.04096577
v 0.01019310 0.02564471 0.04020716
v 0.01019675 0.02559684 0.04016934
v 0.01023975 0.02559361 0.04031411
v 0.01019464 0.02566516 0.04020655
v 0.01019310 0.02564471 0.04020716
v 0.01023975 0.02559361 0.04031411
v 0.01019464 0.02566516 0.04020655
v 0.01019675 0.02559684 0.04016934
v 0.01019310 0.02564471 0.04020716
v 0.01019871 0.02568205 0.04020447
v 0.01020626 0.02570074 0.04020088
v 0.01019675 0.02559684 0.04016934
v 0.01019871 0.02568205 0.04020447
v 0.01019464 0.02566516 0.04020655
v 0.01023975 0.02559361 0.04031411
v 0.01019871 0.02568205 0.04020447
v 0.01019675 0.02559684 0.04016934
v 0.01019464 0.02566516 0.04020655
v 0.01019871 0.02568205 0.04020447
v 0.01023975 0.02559361 0.04031411
v 0.01020626 0.02570074 0.04020088
v 0.01028189 0.02564304 0.04042914
v 0.01023975 0.02559361 0.04031411
v 0.01031233 0.02559121 0.04046194
v 0.01028263 0.02566182 0.04042785
v 0.01023975 0.02559361 0.04031411
v 0.01028189 0.02564304 0.04042914
v 0.01028407 0.02567748 0.04042342
v 0.01023975 0.02559361 0.04031411
v 0.01028263 0.02566182 0.04042785
v 0.01028407 0.02567748 0.04042342
v 0.01028854 0.02570140 0.04041533
v 0.01023975 0.02559361 0.04031411
v 0.01031007 0.02562247 0.04047314
v 0.01031233 0.02559121 0.04046194
v 0.01041716 0.02559109 0.04060662
v 0.01031007 0.02562247 0.04047314
v 0.01028189 0.02564304 0.04042914
v 0.01031233 0.02559121 0.04046194
v 0.01031021 0.02564250 0.04047692
v 0.01028189 0.02564304 0.04042914
v 0.01031007 0.02562247 0.04047314
v 0.01031074 0.02566075 0.04047552
v 0.01028189 0.02564304 0.04042914
v 0.01031021 0.02564250 0.04047692
v 0.01031074 0.02566075 0.04047552
v 0.01028263 0.02566182 0.04042785
v 0.01028189 0.02564304 0.04042914
v 0.01031149 0.02567602 0.04047072
v 0.01041971 0.02569616 0.04060682
v 0.01028854 0.02570140 0.04041533
v 0.01031149 0.02567602 0.04047072
v 0.01028854 0.02570140 0.04041533
v 0.01028407 0.02567748 0.04042342
v 0.01031149 0.02567602 0.04047072
v 0.01028407 0.02567748 0.04042342
v 0.01028263 0.02566182 0.04042785
v 0.01031149 0.02567602 0.04047072
v 0.01028263 0.02566182 0.04042785
v 0.01031074 0.02566075 0.04047552
v 0.01042006 0.02562265 0.04061886
v 0.01031007 0.02562247 0.04047314
v 0.01041716 0.02559109 0.04060662
v 0.01042023 0.02562265 0.04061905
v 0.01041716 0.02559109 0.04060662
v 0.01055635 0.02559441 0.04074110
v 0.01042023 0.02562265 0.04061905
v 0.01042006 0.02562265 0.04061886
v 0.01041716 0.02559109 0.04060662
v 0.01042178 0.02564039 0.04062306
v 0.01031007 0.02562247 0.04047314
v 0.01042006 0.02562265 0.04061886
v 0.01042178 0.02564039 0.04062306
v 0.01031021 0.02564250 0.04047692
v 0.01031007 0.02562247 0.04047314
v 0.01042196 0.02564039 0.04062325
v 0.01042006 0.02562265 0.04061886
v 0.01042023 0.02562265 0.04061905
v 0.01042178 0.02564039 0.04062306
v 0.01042166 0.02565655 0.04062151
v 0.01031074 0.02566075 0.04047552
v 0.01031021 0.02564250 0.04047692
v 0.01042166 0.02565655 0.04062151
v 0.01031021 0.02564250 0.04047692
v 0.01042178 0.02564039 0.04062306
v 0.01042183 0.02565655 0.04062170
v 0.01042178 0.02564039 0.04062306
v 0.01042196 0.02564039 0.04062325
v 0.01042166 0.02565655 0.04062151
v 0.01042028 0.02567021 0.04061615
v 0.01031074 0.02566075 0.04047552
v 0.01042166 0.02565655 0.04062151
v 0.01042028 0.02567021 0.04061615
v 0.01041971 0.02569616 0.04060682
v 0.01031149 0.02567602 0.04047072
v 0.01042028 0.02567021 0.04061615
v 0.01031149 0.02567602 0.04047072
v 0.01031074 0.02566075 0.04047552
v 0.01042045 0.02567020 0.04061634
v 0.01042028 0.02567021 0.04061615
v 0.01042166 0.02565655 0.04062151
v 0.01042045 0.02567020 0.04061634
v 0.01042166 0.02565655 0.04062151
v 0.01042183 0.02565655 0.04062170
v 0.00956149 0.00663649 0.00116104
v 0.00918504 0.00639822 -0.00111533
v 0.00918504 0.00639822 0.00111533
v 0.00865121 0.00639822 0.00328117
v 0.00918504 0.00639822 0.00111533
v 0.00887067 0.00608154 0.00107716
v 0.00638684 0.00663649 -0.00720983
v 0.00429958 0.00639822 -0.00819314
v 0.00613537 0.00639822 -0.00692598
v 0.00835511 0.00608154 0.00316887
v 0.00761457 0.00639822 -0.00525631
v 0.00613537 0.00639822 -0.00692598
v 0.00592538 0.00608154 -0.00668894
v 0.00735395 0.00608154 0.00507642
v 0.00813232 0.00570233 0.00308438
v 0.00715785 0.00570233 0.00494106
v 0.00835511 0.00608154 0.00316887
v -0.00000051 0.00683456 0.01050000
v 0.00251230 0.00683456 0.01019489
v -0.00000051 0.00678441 0.01005496
v 0.00735395 0.00608154 -0.00507642
v 0.00204567 0.00527960 -0.00830169
v -0.00000051 0.00483456 -0.00850000
v 0.00203367 0.00483456 -0.00825300
v 0.00835511 0.00608154 -0.00316887
v 0.00735395 0.00608154 -0.00507642
v 0.00715785 0.00570233 -0.00494106
v -0.00000051 0.00527960 -0.00855014
v 0.00813232 0.00570233 -0.00308437
v 0.00576737 0.00570233 0.00651059
v 0.00715785 0.00570233 0.00494106
v 0.00703612 0.00527960 0.00485704
v 0.00566928 0.00527960 0.00639988
v 0.00208107 0.00570233 -0.00844531
v -0.00000051 0.00570233 -0.00869806
v -0.00000051 0.00527960 -0.00855014
v 0.00863413 0.00570233 -0.00104843
v 0.00813232 0.00570233 -0.00308437
v 0.00799401 0.00527960 -0.00303192
v 0.00397294 0.00527960 0.00757078
v 0.00566928 0.00527960 0.00639988
v 0.00563603 0.00483456 0.00636234
v 0.00848729 0.00527960 -0.00103060
v 0.00394964 0.00483456 0.00752638
v 0.00204567 0.00527960 -0.00830169
v 0.00848729 0.00527960 0.00103061
v 0.00843751 0.00483456 -0.00102456
v 0.00843751 0.00483456 0.00102456
v 0.00397294 0.00527960 -0.00757078
v 0.00203367 0.00483456 -0.00825300
v 0.00394964 0.00483456 -0.00752637
v 0.00998113 0.00678441 0.00121199
v 0.00998113 0.00678441 -0.00121199
v 0.00956149 0.00663649 -0.00116104
v 0.00998113 0.00678441 0.00121199
v 0.01042293 0.00683456 0.00126564
v 0.01042293 0.00683456 -0.00126563
v 0.00848729 0.00527960 -0.00103060
v 0.00956149 0.00663649 0.00116104
v 0.00204567 0.00527960 -0.00830169
v 0.00998113 0.00678441 -0.00121199
v 0.00900578 0.00663649 0.00341564
v 0.00956149 0.00663649 0.00116104
v 0.00918504 0.00639822 0.00111533
v 0.00666716 0.00678441 -0.00752624
v 0.00696228 0.00683456 -0.00785936
v 0.00487908 0.00683456 -0.00929729
v 0.00213809 0.00608154 -0.00867666
v -0.00000051 0.00570233 -0.00869806
v 0.00208107 0.00570233 -0.00844531
v 0.00467226 0.00678441 -0.00890322
v 0.00666716 0.00678441 -0.00752624
v 0.00467226 0.00678441 -0.00890322
v 0.00447581 0.00663649 -0.00852892
v -0.00000051 0.00608154 -0.00893634
v 0.00638684 0.00663649 -0.00720983
v 0.00865121 0.00639822 0.00328117
v 0.00792666 0.00663649 -0.00547173
v 0.00638684 0.00663649 -0.00720983
v 0.00613537 0.00639822 -0.00692598
v 0.00761457 0.00639822 0.00525632
v 0.00835511 0.00608154 0.00316887
v 0.00735395 0.00608154 0.00507642
v 0.00761457 0.00639822 -0.00525631
v 0.00404168 0.00570233 -0.00770175
v 0.00208107 0.00570233 -0.00844531
v 0.00204567 0.00527960 -0.00830169
v 0.00865121 0.00639822 0.00328117
v 0.00865121 0.00639822 -0.00328116
v 0.00735395 0.00608154 -0.00507642
v 0.00835511 0.00608154 -0.00316887
v 0.00761457 0.00639822 -0.00525631
v 0.00592538 0.00608154 0.00668895
v 0.00735395 0.00608154 0.00507642
v 0.00715785 0.00570233 0.00494106
v 0.00397294 0.00527960 -0.00757078
v 0.00576737 0.00570233 0.00651059
v 0.00566928 0.00527960 -0.00639987
v 0.00397294 0.00527960 -0.00757078
v 0.00394964 0.00483456 -0.00752637
v 0.00563603 0.00483456 -0.00636234
v 0.00887067 0.00608154 -0.00107715
v 0.00835511 0.00608154 -0.00316887
v 0.00813232 0.00570233 -0.00308437
v 0.00863413 0.00570233 -0.00104843
v 0.00221388 0.00639822 -0.00898414
v -0.00000051 0.00639822 -0.00925302
v -0.00000051 0.00608154 -0.00893634
v 0.00404168 0.00570233 0.00770175
v 0.00566928 0.00527960 0.00639988
v 0.00397294 0.00527960 0.00757078
v 0.00213809 0.00608154 -0.00867666
v 0.00576737 0.00570233 0.00651059
v 0.00863413 0.00570233 0.00104844
v 0.00863413 0.00570233 -0.00104843
v 0.00848729 0.00527960 -0.00103060
v 0.00204567 0.00527960 0.00830169
v 0.00394964 0.00483456 0.00752638
v 0.00203367 0.00483456 0.00825301
v 0.00204567 0.00527960 0.00830169
v 0.00203367 0.00483456 0.00825301
v -0.00000051 0.00483456 0.00850000
v 0.00848729 0.00527960 0.00103061
v 0.00415241 0.00608154 -0.00791273
v 0.00208107 0.00570233 -0.00844531
v 0.00404168 0.00570233 -0.00770175
v -0.00000051 0.00527960 0.00855015
v 0.00799401 0.00527960 0.00303193
v 0.00843751 0.00483456 0.00102456
v 0.00794713 0.00483456 0.00301414
v 0.00213809 0.00608154 -0.00867666
v 0.00397294 0.00527960 0.00757078
v 0.00940104 0.00678441 0.00356554
v 0.00981716 0.00683456 0.00372335
v 0.01042293 0.00683456 0.00126564
v 0.00998113 0.00678441 0.00121199
v 0.00848729 0.00527960 0.00103061
v 0.00940104 0.00678441 0.00356554
v 0.00998113 0.00678441 0.00121199
v 0.00956149 0.00663649 0.00116104
v 0.00576737 0.00570233 -0.00651059
v 0.00404168 0.00570233 -0.00770175
v 0.00397294 0.00527960 -0.00757078
v 0.00900578 0.00663649 0.00341564
v 0.00827456 0.00678441 -0.00571187
v 0.00696228 0.00683456 -0.00785936
v 0.00666716 0.00678441 -0.00752624
v 0.00792666 0.00663649 0.00547173
v 0.00900578 0.00663649 0.00341564
v 0.00865121 0.00639822 0.00328117
v 0.00864082 0.00683456 -0.00596468
v 0.00827456 0.00678441 -0.00571187
v 0.00666716 0.00678441 -0.00752624
v 0.00638684 0.00663649 -0.00720983
v 0.00566928 0.00527960 -0.00639987
v 0.00761457 0.00639822 0.00525632
v 0.00792666 0.00663649 -0.00547173
v 0.00703612 0.00527960 -0.00485703
v 0.00563603 0.00483456 -0.00636234
v 0.00699485 0.00483456 -0.00482855
v 0.00900578 0.00663649 -0.00341564
v 0.00792666 0.00663649 -0.00547173
v 0.00761457 0.00639822 -0.00525631
v 0.00865121 0.00639822 -0.00328116
v 0.00566928 0.00527960 -0.00639987
v 0.00613537 0.00639822 0.00692599
v 0.00761457 0.00639822 0.00525632
v 0.00735395 0.00608154 0.00507642
v 0.00592538 0.00608154 0.00668895
v 0.00918504 0.00639822 -0.00111533
v 0.00865121 0.00639822 -0.00328116
v 0.00835511 0.00608154 -0.00316887
v 0.00230463 0.00663649 -0.00935233
v -0.00000051 0.00663649 -0.00963223
v -0.00000051 0.00639822 -0.00925302
v 0.00887067 0.00608154 -0.00107715
v 0.00221388 0.00639822 -0.00898414
v 0.00415241 0.00608154 0.00791274
v 0.00592538 0.00608154 0.00668895
v 0.00576737 0.00570233 0.00651059
v 0.00404168 0.00570233 0.00770175
v 0.00208107 0.00570233 0.00844531
v -0.00000051 0.00527960 0.00855015
v -0.00000051 0.00570233 0.00869806
v 0.00887067 0.00608154 0.00107716
v 0.00887067 0.00608154 -0.00107715
v 0.00863413 0.00570233 -0.00104843
v 0.00429958 0.00639822 -0.00819314
v 0.00213809 0.00608154 -0.00867666
v 0.00415241 0.00608154 -0.00791273
v 0.00863413 0.00570233 0.00104844
v 0.00221388 0.00639822 -0.00898414
v 0.00208107 0.00570233 0.00844531
v 0.00404168 0.00570233 0.00770175
v 0.00397294 0.00527960 0.00757078
v 0.00204567 0.00527960 0.00830169
v 0.00592538 0.00608154 -0.00668894
v 0.00415241 0.00608154 -0.00791273
v 0.00404168 0.00570233 -0.00770175
v 0.00204567 0.00527960 0.00830169
v 0.00827456 0.00678441 0.00571187
v 0.00864082 0.00683456 0.00596468
v 0.00981716 0.00683456 0.00372335
v 0.00827456 0.00678441 0.00571187
v 0.00900578 0.00663649 0.00341564
v 0.00792666 0.00663649 0.00547173
v 0.00813232 0.00570233 0.00308438
v 0.00863413 0.00570233 0.00104844
v 0.00848729 0.00527960 0.00103061
v 0.00940104 0.00678441 0.00356554
v 0.00576737 0.00570233 -0.00651059
v 0.00940104 0.00678441 0.00356554
v 0.00799401 0.00527960 0.00303193
v 0.00703612 0.00527960 0.00485704
v 0.00794713 0.00483456 0.00301414
v 0.00699485 0.00483456 0.00482855
v 0.00638684 0.00663649 0.00720983
v 0.00792666 0.00663649 0.00547173
v 0.00761457 0.00639822 0.00525632
v 0.00715785 0.00570233 -0.00494106
v 0.00576737 0.00570233 -0.00651059
v 0.00566928 0.00527960 -0.00639987
v 0.00613537 0.00639822 0.00692599
v 0.00703612 0.00527960 -0.00485703
v 0.00799401 0.00527960 0.00303193
v 0.00799401 0.00527960 -0.00303192
v 0.00703612 0.00527960 -0.00485703
v 0.00699485 0.00483456 -0.00482855
v 0.00794713 0.00483456 -0.00301414
v 0.00940104 0.00678441 -0.00356553
v 0.00981716 0.00683456 -0.00372335
v 0.00864082 0.00683456 -0.00596468
v 0.00429958 0.00639822 0.00819314
v 0.00613537 0.00639822 0.00692599
v 0.00592538 0.00608154 0.00668895
v 0.00940104 0.00678441 -0.00356553
v 0.00792666 0.00663649 -0.00547173
v 0.00900578 0.00663649 -0.00341564
v 0.00827456 0.00678441 -0.00571187
v 0.00415241 0.00608154 0.00791274
v 0.00827456 0.00678441 -0.00571187
v 0.00213809 0.00608154 0.00867666
v 0.00208107 0.00570233 0.00844531
v -0.00000051 0.00570233 0.00869806
v -0.00000051 0.00608154 0.00893634
v 0.00240580 0.00678441 -0.00976278
v 0.00251230 0.00683456 -0.01019489
v -0.00000051 0.00683456 -0.01050000
v 0.00240580 0.00678441 -0.00976278
v -0.00000051 0.00678441 -0.01005496
v -0.00000051 0.00663649 -0.00963223
v 0.00956149 0.00663649 -0.00116104
v 0.00865121 0.00639822 -0.00328116
v 0.00918504 0.00639822 -0.00111533
v -0.00000051 0.00678441 -0.01005496
v 0.00213809 0.00608154 0.00867666
v 0.00415241 0.00608154 0.00791274
v 0.00404168 0.00570233 0.00770175
v 0.00900578 0.00663649 -0.00341564
v 0.00208107 0.00570233 0.00844531
v 0.00230463 0.00663649 -0.00935233
v 0.00666716 0.00678441 0.00752625
v 0.00696228 0.00683456 0.00785937
v 0.00864082 0.00683456 0.00596468
v 0.00827456 0.00678441 0.00571187
v 0.00447581 0.00663649 -0.00852892
v 0.00221388 0.00639822 -0.00898414
v 0.00429958 0.00639822 -0.00819314
v 0.00666716 0.00678441 0.00752625
v 0.00827456 0.00678441 0.00571187
v 0.00792666 0.00663649 0.00547173
v 0.00918504 0.00639822 0.00111533
v 0.00918504 0.00639822 -0.00111533
v 0.00887067 0.00608154 -0.00107715
v 0.00638684 0.00663649 0.00720983
v 0.00887067 0.00608154 0.00107716
v 0.00447581 0.00663649 0.00852892
v 0.00613537 0.00639822 0.00692599
v 0.00429958 0.00639822 0.00819314
v 0.00230463 0.00663649 -0.00935233
v 0.00613537 0.00639822 -0.00692598
v 0.00429958 0.00639822 -0.00819314
v 0.00415241 0.00608154 -0.00791273
v 0.00592538 0.00608154 -0.00668894
v 0.00638684 0.00663649 0.00720983
v 0.00221388 0.00639822 0.00898415
v -0.00000051 0.00608154 0.00893634
v -0.00000051 0.00639822 0.00925302
v 0.00835511 0.00608154 0.00316887
v 0.00887067 0.00608154 0.00107716
v 0.00863413 0.00570233 0.00104844
v 0.00813232 0.00570233 0.00308438
v 0.00213809 0.00608154 0.00867666
v 0.00221388 0.00639822 0.00898415
v 0.00429958 0.00639822 0.00819314
v 0.00415241 0.00608154 0.00791274
v 0.00715785 0.00570233 0.00494106
v 0.00813232 0.00570233 0.00308438
v 0.00799401 0.00527960 0.00303193
v 0.00213809 0.00608154 0.00867666
v 0.00735395 0.00608154 -0.00507642
v 0.00592538 0.00608154 -0.00668894
v 0.00576737 0.00570233 -0.00651059
v 0.00715785 0.00570233 -0.00494106
v 0.00467226 0.00678441 0.00890323
v 0.00696228 0.00683456 0.00785937
v 0.00666716 0.00678441 0.00752625
v 0.00487908 0.00683456 0.00929729
v 0.00703612 0.00527960 0.00485704
v 0.00467226 0.00678441 0.00890323
v 0.00666716 0.00678441 0.00752625
v 0.00638684 0.00663649 0.00720983
v 0.00813232 0.00570233 -0.00308437
v 0.00715785 0.00570233 -0.00494106
v 0.00703612 0.00527960 -0.00485703
v 0.00447581 0.00663649 0.00852892
v 0.00799401 0.00527960 -0.00303192
v 0.00230463 0.00663649 0.00935234
v -0.00000051 0.00639822 0.00925302
v -0.00000051 0.00663649 0.00963224
v 0.00566928 0.00527960 0.00639988
v 0.00699485 0.00483456 0.00482855
v 0.00563603 0.00483456 0.00636234
v 0.00848729 0.00527960 -0.00103060
v 0.00794713 0.00483456 -0.00301414
v 0.00843751 0.00483456 -0.00102456
v 0.00221388 0.00639822 0.00898415
v 0.00703612 0.00527960 0.00485704
v 0.00230463 0.00663649 0.00935234
v 0.00447581 0.00663649 0.00852892
v 0.00429958 0.00639822 0.00819314
v 0.00221388 0.00639822 0.00898415
v 0.00998113 0.00678441 -0.00121199
v 0.01042293 0.00683456 -0.00126563
v 0.00981716 0.00683456 -0.00372335
v 0.00940104 0.00678441 -0.00356553
v 0.00240580 0.00678441 0.00976278
v -0.00000051 0.00663649 0.00963224
v -0.00000051 0.00678441 0.01005496
v 0.00998113 0.00678441 -0.00121199
v 0.00940104 0.00678441 -0.00356553
v 0.00900578 0.00663649 -0.00341564
v 0.00240580 0.00678441 0.00976278
v 0.00956149 0.00663649 -0.00116104
v 0.00799401 0.00527960 -0.00303192
v 0.00240580 0.00678441 0.00976278
v 0.00251230 0.00683456 0.01019489
v 0.00487908 0.00683456 0.00929729
v 0.00230463 0.00663649 0.00935234
v 0.00467226 0.00678441 -0.00890322
v 0.00240580 0.00678441 -0.00976278
v 0.00230463 0.00663649 -0.00935233
v 0.00467226 0.00678441 0.00890323
v 0.00240580 0.00678441 0.00976278
v 0.00467226 0.00678441 0.00890323
v 0.00447581 0.00663649 0.00852892
v 0.00467226 0.00678441 -0.00890322
v 0.00487908 0.00683456 -0.00929729
v 0.00251230 0.00683456 -0.01019489
v 0.00230463 0.00663649 0.00935234
v 0.00447581 0.00663649 -0.00852892
v 0.00956149 0.00663649 -0.00116104
v 0.00240580 0.00678441 -0.00976278
v 0.00447581 0.00663649 -0.00852892
v -0.00000051 -0.00516544 0.00850000
v -0.00203469 -0.00516544 0.00825301
v -0.00000051 0.00483456 0.00850000
v -0.00203469 0.00483456 0.00825301
v -0.00203469 0.00483456 0.00825301
v -0.00203469 -0.00516544 0.00825301
v -0.00395066 0.00483456 0.00752638
v -0.00395066 0.00483456 0.00752638
v -0.00395066 -0.00516544 0.00752638
v -0.00563705 0.00483456 0.00636234
v -0.00395066 -0.00516544 0.00752638
v -0.00563705 0.00483456 0.00636234
v -0.00563705 -0.00516544 0.00636234
v -0.00699587 0.00483456 0.00482855
v -0.00563705 -0.00516544 0.00636234
v -0.00699587 0.00483456 0.00482855
v -0.00699587 -0.00516544 0.00482855
v -0.00794815 0.00483456 0.00301414
v -0.00699587 -0.00516544 0.00482855
v -0.00794815 0.00483456 0.00301414
v -0.00794815 -0.00516544 0.00301414
v -0.00843854 0.00483456 0.00102456
v -0.00794815 -0.00516544 0.00301414
v -0.00843854 0.00483456 0.00102456
v -0.00843854 -0.00516544 0.00102456
v -0.00843854 0.00483456 -0.00102456
v -0.00843854 -0.00516544 0.00102456
v -0.00843854 0.00483456 -0.00102456
v -0.00843854 -0.00516544 -0.00102456
v -0.00794815 0.00483456 -0.00301414
v -0.00843854 -0.00516544 -0.00102456
v -0.00794815 0.00483456 -0.00301414
v -0.00794815 -0.00516544 -0.00301414
v -0.00699587 0.00483456 -0.00482855
v -0.00794815 -0.00516544 -0.00301414
v -0.00699587 0.00483456 -0.00482855
v -0.00699587 -0.00516544 -0.00482855
v -0.00563705 0.00483456 -0.00636234
v -0.00699587 -0.00516544 -0.00482855
v -0.00563705 0.00483456 -0.00636234
v -0.00563705 -0.00516544 -0.00636234
v -0.00395066 0.00483456 -0.00752637
v -0.00563705 -0.00516544 -0.00636234
v -0.00395066 0.00483456 -0.00752637
v -0.00395066 -0.00516544 -0.00752637
v -0.00203469 0.00483456 -0.00825300
v -0.00395066 -0.00516544 -0.00752637
v -0.00203469 -0.00516544 -0.00825300
v -0.00203469 0.00483456 -0.00825300
v -0.00000051 -0.00516544 -0.00850000
v -0.00000051 0.00483456 -0.00850000
v -0.00203469 -0.00516544 -0.00825300
v 0.02126828 0.00639822 -0.00806619
v 0.01840780 0.00663649 -0.01270634
v 0.02091371 0.00663649 -0.00793172
v 0.01917661 0.00570233 -0.01323701
v 0.01545153 0.00570233 -0.01744175
v 0.01529353 0.00608154 -0.01726340
v -0.00000051 0.00483456 0.02350000
v 0.00562341 0.00483456 0.02281713
v -0.00000051 0.00527960 0.02344986
v 0.02192548 0.00527960 0.00831543
v 0.02332815 0.00483456 0.00283261
v 0.02327837 0.00527960 0.00282657
v 0.02197237 0.00483456 0.00833322
v 0.00525128 0.00678441 -0.02130736
v -0.00000051 0.00683456 -0.02150000
v 0.00514477 0.00683456 -0.02087525
v 0.02192548 0.00527960 0.00831543
v 0.02313153 0.00570233 0.00280874
v 0.02178718 0.00570233 0.00826298
v 0.01898051 0.00608154 -0.01310165
v -0.00000051 0.00678441 -0.02194504
v 0.02327837 0.00527960 0.00282657
v 0.01019786 0.00678441 0.01943137
v 0.01425663 0.00683456 0.01609298
v 0.00999104 0.00683456 0.01903731
v 0.01455174 0.00678441 0.01642610
v 0.02220417 0.00663649 -0.00269613
v 0.02091371 0.00663649 -0.00793172
v 0.02051846 0.00678441 -0.00778182
v 0.02178452 0.00678441 -0.00264518
v 0.00535244 0.00663649 -0.02171780
v -0.00000051 0.00663649 -0.02236777
v -0.00000051 0.00678441 -0.02194504
v 0.01508353 0.00639822 0.01702636
v 0.01871988 0.00639822 0.01292176
v 0.01840780 0.00663649 0.01270634
v 0.02156439 0.00608154 -0.00817849
v 0.01898051 0.00608154 -0.01310165
v 0.01871988 0.00639822 -0.01292175
v 0.01483206 0.00663649 0.01674252
v 0.02126828 0.00639822 -0.00806619
v 0.00525128 0.00678441 -0.02130736
v 0.01019786 0.00678441 -0.01943137
v 0.00514477 0.00683456 -0.02087525
v 0.00999104 0.00683456 -0.01903730
v 0.01929834 0.00527960 -0.01332103
v 0.01933961 0.00483456 -0.01334952
v 0.01558287 0.00483456 -0.01759000
v 0.01917661 0.00570233 0.01323701
v 0.02156439 0.00608154 0.00817849
v 0.01898051 0.00608154 0.01310166
v 0.01929834 0.00527960 -0.01332103
v 0.01545153 0.00570233 -0.01744175
v 0.01917661 0.00570233 -0.01323701
v 0.01554962 0.00527960 -0.01755247
v 0.00525128 0.00678441 -0.02130736
v 0.01554962 0.00527960 -0.01755247
v 0.00544320 0.00639822 -0.02208599
v -0.00000051 0.00663649 -0.02236777
v 0.00535244 0.00663649 -0.02171780
v 0.02178718 0.00570233 0.00826298
v 0.02178452 0.00678441 0.00264518
v 0.02134273 0.00683456 -0.00259154
v 0.02134273 0.00683456 0.00259154
v 0.01039431 0.00663649 0.01980568
v 0.01455174 0.00678441 0.01642610
v 0.01019786 0.00678441 0.01943137
v -0.00000051 0.00639822 -0.02274698
v 0.02178452 0.00678441 -0.00264518
v 0.01483206 0.00663649 0.01674252
v 0.02258062 0.00639822 -0.00274184
v 0.02126828 0.00639822 -0.00806619
v 0.02091371 0.00663649 -0.00793172
v 0.01039431 0.00663649 -0.01980567
v 0.00535244 0.00663649 -0.02171780
v 0.00525128 0.00678441 -0.02130736
v 0.01529353 0.00608154 0.01726340
v 0.01898051 0.00608154 0.01310166
v 0.01871988 0.00639822 0.01292176
v 0.02220417 0.00663649 -0.00269613
v 0.01508353 0.00639822 0.01702636
v 0.02178718 0.00570233 -0.00826298
v 0.01898051 0.00608154 -0.01310165
v 0.02156439 0.00608154 -0.00817849
v 0.01019786 0.00678441 -0.01943137
v 0.01917661 0.00570233 -0.01323701
v 0.00551898 0.00608154 -0.02239347
v -0.00000051 0.00608154 -0.02306366
v -0.00000051 0.00639822 -0.02274698
v 0.01929834 0.00527960 0.01332104
v 0.01933961 0.00483456 0.01334952
v 0.02197237 0.00483456 0.00833322
v 0.02192548 0.00527960 0.00831543
v 0.00544320 0.00639822 -0.02208599
v 0.01929834 0.00527960 0.01332104
v 0.02192548 0.00527960 0.00831543
v 0.02178718 0.00570233 0.00826298
v 0.01917661 0.00570233 0.01323701
v 0.00525128 0.00678441 0.02130736
v 0.01019786 0.00678441 0.01943137
v 0.00999104 0.00683456 0.01903731
v 0.01455174 0.00678441 -0.01642610
v 0.00999104 0.00683456 -0.01903730
v 0.01425663 0.00683456 -0.01609298
v 0.00514477 0.00683456 0.02087525
v 0.02220417 0.00663649 0.00269614
v 0.02220417 0.00663649 -0.00269613
v 0.02178452 0.00678441 -0.00264518
v 0.01019786 0.00678441 -0.01943137
v 0.00525128 0.00678441 0.02130736
v 0.00514477 0.00683456 0.02087525
v -0.00000051 0.00683456 0.02150000
v -0.00000051 0.00678441 0.02194504
v 0.02178452 0.00678441 0.00264518
v 0.01057054 0.00639822 -0.02014145
v 0.00535244 0.00663649 -0.02171780
v 0.01039431 0.00663649 -0.01980567
v 0.02289499 0.00608154 -0.00278002
v 0.02156439 0.00608154 -0.00817849
v 0.02126828 0.00639822 -0.00806619
v 0.02258062 0.00639822 -0.00274184
v 0.01057054 0.00639822 0.02014145
v 0.01508353 0.00639822 0.01702636
v 0.01483206 0.00663649 0.01674252
v 0.01039431 0.00663649 0.01980568
v 0.00544320 0.00639822 -0.02208599
v 0.02192548 0.00527960 -0.00831543
v 0.02197237 0.00483456 -0.00833321
v 0.01933961 0.00483456 -0.01334952
v 0.01929834 0.00527960 -0.01332103
v 0.00557601 0.00570233 -0.02262482
v -0.00000051 0.00570233 -0.02330194
v -0.00000051 0.00608154 -0.02306366
v 0.02192548 0.00527960 -0.00831543
v 0.01929834 0.00527960 -0.01332103
v 0.01917661 0.00570233 -0.01323701
v 0.01545153 0.00570233 0.01744175
v 0.01898051 0.00608154 0.01310166
v 0.01529353 0.00608154 0.01726340
v 0.02178718 0.00570233 -0.00826298
v 0.02051846 0.00678441 0.00778182
v 0.02134273 0.00683456 0.00259154
v 0.02010234 0.00683456 0.00762401
v 0.00551898 0.00608154 -0.02239347
v 0.02178452 0.00678441 0.00264518
v 0.01917661 0.00570233 0.01323701
v 0.00535244 0.00663649 0.02171780
v 0.00525128 0.00678441 0.02130736
v -0.00000051 0.00678441 0.02194504
v 0.01483206 0.00663649 -0.01674251
v 0.01039431 0.00663649 -0.01980567
v 0.01019786 0.00678441 -0.01943137
v -0.00000051 0.00663649 0.02236777
v 0.01455174 0.00678441 -0.01642610
v 0.00535244 0.00663649 0.02171780
v 0.01039431 0.00663649 0.01980568
v 0.01019786 0.00678441 0.01943137
v 0.00525128 0.00678441 0.02130736
v 0.02258062 0.00639822 0.00274185
v 0.02258062 0.00639822 -0.00274184
v 0.02220417 0.00663649 -0.00269613
v 0.01071771 0.00608154 -0.02042186
v 0.00544320 0.00639822 -0.02208599
v 0.01057054 0.00639822 -0.02014145
v 0.01071771 0.00608154 0.02042186
v 0.01508353 0.00639822 0.01702636
v 0.01057054 0.00639822 0.02014145
v 0.02220417 0.00663649 0.00269614
v 0.00551898 0.00608154 -0.02239347
v 0.02313153 0.00570233 -0.00280874
v 0.02178718 0.00570233 -0.00826298
v 0.02156439 0.00608154 -0.00817849
v 0.01529353 0.00608154 0.01726340
v 0.00561141 0.00527960 -0.02276844
v 0.00562341 0.00483456 -0.02281713
v -0.00000051 0.00483456 -0.02350000
v 0.02289499 0.00608154 -0.00278002
v 0.00561141 0.00527960 -0.02276844
v -0.00000051 0.00527960 -0.02344985
v -0.00000051 0.00570233 -0.02330194
v -0.00000051 0.00527960 -0.02344985
v 0.01554962 0.00527960 0.01755247
v 0.01558287 0.00483456 0.01759000
v 0.01933961 0.00483456 0.01334952
v 0.00557601 0.00570233 -0.02262482
v 0.01929834 0.00527960 0.01332104
v 0.01805990 0.00678441 -0.01246620
v 0.01425663 0.00683456 -0.01609298
v 0.01769364 0.00683456 -0.01221339
v 0.01554962 0.00527960 0.01755247
v 0.01929834 0.00527960 0.01332104
v 0.01917661 0.00570233 0.01323701
v 0.01545153 0.00570233 0.01744175
v 0.02091371 0.00663649 0.00793172
v 0.02220417 0.00663649 0.00269614
v 0.02178452 0.00678441 0.00264518
v 0.00544320 0.00639822 0.02208600
v -0.00000051 0.00663649 0.02236777
v -0.00000051 0.00639822 0.02274698
v 0.02051846 0.00678441 0.00778182
v 0.01455174 0.00678441 -0.01642610
v 0.00535244 0.00663649 0.02171780
v 0.02289499 0.00608154 0.00278002
v 0.02289499 0.00608154 -0.00278002
v 0.02258062 0.00639822 -0.00274184
v 0.00544320 0.00639822 0.02208600
v 0.01057054 0.00639822 0.02014145
v 0.01039431 0.00663649 0.01980568
v 0.02258062 0.00639822 0.00274185
v 0.00535244 0.00663649 0.02171780
v 0.01508353 0.00639822 -0.01702636
v 0.01039431 0.00663649 -0.01980567
v 0.01483206 0.00663649 -0.01674251
v 0.01082844 0.00570233 0.02063284
v 0.01545153 0.00570233 0.01744175
v 0.01529353 0.00608154 0.01726340
v 0.01057054 0.00639822 -0.02014145
v 0.02327837 0.00527960 -0.00282657
v 0.02332815 0.00483456 -0.00283261
v 0.02197237 0.00483456 -0.00833321
v 0.01082844 0.00570233 -0.02063284
v 0.00557601 0.00570233 -0.02262482
v 0.00551898 0.00608154 -0.02239347
v 0.02192548 0.00527960 -0.00831543
v 0.01071771 0.00608154 0.02042186
v 0.02327837 0.00527960 -0.00282657
v 0.02178718 0.00570233 -0.00826298
v 0.02313153 0.00570233 -0.00280874
v 0.01071771 0.00608154 -0.02042186
v 0.02192548 0.00527960 -0.00831543
v 0.00551898 0.00608154 0.02239348
v -0.00000051 0.00639822 0.02274698
v -0.00000051 0.00608154 0.02306367
v 0.01805990 0.00678441 0.01246621
v 0.02010234 0.00683456 0.00762401
v 0.01769364 0.00683456 0.01221339
v 0.00544320 0.00639822 0.02208600
v 0.00551898 0.00608154 0.02239348
v 0.01071771 0.00608154 0.02042186
v 0.01057054 0.00639822 0.02014145
v 0.02051846 0.00678441 0.00778182
v 0.01840780 0.00663649 -0.01270634
v 0.01483206 0.00663649 -0.01674251
v 0.01455174 0.00678441 -0.01642610
v 0.00544320 0.00639822 0.02208600
v 0.01089718 0.00527960 0.02076382
v 0.01092048 0.00483456 0.02080822
v 0.01558287 0.00483456 0.01759000
v 0.01805990 0.00678441 -0.01246620
v 0.01089718 0.00527960 0.02076382
v 0.01545153 0.00570233 0.01744175
v 0.01082844 0.00570233 0.02063284
v 0.01554962 0.00527960 0.01755247
v 0.02126828 0.00639822 0.00806619
v 0.02258062 0.00639822 0.00274185
v 0.02220417 0.00663649 0.00269614
v 0.01554962 0.00527960 0.01755247
v 0.02091371 0.00663649 0.00793172
v 0.01529353 0.00608154 -0.01726340
v 0.01071771 0.00608154 -0.02042186
v 0.01057054 0.00639822 -0.02014145
v 0.00557601 0.00570233 0.02262483
v -0.00000051 0.00608154 0.02306367
v -0.00000051 0.00570233 0.02330194
v 0.00551898 0.00608154 0.02239348
v 0.01508353 0.00639822 -0.01702636
v 0.00557601 0.00570233 0.02262483
v 0.01082844 0.00570233 0.02063284
v 0.01071771 0.00608154 0.02042186
v 0.02313153 0.00570233 0.00280874
v 0.02289499 0.00608154 -0.00278002
v 0.02289499 0.00608154 0.00278002
v 0.01089718 0.00527960 -0.02076381
v 0.01092048 0.00483456 -0.02080821
v 0.00562341 0.00483456 -0.02281713
v 0.00551898 0.00608154 0.02239348
v 0.02313153 0.00570233 -0.00280874
v 0.01089718 0.00527960 -0.02076381
v 0.00557601 0.00570233 -0.02262482
v 0.01082844 0.00570233 -0.02063284
v 0.00561141 0.00527960 0.02276845
v -0.00000051 0.00570233 0.02330194
v -0.00000051 0.00527960 0.02344986
v 0.01840780 0.00663649 0.01270634
v 0.02051846 0.00678441 0.00778182
v 0.01805990 0.00678441 0.01246621
v 0.00561141 0.00527960 -0.02276844
v 0.00561141 0.00527960 0.02276845
v 0.00561141 0.00527960 -0.02276844
v 0.00561141 0.00527960 0.02276845
v 0.00562341 0.00483456 0.02281713
v 0.01092048 0.00483456 0.02080822
v 0.01089718 0.00527960 0.02076382
v 0.02051846 0.00678441 -0.00778182
v 0.01769364 0.00683456 -0.01221339
v 0.02010234 0.00683456 -0.00762400
v 0.00557601 0.00570233 0.02262483
v 0.00561141 0.00527960 0.02276845
v 0.01089718 0.00527960 0.02076382
v 0.01082844 0.00570233 0.02063284
v 0.00557601 0.00570233 0.02262483
v 0.02091371 0.00663649 0.00793172
v 0.01805990 0.00678441 -0.01246620
v 0.02156439 0.00608154 0.00817849
v 0.02258062 0.00639822 0.00274185
v 0.02126828 0.00639822 0.00806619
v 0.01871988 0.00639822 -0.01292175
v 0.01508353 0.00639822 -0.01702636
v 0.01483206 0.00663649 -0.01674251
v 0.02289499 0.00608154 0.00278002
v 0.01840780 0.00663649 -0.01270634
v 0.02327837 0.00527960 0.00282657
v 0.02313153 0.00570233 -0.00280874
v 0.02313153 0.00570233 0.00280874
v 0.01545153 0.00570233 -0.01744175
v 0.01071771 0.00608154 -0.02042186
v 0.01529353 0.00608154 -0.01726340
v 0.02327837 0.00527960 0.00282657
v 0.02332815 0.00483456 0.00283261
v 0.02332815 0.00483456 -0.00283261
v 0.02327837 0.00527960 -0.00282657
v 0.02327837 0.00527960 -0.00282657
v 0.01082844 0.00570233 -0.02063284
v 0.01455174 0.00678441 0.01642610
v 0.01769364 0.00683456 0.01221339
v 0.01425663 0.00683456 0.01609298
v 0.02091371 0.00663649 -0.00793172
v 0.01840780 0.00663649 -0.01270634
v 0.01805990 0.00678441 -0.01246620
v 0.01805990 0.00678441 0.01246621
v 0.02051846 0.00678441 -0.00778182
v 0.01871988 0.00639822 0.01292176
v 0.02091371 0.00663649 0.00793172
v 0.01840780 0.00663649 0.01270634
v 0.01898051 0.00608154 -0.01310165
v 0.01508353 0.00639822 -0.01702636
v 0.01871988 0.00639822 -0.01292175
v 0.02126828 0.00639822 0.00806619
v 0.01529353 0.00608154 -0.01726340
v 0.02178718 0.00570233 0.00826298
v 0.02289499 0.00608154 0.00278002
v 0.02156439 0.00608154 0.00817849
v 0.01554962 0.00527960 -0.01755247
v 0.01092048 0.00483456 -0.02080821
v 0.01089718 0.00527960 -0.02076381
v 0.01554962 0.00527960 -0.01755247
v 0.01089718 0.00527960 -0.02076381
v 0.01082844 0.00570233 -0.02063284
v 0.02313153 0.00570233 0.00280874
v 0.01558287 0.00483456 -0.01759000
v 0.01545153 0.00570233 -0.01744175
v 0.02178452 0.00678441 -0.00264518
v 0.02010234 0.00683456 -0.00762400
v 0.02134273 0.00683456 -0.00259154
v 0.01483206 0.00663649 0.01674252
v 0.01805990 0.00678441 0.01246621
v 0.01455174 0.00678441 0.01642610
v 0.02051846 0.00678441 -0.00778182
v 0.01840780 0.00663649 0.01270634
v 0.01898051 0.00608154 0.01310166
v 0.02156439 0.00608154 0.00817849
v 0.02126828 0.00639822 0.00806619
v 0.01871988 0.00639822 -0.01292175
v 0.01871988 0.00639822 0.01292176
v 0.00397294 -0.00561049 0.00757078
v 0.00576737 -0.00603321 0.00651059
v 0.00404168 -0.00603321 0.00770175
v 0.00998113 -0.00711530 -0.00121199
v 0.00940104 -0.00711530 -0.00356553
v 0.00981716 -0.00716544 -0.00372335
v 0.00208107 -0.00603321 0.00844531
v -0.00000051 -0.00641242 0.00893634
v -0.00000051 -0.00603321 0.00869806
v 0.00848729 -0.00561049 -0.00103060
v 0.00843751 -0.00516544 -0.00102456
v 0.00794713 -0.00516544 -0.00301414
v 0.00799401 -0.00561049 -0.00303192
v 0.00397294 -0.00561049 -0.00757078
v 0.00394964 -0.00516544 -0.00752637
v 0.00203367 -0.00516544 -0.00825300
v 0.00208107 -0.00603321 0.00844531
v 0.00415241 -0.00641242 0.00791274
v 0.00213809 -0.00641242 0.00867666
v 0.00848729 -0.00561049 -0.00103060
v 0.00799401 -0.00561049 -0.00303192
v 0.00813232 -0.00603321 -0.00308437
v 0.00397294 -0.00561049 -0.00757078
v 0.00208107 -0.00603321 -0.00844531
v 0.00404168 -0.00603321 -0.00770175
v 0.00213809 -0.00641242 0.00867666
v 0.00863413 -0.00603321 -0.00104843
v 0.00204567 -0.00561049 -0.00830169
v 0.00404168 -0.00603321 0.00770175
v 0.00863413 -0.00603321 0.00104844
v 0.00887067 -0.00641242 -0.00107715
v 0.00887067 -0.00641242 0.00107716
v 0.00204567 -0.00561049 -0.00830169
v 0.00204567 -0.00561049 0.00830169
v -0.00000051 -0.00603321 0.00869806
v -0.00000051 -0.00561049 0.00855015
v 0.00204567 -0.00561049 0.00830169
v -0.00000051 -0.00561049 0.00855015
v -0.00000051 -0.00516544 0.00850000
v 0.00204567 -0.00561049 0.00830169
v 0.00203367 -0.00516544 0.00825301
v 0.00394964 -0.00516544 0.00752638
v 0.00203367 -0.00516544 0.00825301
v 0.00576737 -0.00603321 -0.00651059
v 0.00415241 -0.00641242 -0.00791273
v 0.00592538 -0.00641242 -0.00668894
v 0.00208107 -0.00603321 0.00844531
v 0.00397294 -0.00561049 0.00757078
v 0.00863413 -0.00603321 -0.00104843
v 0.00204567 -0.00561049 0.00830169
v 0.00397294 -0.00561049 0.00757078
v 0.00404168 -0.00603321 0.00770175
v 0.00404168 -0.00603321 -0.00770175
v 0.00208107 -0.00603321 0.00844531
v 0.00835511 -0.00641242 0.00316887
v 0.00918504 -0.00672911 0.00111533
v 0.00865121 -0.00672911 0.00328117
v 0.00735395 -0.00641242 -0.00507642
v 0.00613537 -0.00672911 -0.00692598
v 0.00761457 -0.00672911 -0.00525631
v 0.00592538 -0.00641242 -0.00668894
v 0.00240580 -0.00711530 -0.00976278
v -0.00000051 -0.00716544 -0.01050000
v 0.00251230 -0.00716544 -0.01019489
v 0.00887067 -0.00641242 0.00107716
v 0.00761457 -0.00672911 0.00525632
v 0.00900578 -0.00696738 0.00341564
v 0.00792666 -0.00696738 0.00547173
v -0.00000051 -0.00711530 -0.01005496
v 0.00865121 -0.00672911 -0.00328116
v 0.00761457 -0.00672911 -0.00525631
v 0.00792666 -0.00696738 -0.00547173
v 0.00865121 -0.00672911 0.00328117
v 0.00900578 -0.00696738 -0.00341564
v 0.00638684 -0.00696738 0.00720983
v 0.00792666 -0.00696738 0.00547173
v 0.00827456 -0.00711530 0.00571187
v 0.00230463 -0.00696738 -0.00935233
v -0.00000051 -0.00696738 -0.00963223
v -0.00000051 -0.00711530 -0.01005496
v 0.00666716 -0.00711530 0.00752625
v 0.00240580 -0.00711530 -0.00976278
v 0.00956149 -0.00696738 -0.00116104
v 0.00900578 -0.00696738 -0.00341564
v 0.00940104 -0.00711530 -0.00356553
v 0.00998113 -0.00711530 -0.00121199
v 0.00467226 -0.00711530 -0.00890322
v 0.00251230 -0.00716544 -0.01019489
v 0.00487908 -0.00716544 -0.00929729
v 0.00467226 -0.00711530 0.00890323
v 0.00666716 -0.00711530 0.00752625
v 0.00696228 -0.00716544 0.00785937
v 0.00998113 -0.00711530 0.00121199
v 0.01042293 -0.00716544 -0.00126563
v 0.01042293 -0.00716544 0.00126564
v 0.00487908 -0.00716544 0.00929729
v 0.00240580 -0.00711530 -0.00976278
v 0.00998113 -0.00711530 -0.00121199
v 0.00848729 -0.00561049 0.00103061
v 0.00863413 -0.00603321 -0.00104843
v 0.00863413 -0.00603321 0.00104844
v 0.00566928 -0.00561049 -0.00639987
v 0.00394964 -0.00516544 -0.00752637
v 0.00397294 -0.00561049 -0.00757078
v 0.00563603 -0.00516544 -0.00636234
v 0.00221388 -0.00672911 -0.00898414
v -0.00000051 -0.00672911 -0.00925302
v -0.00000051 -0.00696738 -0.00963223
v 0.00848729 -0.00561049 0.00103061
v 0.00843751 -0.00516544 0.00102456
v 0.00843751 -0.00516544 -0.00102456
v 0.00566928 -0.00561049 -0.00639987
v 0.00397294 -0.00561049 -0.00757078
v 0.00404168 -0.00603321 -0.00770175
v 0.00848729 -0.00561049 -0.00103060
v 0.00848729 -0.00561049 -0.00103060
v 0.00813232 -0.00603321 0.00308438
v 0.00863413 -0.00603321 0.00104844
v 0.00887067 -0.00641242 0.00107716
v 0.00576737 -0.00603321 -0.00651059
v 0.00230463 -0.00696738 -0.00935233
v 0.00715785 -0.00603321 -0.00494106
v 0.00576737 -0.00603321 -0.00651059
v 0.00592538 -0.00641242 -0.00668894
v 0.00735395 -0.00641242 -0.00507642
v 0.00835511 -0.00641242 0.00316887
v 0.00447581 -0.00696738 -0.00852892
v 0.00240580 -0.00711530 -0.00976278
v 0.00467226 -0.00711530 -0.00890322
v 0.00230463 -0.00696738 -0.00935233
v 0.00735395 -0.00641242 0.00507642
v 0.00865121 -0.00672911 0.00328117
v 0.00761457 -0.00672911 0.00525632
v 0.00835511 -0.00641242 -0.00316887
v 0.00761457 -0.00672911 -0.00525631
v 0.00865121 -0.00672911 -0.00328116
v 0.00666716 -0.00711530 -0.00752624
v 0.00487908 -0.00716544 -0.00929729
v 0.00696228 -0.00716544 -0.00785936
v 0.00735395 -0.00641242 -0.00507642
v 0.00835511 -0.00641242 0.00316887
v 0.00918504 -0.00672911 -0.00111533
v 0.00900578 -0.00696738 -0.00341564
v 0.00956149 -0.00696738 -0.00116104
v 0.00613537 -0.00672911 0.00692599
v 0.00792666 -0.00696738 0.00547173
v 0.00638684 -0.00696738 0.00720983
v 0.00467226 -0.00711530 -0.00890322
v 0.00761457 -0.00672911 0.00525632
v 0.00865121 -0.00672911 -0.00328116
v 0.00213809 -0.00641242 -0.00867666
v -0.00000051 -0.00641242 -0.00893634
v -0.00000051 -0.00672911 -0.00925302
v 0.00221388 -0.00672911 -0.00898414
v 0.00956149 -0.00696738 0.00116104
v 0.00956149 -0.00696738 -0.00116104
v 0.00998113 -0.00711530 -0.00121199
v 0.00429958 -0.00672911 -0.00819314
v 0.00221388 -0.00672911 -0.00898414
v 0.00230463 -0.00696738 -0.00935233
v 0.00998113 -0.00711530 0.00121199
v 0.00447581 -0.00696738 -0.00852892
v 0.00447581 -0.00696738 0.00852892
v 0.00666716 -0.00711530 0.00752625
v 0.00467226 -0.00711530 0.00890323
v 0.00638684 -0.00696738 0.00720983
v 0.00240580 -0.00711530 0.00976278
v 0.00487908 -0.00716544 0.00929729
v 0.00251230 -0.00716544 0.01019489
v 0.00940104 -0.00711530 0.00356554
v 0.01042293 -0.00716544 0.00126564
v 0.00981716 -0.00716544 0.00372335
v 0.00240580 -0.00711530 0.00976278
v 0.00251230 -0.00716544 0.01019489
v -0.00000051 -0.00716544 0.01050000
v -0.00000051 -0.00711530 0.01005496
v 0.00467226 -0.00711530 0.00890323
v 0.00799401 -0.00561049 0.00303193
v 0.00848729 -0.00561049 0.00103061
v 0.00863413 -0.00603321 0.00104844
v 0.00998113 -0.00711530 0.00121199
v 0.00638684 -0.00696738 -0.00720983
v 0.00447581 -0.00696738 -0.00852892
v 0.00467226 -0.00711530 -0.00890322
v 0.00799401 -0.00561049 0.00303193
v 0.00794713 -0.00516544 0.00301414
v 0.00843751 -0.00516544 0.00102456
v 0.00703612 -0.00561049 -0.00485703
v 0.00699485 -0.00516544 -0.00482855
v 0.00563603 -0.00516544 -0.00636234
v 0.00666716 -0.00711530 -0.00752624
v 0.00848729 -0.00561049 0.00103061
v 0.00703612 -0.00561049 -0.00485703
v 0.00576737 -0.00603321 -0.00651059
v 0.00715785 -0.00603321 -0.00494106
v 0.00566928 -0.00561049 -0.00639987
v 0.00827456 -0.00711530 -0.00571187
v 0.00696228 -0.00716544 -0.00785936
v 0.00864082 -0.00716544 -0.00596468
v 0.00813232 -0.00603321 0.00308438
v 0.00566928 -0.00561049 -0.00639987
v 0.00715785 -0.00603321 0.00494106
v 0.00813232 -0.00603321 0.00308438
v 0.00835511 -0.00641242 0.00316887
v 0.00666716 -0.00711530 -0.00752624
v 0.00735395 -0.00641242 0.00507642
v 0.00813232 -0.00603321 -0.00308437
v 0.00715785 -0.00603321 -0.00494106
v 0.00735395 -0.00641242 -0.00507642
v 0.00835511 -0.00641242 -0.00316887
v 0.00208107 -0.00603321 -0.00844531
v -0.00000051 -0.00603321 -0.00869806
v -0.00000051 -0.00641242 -0.00893634
v 0.00592538 -0.00641242 0.00668895
v 0.00761457 -0.00672911 0.00525632
v 0.00613537 -0.00672911 0.00692599
v 0.00887067 -0.00641242 -0.00107715
v 0.00835511 -0.00641242 -0.00316887
v 0.00865121 -0.00672911 -0.00328116
v 0.00213809 -0.00641242 -0.00867666
v 0.00735395 -0.00641242 0.00507642
v 0.00918504 -0.00672911 -0.00111533
v 0.00415241 -0.00641242 -0.00791273
v 0.00221388 -0.00672911 -0.00898414
v 0.00429958 -0.00672911 -0.00819314
v 0.00918504 -0.00672911 0.00111533
v 0.00918504 -0.00672911 -0.00111533
v 0.00956149 -0.00696738 -0.00116104
v 0.00429958 -0.00672911 0.00819314
v 0.00613537 -0.00672911 0.00692599
v 0.00638684 -0.00696738 0.00720983
v 0.00956149 -0.00696738 0.00116104
v 0.00213809 -0.00641242 -0.00867666
v 0.00613537 -0.00672911 -0.00692598
v 0.00447581 -0.00696738 -0.00852892
v 0.00638684 -0.00696738 -0.00720983
v 0.00447581 -0.00696738 0.00852892
v 0.00230463 -0.00696738 0.00935234
v 0.00240580 -0.00711530 0.00976278
v -0.00000051 -0.00711530 0.01005496
v -0.00000051 -0.00696738 0.00963224
v 0.00429958 -0.00672911 -0.00819314
v 0.00230463 -0.00696738 0.00935234
v 0.00447581 -0.00696738 0.00852892
v 0.00467226 -0.00711530 0.00890323
v 0.00240580 -0.00711530 0.00976278
v 0.00703612 -0.00561049 0.00485704
v 0.00794713 -0.00516544 0.00301414
v 0.00799401 -0.00561049 0.00303193
v 0.00900578 -0.00696738 0.00341564
v 0.00956149 -0.00696738 0.00116104
v 0.00998113 -0.00711530 0.00121199
v 0.00703612 -0.00561049 0.00485704
v 0.00813232 -0.00603321 0.00308438
v 0.00715785 -0.00603321 0.00494106
v 0.00940104 -0.00711530 0.00356554
v 0.00699485 -0.00516544 0.00482855
v 0.00792666 -0.00696738 -0.00547173
v 0.00638684 -0.00696738 -0.00720983
v 0.00666716 -0.00711530 -0.00752624
v 0.00799401 -0.00561049 0.00303193
v 0.00827456 -0.00711530 0.00571187
v 0.00981716 -0.00716544 0.00372335
v 0.00864082 -0.00716544 0.00596468
v 0.00827456 -0.00711530 -0.00571187
v 0.00940104 -0.00711530 -0.00356553
v 0.00864082 -0.00716544 -0.00596468
v 0.00981716 -0.00716544 -0.00372335
v 0.00940104 -0.00711530 0.00356554
v 0.00576737 -0.00603321 0.00651059
v 0.00715785 -0.00603321 0.00494106
v 0.00735395 -0.00641242 0.00507642
v 0.00799401 -0.00561049 -0.00303192
v 0.00794713 -0.00516544 -0.00301414
v 0.00699485 -0.00516544 -0.00482855
v 0.00827456 -0.00711530 -0.00571187
v 0.00592538 -0.00641242 0.00668895
v 0.00703612 -0.00561049 -0.00485703
v 0.00799401 -0.00561049 -0.00303192
v 0.00703612 -0.00561049 -0.00485703
v 0.00715785 -0.00603321 -0.00494106
v 0.00813232 -0.00603321 -0.00308437
v 0.00204567 -0.00561049 -0.00830169
v -0.00000051 -0.00603321 -0.00869806
v 0.00208107 -0.00603321 -0.00844531
v 0.00204567 -0.00561049 -0.00830169
v 0.00203367 -0.00516544 -0.00825300
v -0.00000051 -0.00516544 -0.00850000
v 0.00415241 -0.00641242 0.00791274
v 0.00592538 -0.00641242 0.00668895
v 0.00613537 -0.00672911 0.00692599
v -0.00000051 -0.00561049 -0.00855014
v 0.00429958 -0.00672911 0.00819314
v -0.00000051 -0.00561049 -0.00855014
v 0.00863413 -0.00603321 -0.00104843
v 0.00813232 -0.00603321 -0.00308437
v 0.00835511 -0.00641242 -0.00316887
v 0.00221388 -0.00672911 0.00898415
v -0.00000051 -0.00696738 0.00963224
v -0.00000051 -0.00672911 0.00925302
v 0.00404168 -0.00603321 -0.00770175
v 0.00213809 -0.00641242 -0.00867666
v 0.00415241 -0.00641242 -0.00791273
v 0.00887067 -0.00641242 -0.00107715
v 0.00208107 -0.00603321 -0.00844531
v 0.00230463 -0.00696738 0.00935234
v 0.00221388 -0.00672911 0.00898415
v 0.00429958 -0.00672911 0.00819314
v 0.00447581 -0.00696738 0.00852892
v 0.00887067 -0.00641242 0.00107716
v 0.00918504 -0.00672911 -0.00111533
v 0.00918504 -0.00672911 0.00111533
v 0.00230463 -0.00696738 0.00935234
v 0.00566928 -0.00561049 0.00639988
v 0.00563603 -0.00516544 0.00636234
v 0.00699485 -0.00516544 0.00482855
v 0.00887067 -0.00641242 -0.00107715
v 0.00592538 -0.00641242 -0.00668894
v 0.00429958 -0.00672911 -0.00819314
v 0.00613537 -0.00672911 -0.00692598
v 0.00566928 -0.00561049 0.00639988
v 0.00703612 -0.00561049 0.00485704
v 0.00715785 -0.00603321 0.00494106
v 0.00703612 -0.00561049 0.00485704
v 0.00576737 -0.00603321 0.00651059
v 0.00415241 -0.00641242 -0.00791273
v 0.00865121 -0.00672911 0.00328117
v 0.00918504 -0.00672911 0.00111533
v 0.00956149 -0.00696738 0.00116104
v 0.00900578 -0.00696738 0.00341564
v 0.00761457 -0.00672911 -0.00525631
v 0.00638684 -0.00696738 -0.00720983
v 0.00792666 -0.00696738 -0.00547173
v 0.00404168 -0.00603321 0.00770175
v 0.00592538 -0.00641242 0.00668895
v 0.00415241 -0.00641242 0.00791274
v 0.00613537 -0.00672911 -0.00692598
v 0.00576737 -0.00603321 0.00651059
v 0.00792666 -0.00696738 0.00547173
v 0.00900578 -0.00696738 0.00341564
v 0.00940104 -0.00711530 0.00356554
v 0.00213809 -0.00641242 0.00867666
v -0.00000051 -0.00672911 0.00925302
v -0.00000051 -0.00641242 0.00893634
v 0.00213809 -0.00641242 0.00867666
v 0.00415241 -0.00641242 0.00791274
v 0.00429958 -0.00672911 0.00819314
v 0.00221388 -0.00672911 0.00898415
v 0.00900578 -0.00696738 -0.00341564
v 0.00827456 -0.00711530 -0.00571187
v 0.00940104 -0.00711530 -0.00356553
v 0.00221388 -0.00672911 0.00898415
v 0.00827456 -0.00711530 0.00571187
v 0.00792666 -0.00696738 -0.00547173
v 0.00397294 -0.00561049 0.00757078
v 0.00563603 -0.00516544 0.00636234
v 0.00566928 -0.00561049 0.00639988
v 0.01042293 -0.00716544 -0.00126563
v 0.00394964 -0.00516544 0.00752638
v 0.00666716 -0.00711530 0.00752625
v 0.00864082 -0.00716544 0.00596468
v 0.00696228 -0.00716544 0.00785937
v 0.00566928 -0.00561049 0.00639988
v 0.00827456 -0.00711530 0.00571187
v 0.00562341 -0.00516544 -0.02281713
v -0.00000051 0.00483456 -0.02350000
v 0.00562341 0.00483456 -0.02281713
v -0.00000051 -0.00516544 -0.02350000
v 0.01092048 -0.00516544 -0.02080821
v 0.00562341 0.00483456 -0.02281713
v 0.01092048 0.00483456 -0.02080821
v 0.00562341 -0.00516544 -0.02281713
v 0.01558287 -0.00516544 -0.01759000
v 0.01092048 0.00483456 -0.02080821
v 0.01558287 0.00483456 -0.01759000
v 0.01092048 -0.00516544 -0.02080821
v 0.01933961 -0.00516544 -0.01334952
v 0.01558287 0.00483456 -0.01759000
v 0.01933961 0.00483456 -0.01334952
v 0.01558287 -0.00516544 -0.01759000
v 0.02197237 -0.00516544 -0.00833321
v 0.01933961 0.00483456 -0.01334952
v 0.02197237 0.00483456 -0.00833321
v 0.01933961 -0.00516544 -0.01334952
v 0.02332815 -0.00516544 -0.00283261
v 0.02197237 0.00483456 -0.00833321
v 0.02332815 0.00483456 -0.00283261
v 0.02197237 -0.00516544 -0.00833321
v 0.02332815 -0.00516544 0.00283261
v 0.02332815 0.00483456 -0.00283261
v 0.02332815 0.00483456 0.00283261
v 0.02332815 -0.00516544 -0.00283261
v 0.02197237 -0.00516544 0.00833322
v 0.02332815 0.00483456 0.00283261
v 0.02197237 0.00483456 0.00833322
v 0.02332815 -0.00516544 0.00283261
v 0.01933961 -0.00516544 0.01334952
v 0.02197237 0.00483456 0.00833322
v 0.01933961 0.00483456 0.01334952
v 0.02197237 -0.00516544 0.00833322
v 0.01558287 -0.00516544 0.01759000
v 0.01933961 0.00483456 0.01334952
v 0.01558287 0.00483456 0.01759000
v 0.01933961 -0.00516544 0.01334952
v 0.01092048 -0.00516544 0.02080822
v 0.01558287 0.00483456 0.01759000
v 0.01092048 0.00483456 0.02080822
v 0.01558287 -0.00516544 0.01759000
v 0.00562341 -0.00516544 0.02281713
v 0.01092048 0.00483456 0.02080822
v 0.00562341 0.00483456 0.02281713
v 0.01092048 -0.00516544 0.02080822
v -0.00000051 -0.00516544 0.02350000
v 0.00562341 0.00483456 0.02281713
v -0.00000051 0.00483456 0.02350000
v 0.00562341 -0.00516544 0.02281713
v 0.01898051 -0.00641242 0.01310166
v 0.02178718 -0.00603321 0.00826298
v 0.01917661 -0.00603321 0.01323701
v 0.01871988 -0.00672911 -0.01292175
v 0.01508353 -0.00672911 -0.01702636
v 0.01529353 -0.00641242 -0.01726340
v 0.01455174 -0.00711530 -0.01642610
v 0.01019786 -0.00711530 -0.01943137
v 0.01039431 -0.00696738 -0.01980567
v 0.02156439 -0.00641242 0.00817849
v 0.01455174 -0.00711530 -0.01642610
v 0.01425663 -0.00716544 -0.01609298
v 0.00999104 -0.00716544 -0.01903730
v 0.01483206 -0.00696738 -0.01674251
v 0.02091371 -0.00696738 0.00793172
v 0.02258062 -0.00672911 0.00274185
v 0.02126828 -0.00672911 0.00806619
v 0.01019786 -0.00711530 -0.01943137
v 0.02220417 -0.00696738 0.00269614
v 0.02327837 -0.00561049 -0.00282657
v 0.02197237 -0.00516544 -0.00833321
v 0.02332815 -0.00516544 -0.00283261
v 0.02192548 -0.00561049 -0.00831543
v 0.01545153 -0.00603321 0.01744175
v 0.01929834 -0.00561049 0.01332104
v 0.01554962 -0.00561049 0.01755247
v 0.01917661 -0.00603321 0.01323701
v 0.01871988 -0.00672911 0.01292176
v 0.02126828 -0.00672911 0.00806619
v 0.02156439 -0.00641242 0.00817849
v 0.02156439 -0.00641242 -0.00817849
v 0.01917661 -0.00603321 -0.01323701
v 0.02178718 -0.00603321 -0.00826298
v 0.01898051 -0.00641242 0.01310166
v 0.01898051 -0.00641242 -0.01310165
v 0.00561141 -0.00561049 -0.02276844
v -0.00000051 -0.00516544 -0.02350000
v 0.00562341 -0.00516544 -0.02281713
v 0.01840780 -0.00696738 -0.01270634
v 0.01508353 -0.00672911 -0.01702636
v 0.01871988 -0.00672911 -0.01292175
v -0.00000051 -0.00561049 -0.02344985
v 0.01483206 -0.00696738 -0.01674251
v 0.02051846 -0.00711530 0.00778182
v 0.02134273 -0.00716544 0.00259154
v 0.02178452 -0.00711530 0.00264518
v 0.02010234 -0.00716544 0.00762401
v 0.02051846 -0.00711530 0.00778182
v 0.02220417 -0.00696738 0.00269614
v 0.02091371 -0.00696738 0.00793172
v 0.00557601 -0.00603321 -0.02262482
v -0.00000051 -0.00603321 -0.02330194
v -0.00000051 -0.00561049 -0.02344985
v 0.02178452 -0.00711530 0.00264518
v 0.02313153 -0.00603321 -0.00280874
v 0.02178718 -0.00603321 -0.00826298
v 0.02192548 -0.00561049 -0.00831543
v 0.02327837 -0.00561049 -0.00282657
v 0.01089718 -0.00561049 0.02076382
v 0.01558287 -0.00516544 0.01759000
v 0.01092048 -0.00516544 0.02080822
v 0.00561141 -0.00561049 -0.02276844
v 0.02126828 -0.00672911 -0.00806619
v 0.01871988 -0.00672911 -0.01292175
v 0.01898051 -0.00641242 -0.01310165
v 0.01089718 -0.00561049 -0.02076381
v 0.00562341 -0.00516544 -0.02281713
v 0.01092048 -0.00516544 -0.02080821
v 0.01554962 -0.00561049 0.01755247
v 0.02156439 -0.00641242 -0.00817849
v 0.01529353 -0.00641242 0.01726340
v 0.01898051 -0.00641242 0.01310166
v 0.01917661 -0.00603321 0.01323701
v 0.01545153 -0.00603321 0.01744175
v 0.00561141 -0.00561049 -0.02276844
v 0.01805990 -0.00711530 -0.01246620
v 0.01769364 -0.00716544 -0.01221339
v 0.01425663 -0.00716544 -0.01609298
v 0.00551898 -0.00641242 -0.02239347
v -0.00000051 -0.00603321 -0.02330194
v 0.00557601 -0.00603321 -0.02262482
v 0.01455174 -0.00711530 -0.01642610
v 0.01805990 -0.00711530 -0.01246620
v 0.01455174 -0.00711530 -0.01642610
v 0.01483206 -0.00696738 -0.01674251
v -0.00000051 -0.00641242 -0.02306366
v 0.01840780 -0.00696738 0.01270634
v 0.02126828 -0.00672911 0.00806619
v 0.01871988 -0.00672911 0.01292176
v 0.01840780 -0.00696738 -0.01270634
v 0.02327837 -0.00561049 0.00282657
v 0.02332815 -0.00516544 -0.00283261
v 0.02332815 -0.00516544 0.00283261
v 0.02327837 -0.00561049 -0.00282657
v 0.02091371 -0.00696738 0.00793172
v 0.01082844 -0.00603321 -0.02063284
v 0.00557601 -0.00603321 -0.02262482
v 0.00561141 -0.00561049 -0.02276844
v 0.02289499 -0.00641242 -0.00278002
v 0.02156439 -0.00641242 -0.00817849
v 0.02178718 -0.00603321 -0.00826298
v 0.02313153 -0.00603321 -0.00280874
v 0.01089718 -0.00561049 -0.02076381
v 0.01082844 -0.00603321 0.02063284
v 0.01545153 -0.00603321 0.01744175
v 0.01554962 -0.00561049 0.01755247
v 0.00544320 -0.00672911 -0.02208599
v -0.00000051 -0.00672911 -0.02274698
v -0.00000051 -0.00641242 -0.02306366
v 0.01089718 -0.00561049 0.02076382
v 0.01508353 -0.00672911 0.01702636
v 0.01898051 -0.00641242 0.01310166
v 0.01529353 -0.00641242 0.01726340
v 0.02091371 -0.00696738 -0.00793172
v 0.01840780 -0.00696738 -0.01270634
v 0.01871988 -0.00672911 -0.01292175
v 0.01871988 -0.00672911 0.01292176
v 0.02126828 -0.00672911 -0.00806619
v 0.00551898 -0.00641242 -0.02239347
v 0.01554962 -0.00561049 -0.01755247
v 0.01089718 -0.00561049 -0.02076381
v 0.01092048 -0.00516544 -0.02080821
v 0.01558287 -0.00516544 -0.01759000
v 0.01805990 -0.00711530 0.01246621
v 0.01769364 -0.00716544 0.01221339
v 0.02010234 -0.00716544 0.00762401
v 0.01805990 -0.00711530 0.01246621
v 0.02051846 -0.00711530 0.00778182
v 0.02091371 -0.00696738 0.00793172
v 0.01840780 -0.00696738 0.01270634
v 0.02313153 -0.00603321 0.00280874
v 0.02313153 -0.00603321 -0.00280874
v 0.02327837 -0.00561049 -0.00282657
v 0.01071771 -0.00641242 -0.02042186
v 0.00557601 -0.00603321 -0.02262482
v 0.01082844 -0.00603321 -0.02063284
v 0.02051846 -0.00711530 0.00778182
v 0.02327837 -0.00561049 0.00282657
v 0.00561141 -0.00561049 0.02276845
v 0.00562341 -0.00516544 0.02281713
v -0.00000051 -0.00516544 0.02350000
v 0.00561141 -0.00561049 0.02276845
v 0.01092048 -0.00516544 0.02080822
v 0.00562341 -0.00516544 0.02281713
v -0.00000051 -0.00561049 0.02344986
v 0.02258062 -0.00672911 -0.00274184
v 0.02126828 -0.00672911 -0.00806619
v 0.02156439 -0.00641242 -0.00817849
v 0.01089718 -0.00561049 0.02076382
v 0.02289499 -0.00641242 -0.00278002
v 0.00551898 -0.00641242 -0.02239347
v 0.01071771 -0.00641242 0.02042186
v 0.01545153 -0.00603321 0.01744175
v 0.01082844 -0.00603321 0.02063284
v 0.01529353 -0.00641242 0.01726340
v 0.00535244 -0.00696738 -0.02171780
v -0.00000051 -0.00696738 -0.02236777
v -0.00000051 -0.00672911 -0.02274698
v 0.02051846 -0.00711530 -0.00778182
v 0.02010234 -0.00716544 -0.00762400
v 0.01769364 -0.00716544 -0.01221339
v 0.02051846 -0.00711530 -0.00778182
v 0.01840780 -0.00696738 -0.01270634
v 0.02091371 -0.00696738 -0.00793172
v 0.00544320 -0.00672911 -0.02208599
v 0.01805990 -0.00711530 -0.01246620
v 0.01805990 -0.00711530 -0.01246620
v 0.01545153 -0.00603321 -0.01744175
v 0.01082844 -0.00603321 -0.02063284
v 0.01089718 -0.00561049 -0.02076381
v 0.02192548 -0.00561049 0.00831543
v 0.02332815 -0.00516544 0.00283261
v 0.02197237 -0.00516544 0.00833322
v 0.01554962 -0.00561049 -0.01755247
v 0.01483206 -0.00696738 0.01674252
v 0.01840780 -0.00696738 0.01270634
v 0.01871988 -0.00672911 0.01292176
v 0.01508353 -0.00672911 0.01702636
v 0.02327837 -0.00561049 0.00282657
v 0.00557601 -0.00603321 0.02262483
v 0.00561141 -0.00561049 0.02276845
v -0.00000051 -0.00561049 0.02344986
v 0.02289499 -0.00641242 0.00278002
v 0.02289499 -0.00641242 -0.00278002
v 0.02313153 -0.00603321 -0.00280874
v 0.01057054 -0.00672911 -0.02014145
v 0.00544320 -0.00672911 -0.02208599
v 0.00551898 -0.00641242 -0.02239347
v -0.00000051 -0.00603321 0.02330194
v 0.02313153 -0.00603321 0.00280874
v 0.01071771 -0.00641242 -0.02042186
v 0.00557601 -0.00603321 0.02262483
v 0.01082844 -0.00603321 0.02063284
v 0.01089718 -0.00561049 0.02076382
v 0.00525128 -0.00711530 -0.02130736
v 0.00514477 -0.00716544 -0.02087525
v -0.00000051 -0.00716544 -0.02150000
v 0.00525128 -0.00711530 -0.02130736
v -0.00000051 -0.00711530 -0.02194504
v -0.00000051 -0.00696738 -0.02236777
v 0.00561141 -0.00561049 0.02276845
v 0.02220417 -0.00696738 -0.00269613
v 0.02091371 -0.00696738 -0.00793172
v 0.02126828 -0.00672911 -0.00806619
v -0.00000051 -0.00711530 -0.02194504
v 0.01057054 -0.00672911 0.02014145
v 0.01529353 -0.00641242 0.01726340
v 0.01071771 -0.00641242 0.02042186
v 0.00535244 -0.00696738 -0.02171780
v 0.02258062 -0.00672911 -0.00274184
v 0.01929834 -0.00561049 -0.01332103
v 0.01558287 -0.00516544 -0.01759000
v 0.01933961 -0.00516544 -0.01334952
v 0.01508353 -0.00672911 0.01702636
v 0.02178718 -0.00603321 0.00826298
v 0.02313153 -0.00603321 0.00280874
v 0.02327837 -0.00561049 0.00282657
v 0.02192548 -0.00561049 0.00831543
v 0.01554962 -0.00561049 -0.01755247
v 0.01455174 -0.00711530 0.01642610
v 0.01425663 -0.00716544 0.01609298
v 0.01769364 -0.00716544 0.01221339
v 0.01805990 -0.00711530 0.01246621
v 0.01455174 -0.00711530 0.01642610
v 0.01840780 -0.00696738 0.01270634
v 0.01483206 -0.00696738 0.01674252
v 0.01529353 -0.00641242 -0.01726340
v 0.01082844 -0.00603321 -0.02063284
v 0.01545153 -0.00603321 -0.01744175
v 0.01805990 -0.00711530 0.01246621
v 0.02258062 -0.00672911 0.00274185
v 0.02289499 -0.00641242 -0.00278002
v 0.02289499 -0.00641242 0.00278002
v 0.01071771 -0.00641242 -0.02042186
v 0.00551898 -0.00641242 0.02239348
v -0.00000051 -0.00603321 0.02330194
v -0.00000051 -0.00641242 0.02306367
v 0.02258062 -0.00672911 -0.00274184
v 0.00551898 -0.00641242 0.02239348
v 0.01071771 -0.00641242 0.02042186
v 0.01082844 -0.00603321 0.02063284
v 0.01039431 -0.00696738 -0.01980567
v 0.00544320 -0.00672911 -0.02208599
v 0.01057054 -0.00672911 -0.02014145
v 0.00557601 -0.00603321 0.02262483
v 0.02178452 -0.00711530 -0.00264518
v 0.02134273 -0.00716544 -0.00259154
v 0.02010234 -0.00716544 -0.00762400
v 0.00557601 -0.00603321 0.02262483
v 0.02178452 -0.00711530 -0.00264518
v 0.02091371 -0.00696738 -0.00793172
v 0.02220417 -0.00696738 -0.00269613
v 0.02051846 -0.00711530 -0.00778182
v 0.00535244 -0.00696738 -0.02171780
v 0.02051846 -0.00711530 -0.00778182
v 0.01039431 -0.00696738 0.01980568
v 0.01483206 -0.00696738 0.01674252
v 0.01508353 -0.00672911 0.01702636
v 0.01917661 -0.00603321 -0.01323701
v 0.01545153 -0.00603321 -0.01744175
v 0.01554962 -0.00561049 -0.01755247
v 0.01057054 -0.00672911 0.02014145
v 0.01929834 -0.00561049 0.01332104
v 0.02197237 -0.00516544 0.00833322
v 0.01933961 -0.00516544 0.01334952
v 0.01929834 -0.00561049 -0.01332103
v 0.02192548 -0.00561049 0.00831543
v 0.00544320 -0.00672911 0.02208600
v 0.01071771 -0.00641242 0.02042186
v 0.00551898 -0.00641242 0.02239348
v 0.01057054 -0.00672911 0.02014145
v 0.00544320 -0.00672911 0.02208600
v -0.00000051 -0.00641242 0.02306367
v -0.00000051 -0.00672911 0.02274698
v 0.01508353 -0.00672911 -0.01702636
v 0.01071771 -0.00641242 -0.02042186
v 0.01529353 -0.00641242 -0.01726340
v 0.00551898 -0.00641242 0.02239348
v 0.01057054 -0.00672911 -0.02014145
v 0.02156439 -0.00641242 0.00817849
v 0.02313153 -0.00603321 0.00280874
v 0.02178718 -0.00603321 0.00826298
v 0.02289499 -0.00641242 0.00278002
v 0.01019786 -0.00711530 0.01943137
v 0.00999104 -0.00716544 0.01903731
v 0.01425663 -0.00716544 0.01609298
v 0.01019786 -0.00711530 0.01943137
v 0.01483206 -0.00696738 0.01674252
v 0.01039431 -0.00696738 0.01980568
v 0.01019786 -0.00711530 -0.01943137
v 0.00999104 -0.00716544 -0.01903730
v 0.00514477 -0.00716544 -0.02087525
v 0.01455174 -0.00711530 0.01642610
v 0.01019786 -0.00711530 -0.01943137
v 0.00535244 -0.00696738 -0.02171780
v 0.01039431 -0.00696738 -0.01980567
v 0.01455174 -0.00711530 0.01642610
v 0.00525128 -0.00711530 -0.02130736
v 0.02220417 -0.00696738 0.00269614
v 0.02220417 -0.00696738 -0.00269613
v 0.02258062 -0.00672911 -0.00274184
v 0.00525128 -0.00711530 -0.02130736
v 0.00535244 -0.00696738 0.02171780
v -0.00000051 -0.00672911 0.02274698
v -0.00000051 -0.00696738 0.02236777
v 0.02258062 -0.00672911 0.00274185
v 0.02192548 -0.00561049 -0.00831543
v 0.01933961 -0.00516544 -0.01334952
v 0.02197237 -0.00516544 -0.00833321
v 0.00544320 -0.00672911 0.02208600
v 0.01917661 -0.00603321 0.01323701
v 0.02192548 -0.00561049 0.00831543
v 0.01929834 -0.00561049 0.01332104
v 0.00535244 -0.00696738 0.02171780
v 0.01057054 -0.00672911 0.02014145
v 0.00544320 -0.00672911 0.02208600
v 0.01929834 -0.00561049 -0.01332103
v 0.01039431 -0.00696738 0.01980568
v 0.00525128 -0.00711530 0.02130736
v -0.00000051 -0.00696738 0.02236777
v -0.00000051 -0.00711530 0.02194504
v 0.00525128 -0.00711530 0.02130736
v -0.00000051 -0.00711530 0.02194504
v -0.00000051 -0.00716544 0.02150000
v 0.02178718 -0.00603321 0.00826298
v 0.00514477 -0.00716544 0.02087525
v 0.00525128 -0.00711530 0.02130736
v 0.00514477 -0.00716544 0.02087525
v 0.00999104 -0.00716544 0.01903731
v 0.02126828 -0.00672911 0.00806619
v 0.02289499 -0.00641242 0.00278002
v 0.02156439 -0.00641242 0.00817849
v 0.01019786 -0.00711530 0.01943137
v 0.01898051 -0.00641242 -0.01310165
v 0.01545153 -0.00603321 -0.01744175
v 0.01917661 -0.00603321 -0.01323701
v 0.00535244 -0.00696738 0.02171780
v 0.00525128 -0.00711530 0.02130736
v 0.01019786 -0.00711530 0.01943137
v 0.01039431 -0.00696738 0.01980568
v 0.01529353 -0.00641242 -0.01726340
v 0.00535244 -0.00696738 0.02171780
v 0.02258062 -0.00672911 0.00274185
v 0.01483206 -0.00696738 -0.01674251
v 0.01039431 -0.00696738 -0.01980567
v 0.01057054 -0.00672911 -0.02014145
v 0.02178452 -0.00711530 0.00264518
v 0.02220417 -0.00696738 -0.00269613
v 0.02220417 -0.00696738 0.00269614
v 0.01508353 -0.00672911 -0.01702636
v 0.02178452 -0.00711530 0.00264518
v 0.02134273 -0.00716544 0.00259154
v 0.02134273 -0.00716544 -0.00259154
v 0.02178452 -0.00711530 -0.00264518
v 0.02178452 -0.00711530 -0.00264518
v 0.02178718 -0.00603321 -0.00826298
v 0.01917661 -0.00603321 -0.01323701
v 0.01929834 -0.00561049 -0.01332103
v 0.01554962 -0.00561049 0.01755247
v 0.01933961 -0.00516544 0.01334952
v 0.01558287 -0.00516544 0.01759000
v 0.02192548 -0.00561049 -0.00831543
v 0.01929834 -0.00561049 0.01332104
v 0.01898051 -0.00641242 -0.01310165
v -0.00956251 0.00663649 -0.00116104
v -0.00918607 0.00639822 0.00111533
v -0.00918607 0.00639822 -0.00111533
v -0.00865224 0.00639822 -0.00328116
v -0.00918607 0.00639822 -0.00111533
v -0.00887169 0.00608154 -0.00107715
v -0.00638786 0.00663649 0.00720983
v -0.00430061 0.00639822 0.00819314
v -0.00613640 0.00639822 0.00692599
v -0.00447683 0.00663649 0.00852892
v -0.00761560 0.00639822 0.00525632
v -0.00613640 0.00639822 0.00692599
v -0.00592640 0.00608154 0.00668895
v -0.00835613 0.00608154 -0.00316887
v -0.00735497 0.00608154 -0.00507642
v -0.00813334 0.00570233 -0.00308437
v -0.00715888 0.00570233 -0.00494106
v -0.00203469 0.00483456 0.00825301
v -0.00000051 0.00527960 0.00855015
v -0.00000051 0.00483456 0.00850000
v -0.00835613 0.00608154 -0.00316887
v -0.00000051 0.00683456 -0.01050000
v -0.00251333 0.00683456 -0.01019489
v -0.00000051 0.00678441 -0.01005496
v -0.00735497 0.00608154 0.00507642
v -0.00835613 0.00608154 0.00316887
v -0.00735497 0.00608154 0.00507642
v -0.00715888 0.00570233 0.00494106
v -0.00576839 0.00570233 -0.00651059
v -0.00715888 0.00570233 -0.00494106
v -0.00703714 0.00527960 -0.00485703
v -0.00567031 0.00527960 -0.00639987
v -0.00204669 0.00527960 0.00830169
v -0.00813334 0.00570233 0.00308438
v -0.00208209 0.00570233 0.00844531
v -0.00000051 0.00570233 0.00869806
v -0.00000051 0.00527960 0.00855015
v -0.00863516 0.00570233 0.00104844
v -0.00813334 0.00570233 0.00308438
v -0.00799504 0.00527960 0.00303193
v -0.00397396 0.00527960 -0.00757078
v -0.00567031 0.00527960 -0.00639987
v -0.00563705 0.00483456 -0.00636234
v -0.00848832 0.00527960 0.00103061
v -0.00395066 0.00483456 -0.00752637
v -0.00204669 0.00527960 0.00830169
v -0.00848832 0.00527960 -0.00103060
v -0.00848832 0.00527960 0.00103061
v -0.00843854 0.00483456 0.00102456
v -0.00843854 0.00483456 -0.00102456
v -0.00397396 0.00527960 0.00757078
v -0.00203469 0.00483456 0.00825301
v -0.00395066 0.00483456 0.00752638
v -0.00998216 0.00678441 -0.00121199
v -0.00998216 0.00678441 0.00121199
v -0.00956251 0.00663649 0.00116104
v -0.00998216 0.00678441 -0.00121199
v -0.01042395 0.00683456 -0.00126563
v -0.01042395 0.00683456 0.00126564
v -0.00204669 0.00527960 0.00830169
v -0.00956251 0.00663649 -0.00116104
v -0.00998216 0.00678441 0.00121199
v -0.00666818 0.00678441 0.00752625
v -0.00696330 0.00683456 0.00785937
v -0.00488011 0.00683456 0.00929729
v -0.00666818 0.00678441 0.00752625
v -0.00467328 0.00678441 0.00890323
v -0.00447683 0.00663649 0.00852892
v -0.00213912 0.00608154 0.00867666
v -0.00000051 0.00608154 0.00893634
v -0.00000051 0.00570233 0.00869806
v -0.00467328 0.00678441 0.00890323
v -0.00638786 0.00663649 0.00720983
v -0.00900680 0.00663649 -0.00341564
v -0.00956251 0.00663649 -0.00116104
v -0.00918607 0.00639822 -0.00111533
v -0.00792768 0.00663649 0.00547173
v -0.00613640 0.00639822 0.00692599
v -0.00761560 0.00639822 0.00525632
v -0.00865224 0.00639822 -0.00328116
v -0.00208209 0.00570233 0.00844531
v -0.00761560 0.00639822 -0.00525631
v -0.00835613 0.00608154 -0.00316887
v -0.00735497 0.00608154 -0.00507642
v -0.00865224 0.00639822 -0.00328116
v -0.00638786 0.00663649 0.00720983
v -0.00865224 0.00639822 0.00328117
v -0.00735497 0.00608154 0.00507642
v -0.00835613 0.00608154 0.00316887
v -0.00404270 0.00570233 0.00770175
v -0.00204669 0.00527960 0.00830169
v -0.00397396 0.00527960 0.00757078
v -0.00761560 0.00639822 0.00525632
v -0.00592640 0.00608154 -0.00668894
v -0.00735497 0.00608154 -0.00507642
v -0.00715888 0.00570233 -0.00494106
v -0.00208209 0.00570233 0.00844531
v -0.00567031 0.00527960 0.00639988
v -0.00395066 0.00483456 0.00752638
v -0.00563705 0.00483456 0.00636234
v -0.00397396 0.00527960 0.00757078
v -0.00576839 0.00570233 -0.00651059
v -0.00887169 0.00608154 0.00107716
v -0.00835613 0.00608154 0.00316887
v -0.00813334 0.00570233 0.00308438
v -0.00251333 0.00683456 0.01019489
v -0.00000051 0.00683456 0.01050000
v -0.00000051 0.00678441 0.01005496
v -0.00404270 0.00570233 -0.00770175
v -0.00576839 0.00570233 -0.00651059
v -0.00567031 0.00527960 -0.00639987
v -0.00397396 0.00527960 -0.00757078
v -0.00863516 0.00570233 0.00104844
v -0.00221491 0.00639822 0.00898415
v -0.00000051 0.00639822 0.00925302
v -0.00000051 0.00608154 0.00893634
v -0.00213912 0.00608154 0.00867666
v -0.00863516 0.00570233 -0.00104843
v -0.00848832 0.00527960 0.00103061
v -0.00848832 0.00527960 -0.00103060
v -0.00204669 0.00527960 -0.00830169
v -0.00395066 0.00483456 -0.00752637
v -0.00203469 0.00483456 -0.00825300
v -0.00863516 0.00570233 0.00104844
v -0.00204669 0.00527960 -0.00830169
v -0.00203469 0.00483456 -0.00825300
v -0.00000051 0.00483456 -0.00850000
v -0.00000051 0.00527960 -0.00855014
v -0.00397396 0.00527960 -0.00757078
v -0.00799504 0.00527960 -0.00303192
v -0.00843854 0.00483456 -0.00102456
v -0.00794815 0.00483456 -0.00301414
v -0.00415344 0.00608154 0.00791274
v -0.00208209 0.00570233 0.00844531
v -0.00404270 0.00570233 0.00770175
v -0.00940206 0.00678441 -0.00356553
v -0.01042395 0.00683456 -0.00126563
v -0.00998216 0.00678441 -0.00121199
v -0.00213912 0.00608154 0.00867666
v -0.00848832 0.00527960 -0.00103060
v -0.00981818 0.00683456 -0.00372335
v -0.00940206 0.00678441 -0.00356553
v -0.00956251 0.00663649 -0.00116104
v -0.00900680 0.00663649 -0.00341564
v -0.00998216 0.00678441 -0.00121199
v -0.00792768 0.00663649 -0.00547173
v -0.00865224 0.00639822 -0.00328116
v -0.00761560 0.00639822 -0.00525631
v -0.00827558 0.00678441 0.00571187
v -0.00864184 0.00683456 0.00596468
v -0.00696330 0.00683456 0.00785937
v -0.00576839 0.00570233 0.00651059
v -0.00397396 0.00527960 0.00757078
v -0.00567031 0.00527960 0.00639988
v -0.00900680 0.00663649 -0.00341564
v -0.00666818 0.00678441 0.00752625
v -0.00827558 0.00678441 0.00571187
v -0.00666818 0.00678441 0.00752625
v -0.00638786 0.00663649 0.00720983
v -0.00404270 0.00570233 0.00770175
v -0.00792768 0.00663649 0.00547173
v -0.00703714 0.00527960 0.00485704
v -0.00563705 0.00483456 0.00636234
v -0.00699587 0.00483456 0.00482855
v -0.00900680 0.00663649 0.00341564
v -0.00792768 0.00663649 0.00547173
v -0.00761560 0.00639822 0.00525632
v -0.00613640 0.00639822 -0.00692598
v -0.00761560 0.00639822 -0.00525631
v -0.00735497 0.00608154 -0.00507642
v -0.00865224 0.00639822 0.00328117
v -0.00592640 0.00608154 -0.00668894
v -0.00567031 0.00527960 0.00639988
v -0.00230566 0.00663649 0.00935234
v -0.00000051 0.00663649 0.00963224
v -0.00000051 0.00639822 0.00925302
v -0.00918607 0.00639822 0.00111533
v -0.00865224 0.00639822 0.00328117
v -0.00835613 0.00608154 0.00316887
v -0.00887169 0.00608154 0.00107716
v -0.00221491 0.00639822 0.00898415
v -0.00415344 0.00608154 -0.00791273
v -0.00592640 0.00608154 -0.00668894
v -0.00576839 0.00570233 -0.00651059
v -0.00404270 0.00570233 -0.00770175
v -0.00208209 0.00570233 -0.00844531
v -0.00000051 0.00527960 -0.00855014
v -0.00000051 0.00570233 -0.00869806
v -0.00887169 0.00608154 -0.00107715
v -0.00887169 0.00608154 0.00107716
v -0.00863516 0.00570233 0.00104844
v -0.00863516 0.00570233 -0.00104843
v -0.00208209 0.00570233 -0.00844531
v -0.00404270 0.00570233 -0.00770175
v -0.00397396 0.00527960 -0.00757078
v -0.00430061 0.00639822 0.00819314
v -0.00213912 0.00608154 0.00867666
v -0.00415344 0.00608154 0.00791274
v -0.00204669 0.00527960 -0.00830169
v -0.00221491 0.00639822 0.00898415
v -0.00204669 0.00527960 -0.00830169
v -0.00827558 0.00678441 -0.00571187
v -0.00900680 0.00663649 -0.00341564
v -0.00792768 0.00663649 -0.00547173
v -0.00592640 0.00608154 0.00668895
v -0.00404270 0.00570233 0.00770175
v -0.00576839 0.00570233 0.00651059
v -0.00827558 0.00678441 -0.00571187
v -0.00864184 0.00683456 -0.00596468
v -0.00981818 0.00683456 -0.00372335
v -0.00940206 0.00678441 -0.00356553
v -0.00813334 0.00570233 -0.00308437
v -0.00863516 0.00570233 -0.00104843
v -0.00848832 0.00527960 -0.00103060
v -0.00415344 0.00608154 0.00791274
v -0.00940206 0.00678441 -0.00356553
v -0.00799504 0.00527960 -0.00303192
v -0.00638786 0.00663649 -0.00720983
v -0.00761560 0.00639822 -0.00525631
v -0.00613640 0.00639822 -0.00692598
v -0.00792768 0.00663649 -0.00547173
v -0.00703714 0.00527960 -0.00485703
v -0.00794815 0.00483456 -0.00301414
v -0.00699587 0.00483456 -0.00482855
v -0.00715888 0.00570233 0.00494106
v -0.00567031 0.00527960 0.00639988
v -0.00703714 0.00527960 0.00485704
v -0.00576839 0.00570233 0.00651059
v -0.00799504 0.00527960 -0.00303192
v -0.00799504 0.00527960 0.00303193
v -0.00703714 0.00527960 0.00485704
v -0.00699587 0.00483456 0.00482855
v -0.00940206 0.00678441 0.00356554
v -0.00981818 0.00683456 0.00372335
v -0.00864184 0.00683456 0.00596468
v -0.00794815 0.00483456 0.00301414
v -0.00430061 0.00639822 -0.00819314
v -0.00613640 0.00639822 -0.00692598
v -0.00592640 0.00608154 -0.00668894
v -0.00827558 0.00678441 0.00571187
v -0.00940206 0.00678441 0.00356554
v -0.00827558 0.00678441 0.00571187
v -0.00792768 0.00663649 0.00547173
v -0.00900680 0.00663649 0.00341564
v -0.00415344 0.00608154 -0.00791273
v -0.00213912 0.00608154 -0.00867666
v -0.00208209 0.00570233 -0.00844531
v -0.00000051 0.00570233 -0.00869806
v -0.00000051 0.00608154 -0.00893634
v -0.00240682 0.00678441 0.00976278
v -0.00000051 0.00678441 0.01005496
v -0.00000051 0.00663649 0.00963224
v -0.00213912 0.00608154 -0.00867666
v -0.00404270 0.00570233 -0.00770175
v -0.00208209 0.00570233 -0.00844531
v -0.00956251 0.00663649 0.00116104
v -0.00900680 0.00663649 0.00341564
v -0.00865224 0.00639822 0.00328117
v -0.00240682 0.00678441 0.00976278
v -0.00415344 0.00608154 -0.00791273
v -0.00918607 0.00639822 0.00111533
v -0.00230566 0.00663649 0.00935234
v -0.00666818 0.00678441 -0.00752624
v -0.00696330 0.00683456 -0.00785936
v -0.00864184 0.00683456 -0.00596468
v -0.00666818 0.00678441 -0.00752624
v -0.00827558 0.00678441 -0.00571187
v -0.00792768 0.00663649 -0.00547173
v -0.00827558 0.00678441 -0.00571187
v -0.00918607 0.00639822 -0.00111533
v -0.00918607 0.00639822 0.00111533
v -0.00887169 0.00608154 0.00107716
v -0.00447683 0.00663649 0.00852892
v -0.00230566 0.00663649 0.00935234
v -0.00221491 0.00639822 0.00898415
v -0.00638786 0.00663649 -0.00720983
v -0.00887169 0.00608154 -0.00107715
v -0.00430061 0.00639822 0.00819314
v -0.00447683 0.00663649 -0.00852892
v -0.00638786 0.00663649 -0.00720983
v -0.00613640 0.00639822 -0.00692598
v -0.00613640 0.00639822 0.00692599
v -0.00415344 0.00608154 0.00791274
v -0.00592640 0.00608154 0.00668895
v -0.00430061 0.00639822 -0.00819314
v -0.00430061 0.00639822 0.00819314
v -0.00221491 0.00639822 -0.00898414
v -0.00000051 0.00608154 -0.00893634
v -0.00000051 0.00639822 -0.00925302
v -0.00835613 0.00608154 -0.00316887
v -0.00887169 0.00608154 -0.00107715
v -0.00863516 0.00570233 -0.00104843
v -0.00813334 0.00570233 -0.00308437
v -0.00213912 0.00608154 -0.00867666
v -0.00221491 0.00639822 -0.00898414
v -0.00430061 0.00639822 -0.00819314
v -0.00415344 0.00608154 -0.00791273
v -0.00715888 0.00570233 -0.00494106
v -0.00813334 0.00570233 -0.00308437
v -0.00799504 0.00527960 -0.00303192
v -0.00735497 0.00608154 0.00507642
v -0.00576839 0.00570233 0.00651059
v -0.00715888 0.00570233 0.00494106
v -0.00213912 0.00608154 -0.00867666
v -0.00592640 0.00608154 0.00668895
v -0.00467328 0.00678441 -0.00890322
v -0.00638786 0.00663649 -0.00720983
v -0.00447683 0.00663649 -0.00852892
v -0.00467328 0.00678441 -0.00890322
v -0.00696330 0.00683456 -0.00785936
v -0.00666818 0.00678441 -0.00752624
v -0.00703714 0.00527960 -0.00485703
v -0.00488011 0.00683456 -0.00929729
v -0.00813334 0.00570233 0.00308438
v -0.00715888 0.00570233 0.00494106
v -0.00703714 0.00527960 0.00485704
v -0.00666818 0.00678441 -0.00752624
v -0.00230566 0.00663649 -0.00935233
v -0.00000051 0.00639822 -0.00925302
v -0.00000051 0.00663649 -0.00963223
v -0.00567031 0.00527960 -0.00639987
v -0.00699587 0.00483456 -0.00482855
v -0.00563705 0.00483456 -0.00636234
v -0.00799504 0.00527960 0.00303193
v -0.00221491 0.00639822 -0.00898414
v -0.00848832 0.00527960 0.00103061
v -0.00794815 0.00483456 0.00301414
v -0.00843854 0.00483456 0.00102456
v -0.00703714 0.00527960 -0.00485703
v -0.00230566 0.00663649 -0.00935233
v -0.00447683 0.00663649 -0.00852892
v -0.00430061 0.00639822 -0.00819314
v -0.00998216 0.00678441 0.00121199
v -0.01042395 0.00683456 0.00126564
v -0.00981818 0.00683456 0.00372335
v -0.00221491 0.00639822 -0.00898414
v -0.00940206 0.00678441 0.00356554
v -0.00240682 0.00678441 -0.00976278
v -0.00799504 0.00527960 0.00303193
v -0.00240682 0.00678441 -0.00976278
v -0.00230566 0.00663649 -0.00935233
v -0.00000051 0.00663649 -0.00963223
v -0.00998216 0.00678441 0.00121199
v -0.00940206 0.00678441 0.00356554
v -0.00900680 0.00663649 0.00341564
v -0.00000051 0.00678441 -0.01005496
v -0.00956251 0.00663649 0.00116104
v -0.00240682 0.00678441 -0.00976278
v -0.00251333 0.00683456 -0.01019489
v -0.00488011 0.00683456 -0.00929729
v -0.00467328 0.00678441 0.00890323
v -0.00251333 0.00683456 0.01019489
v -0.00240682 0.00678441 0.00976278
v -0.00240682 0.00678441 -0.00976278
v -0.00467328 0.00678441 -0.00890322
v -0.00447683 0.00663649 -0.00852892
v -0.00467328 0.00678441 0.00890323
v -0.00230566 0.00663649 0.00935234
v -0.00447683 0.00663649 0.00852892
v -0.00467328 0.00678441 -0.00890322
v -0.00230566 0.00663649 -0.00935233
v -0.00488011 0.00683456 0.00929729
v -0.00240682 0.00678441 0.00976278
v -0.00956251 0.00663649 0.00116104
v -0.00999206 0.00683456 -0.01903730
v -0.00696330 0.00683456 -0.00785936
v -0.00488011 0.00683456 -0.00929729
v -0.01425765 0.00683456 -0.01609298
v 0.02010234 0.00683456 0.00762401
v 0.01042293 0.00683456 0.00126564
v 0.00981716 0.00683456 0.00372335
v 0.01769364 0.00683456 0.01221339
v -0.00696330 0.00683456 0.00785937
v -0.01769467 0.00683456 0.01221339
v -0.01425765 0.00683456 0.01609298
v -0.00514580 0.00683456 -0.02087525
v -0.00251333 0.00683456 -0.01019489
v -0.00864184 0.00683456 0.00596468
v -0.02010336 0.00683456 0.00762401
v 0.02134273 0.00683456 0.00259154
v 0.01042293 0.00683456 -0.00126563
v -0.00000051 0.00683456 -0.02150000
v -0.00000051 0.00683456 -0.01050000
v -0.00488011 0.00683456 0.00929729
v -0.00999206 0.00683456 0.01903731
v -0.00981818 0.00683456 0.00372335
v -0.02134375 0.00683456 0.00259154
v 0.02134273 0.00683456 -0.00259154
v 0.00981716 0.00683456 -0.00372335
v -0.00251333 0.00683456 0.01019489
v -0.00514580 0.00683456 0.02087525
v 0.00514477 0.00683456 -0.02087525
v 0.00251230 0.00683456 -0.01019489
v 0.02010234 0.00683456 -0.00762400
v 0.00864082 0.00683456 -0.00596468
v -0.01042395 0.00683456 0.00126564
v -0.02134375 0.00683456 -0.00259154
v 0.00999104 0.00683456 -0.01903730
v 0.00487908 0.00683456 -0.00929729
v -0.00000051 0.00683456 0.01050000
v -0.00000051 0.00683456 0.02150000
v 0.01769364 0.00683456 -0.01221339
v 0.00696228 0.00683456 -0.00785936
v -0.01042395 0.00683456 -0.00126563
v -0.02010336 0.00683456 -0.00762400
v 0.01425663 0.00683456 -0.01609298
v 0.00251230 0.00683456 0.01019489
v 0.00514477 0.00683456 0.02087525
v -0.00981818 0.00683456 -0.00372335
v -0.01769467 0.00683456 -0.01221339
v 0.00487908 0.00683456 0.00929729
v 0.00999104 0.00683456 0.01903731
v -0.00864184 0.00683456 -0.00596468
v 0.00696228 0.00683456 0.00785937
v 0.01425663 0.00683456 0.01609298
v 0.00864082 0.00683456 0.00596468
v -0.00000051 -0.00516544 -0.00850000
v 0.00203367 -0.00516544 -0.00825300
v -0.00000051 0.00483456 -0.00850000
v 0.00203367 0.00483456 -0.00825300
v 0.00203367 0.00483456 -0.00825300
v 0.00394964 -0.00516544 -0.00752637
v 0.00394964 0.00483456 -0.00752637
v 0.00203367 -0.00516544 -0.00825300
v 0.00394964 0.00483456 -0.00752637
v 0.00563603 -0.00516544 -0.00636234
v 0.00563603 0.00483456 -0.00636234
v 0.00394964 -0.00516544 -0.00752637
v 0.00563603 0.00483456 -0.00636234
v 0.00699485 -0.00516544 -0.00482855
v 0.00699485 0.00483456 -0.00482855
v 0.00563603 -0.00516544 -0.00636234
v 0.00699485 0.00483456 -0.00482855
v 0.00794713 -0.00516544 -0.00301414
v 0.00794713 0.00483456 -0.00301414
v 0.00794713 0.00483456 -0.00301414
v 0.00794713 -0.00516544 -0.00301414
v 0.00843751 0.00483456 -0.00102456
v 0.00699485 -0.00516544 -0.00482855
v 0.00843751 -0.00516544 -0.00102456
v 0.00843751 0.00483456 -0.00102456
v 0.00843751 -0.00516544 0.00102456
v 0.00843751 0.00483456 0.00102456
v 0.00843751 0.00483456 0.00102456
v 0.00843751 -0.00516544 0.00102456
v 0.00794713 0.00483456 0.00301414
v 0.00843751 -0.00516544 -0.00102456
v 0.00794713 -0.00516544 0.00301414
v 0.00794713 0.00483456 0.00301414
v 0.00699485 -0.00516544 0.00482855
v 0.00699485 0.00483456 0.00482855
v 0.00699485 0.00483456 0.00482855
v 0.00699485 -0.00516544 0.00482855
v 0.00563603 0.00483456 0.00636234
v 0.00794713 -0.00516544 0.00301414
v 0.00563603 0.00483456 0.00636234
v 0.00563603 -0.00516544 0.00636234
v 0.00394964 0.00483456 0.00752638
v 0.00563603 -0.00516544 0.00636234
v 0.00394964 0.00483456 0.00752638
v 0.00394964 -0.00516544 0.00752638
v 0.00203367 0.00483456 0.00825301
v 0.00394964 -0.00516544 0.00752638
v 0.00203367 -0.00516544 0.00825301
v 0.00203367 0.00483456 0.00825301
v -0.00000051 -0.00516544 0.00850000
v -0.00000051 0.00483456 0.00850000
v 0.00203367 -0.00516544 0.00825301
v -0.02192651 0.00527960 -0.00831543
v -0.02332917 0.00483456 -0.00283261
v -0.02327939 0.00527960 -0.00282657
v -0.00000051 0.00483456 -0.02350000
v -0.00562443 0.00483456 -0.02281713
v -0.00000051 0.00527960 -0.02344985
v -0.02192651 0.00527960 -0.00831543
v -0.02327939 0.00527960 -0.00282657
v -0.02313255 0.00570233 -0.00280874
v -0.01917763 0.00570233 0.01323701
v -0.01529455 0.00608154 0.01726340
v -0.01898153 0.00608154 0.01310166
v -0.00525230 0.00678441 0.02130736
v -0.00000051 0.00678441 0.02194504
v -0.00000051 0.00683456 0.02150000
v -0.02197339 0.00483456 -0.00833321
v -0.02178820 0.00570233 -0.00826298
v -0.01545255 0.00570233 0.01744175
v -0.00514580 0.00683456 0.02087525
v -0.01019888 0.00678441 -0.01943137
v -0.01425765 0.00683456 -0.01609298
v -0.00999206 0.00683456 -0.01903730
v -0.01455277 0.00678441 -0.01642610
v -0.02220519 0.00663649 0.00269614
v -0.02051948 0.00678441 0.00778182
v -0.02178555 0.00678441 0.00264518
v -0.00535347 0.00663649 0.02171780
v -0.00000051 0.00663649 0.02236777
v -0.00000051 0.00678441 0.02194504
v -0.02091474 0.00663649 0.00793172
v -0.02156541 0.00608154 0.00817849
v -0.01898153 0.00608154 0.01310166
v -0.01872091 0.00639822 0.01292176
v -0.01508455 0.00639822 -0.01702636
v -0.01872091 0.00639822 -0.01292175
v -0.01840882 0.00663649 -0.01270634
v -0.02126931 0.00639822 0.00806619
v -0.00525230 0.00678441 0.02130736
v -0.01483309 0.00663649 -0.01674251
v -0.01019888 0.00678441 0.01943137
v -0.00514580 0.00683456 0.02087525
v -0.00999206 0.00683456 0.01903731
v -0.01917763 0.00570233 -0.01323701
v -0.02178820 0.00570233 -0.00826298
v -0.02156541 0.00608154 -0.00817849
v -0.01929936 0.00527960 0.01332104
v -0.01555064 0.00527960 0.01755247
v -0.01545255 0.00570233 0.01744175
v -0.01898153 0.00608154 -0.01310165
v -0.01929936 0.00527960 0.01332104
v -0.01934063 0.00483456 0.01334952
v -0.01558389 0.00483456 0.01759000
v -0.00525230 0.00678441 0.02130736
v -0.01917763 0.00570233 0.01323701
v -0.01555064 0.00527960 0.01755247
v -0.02178555 0.00678441 -0.00264518
v -0.02134375 0.00683456 0.00259154
v -0.02134375 0.00683456 -0.00259154
v -0.00544422 0.00639822 0.02208600
v -0.00000051 0.00639822 0.02274698
v -0.00000051 0.00663649 0.02236777
v -0.02178555 0.00678441 0.00264518
v -0.01039533 0.00663649 -0.01980567
v -0.01455277 0.00678441 -0.01642610
v -0.01019888 0.00678441 -0.01943137
v -0.00535347 0.00663649 0.02171780
v -0.01483309 0.00663649 -0.01674251
v -0.02258164 0.00639822 0.00274185
v -0.02126931 0.00639822 0.00806619
v -0.02091474 0.00663649 0.00793172
v -0.02220519 0.00663649 0.00269614
v -0.01039533 0.00663649 0.01980568
v -0.00525230 0.00678441 0.02130736
v -0.01019888 0.00678441 0.01943137
v -0.01529455 0.00608154 -0.01726340
v -0.01872091 0.00639822 -0.01292175
v -0.01508455 0.00639822 -0.01702636
v -0.01898153 0.00608154 -0.01310165
v -0.02178820 0.00570233 0.00826298
v -0.01917763 0.00570233 0.01323701
v -0.01898153 0.00608154 0.01310166
v -0.00535347 0.00663649 0.02171780
v -0.02156541 0.00608154 0.00817849
v -0.00552001 0.00608154 0.02239348
v -0.00000051 0.00608154 0.02306367
v -0.00000051 0.00639822 0.02274698
v -0.01929936 0.00527960 -0.01332103
v -0.02178820 0.00570233 -0.00826298
v -0.01917763 0.00570233 -0.01323701
v -0.00544422 0.00639822 0.02208600
v -0.01929936 0.00527960 -0.01332103
v -0.01934063 0.00483456 -0.01334952
v -0.02197339 0.00483456 -0.00833321
v -0.02192651 0.00527960 -0.00831543
v -0.02192651 0.00527960 -0.00831543
v -0.00525230 0.00678441 -0.02130736
v -0.00999206 0.00683456 -0.01903730
v -0.00514580 0.00683456 -0.02087525
v -0.01455277 0.00678441 0.01642610
v -0.00999206 0.00683456 0.01903731
v -0.01425765 0.00683456 0.01609298
v -0.00525230 0.00678441 -0.02130736
v -0.00514580 0.00683456 -0.02087525
v -0.00000051 0.00683456 -0.02150000
v -0.02220519 0.00663649 -0.00269613
v -0.02220519 0.00663649 0.00269614
v -0.02178555 0.00678441 0.00264518
v -0.00000051 0.00678441 -0.02194504
v -0.02178555 0.00678441 -0.00264518
v -0.01019888 0.00678441 0.01943137
v -0.00562443 0.00483456 0.02281713
v -0.00000051 0.00483456 0.02350000
v -0.00000051 0.00527960 0.02344986
v -0.01019888 0.00678441 -0.01943137
v -0.02289602 0.00608154 0.00278002
v -0.02126931 0.00639822 0.00806619
v -0.02258164 0.00639822 0.00274185
v -0.02156541 0.00608154 0.00817849
v -0.01057156 0.00639822 0.02014145
v -0.00535347 0.00663649 0.02171780
v -0.01039533 0.00663649 0.01980568
v -0.01057156 0.00639822 -0.02014145
v -0.01483309 0.00663649 -0.01674251
v -0.01039533 0.00663649 -0.01980567
v -0.02192651 0.00527960 0.00831543
v -0.02197339 0.00483456 0.00833322
v -0.01934063 0.00483456 0.01334952
v -0.00544422 0.00639822 0.02208600
v -0.02192651 0.00527960 0.00831543
v -0.01917763 0.00570233 0.01323701
v -0.02178820 0.00570233 0.00826298
v -0.00557703 0.00570233 0.02262483
v -0.00000051 0.00570233 0.02330194
v -0.00000051 0.00608154 0.02306367
v -0.01508455 0.00639822 -0.01702636
v -0.01929936 0.00527960 0.01332104
v -0.01929936 0.00527960 0.01332104
v -0.00552001 0.00608154 0.02239348
v -0.01545255 0.00570233 -0.01744175
v -0.01917763 0.00570233 -0.01323701
v -0.01898153 0.00608154 -0.01310165
v -0.02051948 0.00678441 -0.00778182
v -0.02134375 0.00683456 -0.00259154
v -0.02010336 0.00683456 -0.00762400
v -0.01529455 0.00608154 -0.01726340
v -0.02178555 0.00678441 -0.00264518
v -0.00535347 0.00663649 -0.02171780
v -0.00000051 0.00678441 -0.02194504
v -0.00000051 0.00663649 -0.02236777
v -0.01483309 0.00663649 0.01674252
v -0.01019888 0.00678441 0.01943137
v -0.01455277 0.00678441 0.01642610
v -0.01039533 0.00663649 0.01980568
v -0.00535347 0.00663649 -0.02171780
v -0.01039533 0.00663649 -0.01980567
v -0.01019888 0.00678441 -0.01943137
v -0.02258164 0.00639822 -0.00274184
v -0.02258164 0.00639822 0.00274185
v -0.02220519 0.00663649 0.00269614
v -0.00525230 0.00678441 -0.02130736
v -0.00525230 0.00678441 -0.02130736
v -0.02220519 0.00663649 -0.00269613
v -0.01071873 0.00608154 -0.02042186
v -0.01529455 0.00608154 -0.01726340
v -0.01508455 0.00639822 -0.01702636
v -0.01071873 0.00608154 0.02042186
v -0.00552001 0.00608154 0.02239348
v -0.00544422 0.00639822 0.02208600
v -0.02313255 0.00570233 0.00280874
v -0.02178820 0.00570233 0.00826298
v -0.02156541 0.00608154 0.00817849
v -0.01057156 0.00639822 0.02014145
v -0.02289602 0.00608154 0.00278002
v -0.00561243 0.00527960 0.02276845
v -0.00000051 0.00527960 0.02344986
v -0.00000051 0.00570233 0.02330194
v -0.01057156 0.00639822 -0.02014145
v -0.00561243 0.00527960 0.02276845
v -0.00557703 0.00570233 0.02262483
v -0.01555064 0.00527960 -0.01755247
v -0.01558389 0.00483456 -0.01759000
v -0.01934063 0.00483456 -0.01334952
v -0.01806093 0.00678441 0.01246621
v -0.01425765 0.00683456 0.01609298
v -0.01769467 0.00683456 0.01221339
v -0.01555064 0.00527960 -0.01755247
v -0.01929936 0.00527960 -0.01332103
v -0.01917763 0.00570233 -0.01323701
v -0.01545255 0.00570233 -0.01744175
v -0.01929936 0.00527960 -0.01332103
v -0.01455277 0.00678441 0.01642610
v -0.02091474 0.00663649 -0.00793172
v -0.02178555 0.00678441 -0.00264518
v -0.02051948 0.00678441 -0.00778182
v -0.00544422 0.00639822 -0.02208599
v -0.01057156 0.00639822 -0.02014145
v -0.01039533 0.00663649 -0.01980567
v -0.00544422 0.00639822 -0.02208599
v -0.00000051 0.00663649 -0.02236777
v -0.00000051 0.00639822 -0.02274698
v -0.02220519 0.00663649 -0.00269613
v -0.01508455 0.00639822 0.01702636
v -0.01039533 0.00663649 0.01980568
v -0.01483309 0.00663649 0.01674252
v -0.00535347 0.00663649 -0.02171780
v -0.02289602 0.00608154 -0.00278002
v -0.02258164 0.00639822 0.00274185
v -0.02258164 0.00639822 -0.00274184
v -0.00535347 0.00663649 -0.02171780
v -0.02289602 0.00608154 0.00278002
v -0.01057156 0.00639822 0.02014145
v -0.01082946 0.00570233 -0.02063284
v -0.01529455 0.00608154 -0.01726340
v -0.01071873 0.00608154 -0.02042186
v -0.02327939 0.00527960 0.00282657
v -0.02332917 0.00483456 0.00283261
v -0.02197339 0.00483456 0.00833322
v -0.01082946 0.00570233 0.02063284
v -0.00557703 0.00570233 0.02262483
v -0.00552001 0.00608154 0.02239348
v -0.02192651 0.00527960 0.00831543
v -0.01545255 0.00570233 -0.01744175
v -0.01071873 0.00608154 0.02042186
v -0.02327939 0.00527960 0.00282657
v -0.02178820 0.00570233 0.00826298
v -0.02313255 0.00570233 0.00280874
v -0.02192651 0.00527960 0.00831543
v -0.01806093 0.00678441 -0.01246620
v -0.02010336 0.00683456 -0.00762400
v -0.01769467 0.00683456 -0.01221339
v -0.00552001 0.00608154 -0.02239347
v -0.00000051 0.00639822 -0.02274698
v -0.00000051 0.00608154 -0.02306366
v -0.02051948 0.00678441 -0.00778182
v -0.00552001 0.00608154 -0.02239347
v -0.01057156 0.00639822 -0.02014145
v -0.00544422 0.00639822 -0.02208599
v -0.01840882 0.00663649 0.01270634
v -0.01483309 0.00663649 0.01674252
v -0.01455277 0.00678441 0.01642610
v -0.01071873 0.00608154 -0.02042186
v -0.00544422 0.00639822 -0.02208599
v -0.01806093 0.00678441 0.01246621
v -0.01089820 0.00527960 -0.02076381
v -0.01092151 0.00483456 -0.02080821
v -0.01558389 0.00483456 -0.01759000
v -0.01555064 0.00527960 -0.01755247
v -0.02126931 0.00639822 -0.00806619
v -0.02258164 0.00639822 -0.00274184
v -0.02220519 0.00663649 -0.00269613
v -0.01089820 0.00527960 -0.02076381
v -0.01555064 0.00527960 -0.01755247
v -0.01545255 0.00570233 -0.01744175
v -0.01082946 0.00570233 -0.02063284
v -0.02091474 0.00663649 -0.00793172
v -0.01529455 0.00608154 0.01726340
v -0.01071873 0.00608154 0.02042186
v -0.01057156 0.00639822 0.02014145
v -0.01508455 0.00639822 0.01702636
v -0.00557703 0.00570233 -0.02262482
v -0.00000051 0.00608154 -0.02306366
v -0.00000051 0.00570233 -0.02330194
v -0.00557703 0.00570233 -0.02262482
v -0.01082946 0.00570233 -0.02063284
v -0.01071873 0.00608154 -0.02042186
v -0.00552001 0.00608154 -0.02239347
v -0.01089820 0.00527960 0.02076382
v -0.00557703 0.00570233 0.02262483
v -0.01082946 0.00570233 0.02063284
v -0.01089820 0.00527960 0.02076382
v -0.00562443 0.00483456 0.02281713
v -0.00561243 0.00527960 0.02276845
v -0.02313255 0.00570233 -0.00280874
v -0.02313255 0.00570233 0.00280874
v -0.02289602 0.00608154 0.00278002
v -0.00552001 0.00608154 -0.02239347
v -0.02289602 0.00608154 -0.00278002
v -0.01092151 0.00483456 0.02080822
v -0.00561243 0.00527960 -0.02276844
v -0.00557703 0.00570233 -0.02262482
v -0.00000051 0.00570233 -0.02330194
v -0.01840882 0.00663649 -0.01270634
v -0.02051948 0.00678441 -0.00778182
v -0.01806093 0.00678441 -0.01246620
v -0.00561243 0.00527960 0.02276845
v -0.00561243 0.00527960 -0.02276844
v -0.01082946 0.00570233 -0.02063284
v -0.00557703 0.00570233 -0.02262482
v -0.00561243 0.00527960 -0.02276844
v -0.02051948 0.00678441 0.00778182
v -0.01769467 0.00683456 0.01221339
v -0.02010336 0.00683456 0.00762401
v -0.00000051 0.00527960 -0.02344985
v -0.00561243 0.00527960 -0.02276844
v -0.00562443 0.00483456 -0.02281713
v -0.01092151 0.00483456 -0.02080821
v -0.01089820 0.00527960 -0.02076381
v -0.01089820 0.00527960 -0.02076381
v -0.01806093 0.00678441 0.01246621
v -0.02091474 0.00663649 -0.00793172
v -0.02156541 0.00608154 -0.00817849
v -0.02258164 0.00639822 -0.00274184
v -0.02126931 0.00639822 -0.00806619
v -0.02289602 0.00608154 -0.00278002
v -0.01872091 0.00639822 0.01292176
v -0.01483309 0.00663649 0.01674252
v -0.01840882 0.00663649 0.01270634
v -0.02327939 0.00527960 -0.00282657
v -0.02327939 0.00527960 0.00282657
v -0.02313255 0.00570233 0.00280874
v -0.01508455 0.00639822 0.01702636
v -0.02327939 0.00527960 -0.00282657
v -0.02332917 0.00483456 -0.00283261
v -0.02332917 0.00483456 0.00283261
v -0.01545255 0.00570233 0.01744175
v -0.01071873 0.00608154 0.02042186
v -0.01529455 0.00608154 0.01726340
v -0.02327939 0.00527960 0.00282657
v -0.02313255 0.00570233 -0.00280874
v -0.01082946 0.00570233 0.02063284
v -0.01455277 0.00678441 -0.01642610
v -0.01769467 0.00683456 -0.01221339
v -0.01425765 0.00683456 -0.01609298
v -0.02091474 0.00663649 0.00793172
v -0.01840882 0.00663649 0.01270634
v -0.01806093 0.00678441 0.01246621
v -0.02051948 0.00678441 0.00778182
v -0.01806093 0.00678441 -0.01246620
v -0.01898153 0.00608154 0.01310166
v -0.01508455 0.00639822 0.01702636
v -0.01872091 0.00639822 0.01292176
v -0.01872091 0.00639822 -0.01292175
v -0.02091474 0.00663649 -0.00793172
v -0.01840882 0.00663649 -0.01270634
v -0.02126931 0.00639822 -0.00806619
v -0.01529455 0.00608154 0.01726340
v -0.02178820 0.00570233 -0.00826298
v -0.02313255 0.00570233 -0.00280874
v -0.02289602 0.00608154 -0.00278002
v -0.01555064 0.00527960 0.01755247
v -0.01089820 0.00527960 0.02076382
v -0.01082946 0.00570233 0.02063284
v -0.01545255 0.00570233 0.01744175
v -0.01555064 0.00527960 0.01755247
v -0.01092151 0.00483456 0.02080822
v -0.01089820 0.00527960 0.02076382
v -0.01558389 0.00483456 0.01759000
v -0.02156541 0.00608154 -0.00817849
v -0.02178555 0.00678441 0.00264518
v -0.02010336 0.00683456 0.00762401
v -0.02134375 0.00683456 0.00259154
v -0.01483309 0.00663649 -0.01674251
v -0.01806093 0.00678441 -0.01246620
v -0.01455277 0.00678441 -0.01642610
v -0.02051948 0.00678441 0.00778182
v -0.02126931 0.00639822 0.00806619
v -0.01840882 0.00663649 0.01270634
v -0.02091474 0.00663649 0.00793172
v -0.01840882 0.00663649 -0.01270634
v -0.01898153 0.00608154 -0.01310165
v -0.02126931 0.00639822 -0.00806619
v -0.01872091 0.00639822 -0.01292175
v -0.02156541 0.00608154 -0.00817849
v -0.01872091 0.00639822 0.01292176
v -0.00848832 -0.00561049 0.00103061
v -0.00843854 -0.00516544 0.00102456
v -0.00794815 -0.00516544 0.00301414
v -0.00208209 -0.00603321 -0.00844531
v -0.00000051 -0.00641242 -0.00893634
v -0.00000051 -0.00603321 -0.00869806
v -0.00213912 -0.00641242 -0.00867666
v -0.00799504 -0.00561049 0.00303193
v -0.00397396 -0.00561049 0.00757078
v -0.00395066 -0.00516544 0.00752638
v -0.00203469 -0.00516544 0.00825301
v -0.00848832 -0.00561049 0.00103061
v -0.00799504 -0.00561049 0.00303193
v -0.00813334 -0.00603321 0.00308438
v -0.00863516 -0.00603321 0.00104844
v -0.00397396 -0.00561049 0.00757078
v -0.00204669 -0.00561049 0.00830169
v -0.00208209 -0.00603321 0.00844531
v -0.00208209 -0.00603321 -0.00844531
v -0.00404270 -0.00603321 -0.00770175
v -0.00415344 -0.00641242 -0.00791273
v -0.00863516 -0.00603321 -0.00104843
v -0.00887169 -0.00641242 0.00107716
v -0.00887169 -0.00641242 -0.00107715
v -0.00204669 -0.00561049 0.00830169
v -0.00213912 -0.00641242 -0.00867666
v -0.00404270 -0.00603321 0.00770175
v -0.00204669 -0.00561049 -0.00830169
v -0.00000051 -0.00603321 -0.00869806
v -0.00000051 -0.00561049 -0.00855014
v -0.00576839 -0.00603321 0.00651059
v -0.00404270 -0.00603321 0.00770175
v -0.00415344 -0.00641242 0.00791274
v -0.00204669 -0.00561049 -0.00830169
v -0.00000051 -0.00561049 -0.00855014
v -0.00000051 -0.00516544 -0.00850000
v -0.00204669 -0.00561049 -0.00830169
v -0.00203469 -0.00516544 -0.00825300
v -0.00395066 -0.00516544 -0.00752637
v -0.00203469 -0.00516544 -0.00825300
v -0.00397396 -0.00561049 -0.00757078
v -0.00208209 -0.00603321 -0.00844531
v -0.00863516 -0.00603321 0.00104844
v -0.00204669 -0.00561049 -0.00830169
v -0.00397396 -0.00561049 -0.00757078
v -0.00404270 -0.00603321 -0.00770175
v -0.00592640 -0.00641242 0.00668895
v -0.00208209 -0.00603321 -0.00844531
v -0.00835613 -0.00641242 -0.00316887
v -0.00918607 -0.00672911 -0.00111533
v -0.00865224 -0.00672911 -0.00328116
v -0.00735497 -0.00641242 0.00507642
v -0.00592640 -0.00641242 0.00668895
v -0.00613640 -0.00672911 0.00692599
v -0.00761560 -0.00672911 0.00525632
v -0.00240682 -0.00711530 0.00976278
v -0.00000051 -0.00711530 0.01005496
v -0.00000051 -0.00716544 0.01050000
v -0.00887169 -0.00641242 -0.00107715
v -0.00761560 -0.00672911 -0.00525631
v -0.00865224 -0.00672911 -0.00328116
v -0.00900680 -0.00696738 -0.00341564
v -0.00792768 -0.00696738 -0.00547173
v -0.00251333 -0.00716544 0.01019489
v -0.00865224 -0.00672911 0.00328117
v -0.00761560 -0.00672911 0.00525632
v -0.00792768 -0.00696738 0.00547173
v -0.00900680 -0.00696738 0.00341564
v -0.00230566 -0.00696738 0.00935234
v -0.00000051 -0.00696738 0.00963224
v -0.00000051 -0.00711530 0.01005496
v -0.00638786 -0.00696738 -0.00720983
v -0.00792768 -0.00696738 -0.00547173
v -0.00827558 -0.00711530 -0.00571187
v -0.00666818 -0.00711530 -0.00752624
v -0.00956251 -0.00696738 0.00116104
v -0.00900680 -0.00696738 0.00341564
v -0.00940206 -0.00711530 0.00356554
v -0.00240682 -0.00711530 0.00976278
v -0.00998216 -0.00711530 0.00121199
v -0.00467328 -0.00711530 0.00890323
v -0.00251333 -0.00716544 0.01019489
v -0.00488011 -0.00716544 0.00929729
v -0.00467328 -0.00711530 -0.00890322
v -0.00666818 -0.00711530 -0.00752624
v -0.00696330 -0.00716544 -0.00785936
v -0.00488011 -0.00716544 -0.00929729
v -0.00998216 -0.00711530 -0.00121199
v -0.01042395 -0.00716544 0.00126564
v -0.01042395 -0.00716544 -0.00126563
v -0.00240682 -0.00711530 0.00976278
v -0.00998216 -0.00711530 0.00121199
v -0.00221491 -0.00672911 0.00898415
v -0.00000051 -0.00672911 0.00925302
v -0.00000051 -0.00696738 0.00963224
v -0.00848832 -0.00561049 -0.00103060
v -0.00863516 -0.00603321 0.00104844
v -0.00863516 -0.00603321 -0.00104843
v -0.00567031 -0.00561049 0.00639988
v -0.00395066 -0.00516544 0.00752638
v -0.00397396 -0.00561049 0.00757078
v -0.00567031 -0.00561049 0.00639988
v -0.00397396 -0.00561049 0.00757078
v -0.00404270 -0.00603321 0.00770175
v -0.00848832 -0.00561049 -0.00103060
v -0.00843854 -0.00516544 -0.00102456
v -0.00843854 -0.00516544 0.00102456
v -0.00576839 -0.00603321 0.00651059
v -0.00563705 -0.00516544 0.00636234
v -0.00230566 -0.00696738 0.00935234
v -0.00848832 -0.00561049 0.00103061
v -0.00848832 -0.00561049 0.00103061
v -0.00813334 -0.00603321 -0.00308437
v -0.00863516 -0.00603321 -0.00104843
v -0.00887169 -0.00641242 -0.00107715
v -0.00447683 -0.00696738 0.00852892
v -0.00230566 -0.00696738 0.00935234
v -0.00240682 -0.00711530 0.00976278
v -0.00715888 -0.00603321 0.00494106
v -0.00592640 -0.00641242 0.00668895
v -0.00735497 -0.00641242 0.00507642
v -0.00467328 -0.00711530 0.00890323
v -0.00835613 -0.00641242 -0.00316887
v -0.00576839 -0.00603321 0.00651059
v -0.00666818 -0.00711530 0.00752625
v -0.00488011 -0.00716544 0.00929729
v -0.00696330 -0.00716544 0.00785937
v -0.00835613 -0.00641242 0.00316887
v -0.00735497 -0.00641242 0.00507642
v -0.00761560 -0.00672911 0.00525632
v -0.00467328 -0.00711530 0.00890323
v -0.00735497 -0.00641242 -0.00507642
v -0.00835613 -0.00641242 -0.00316887
v -0.00865224 -0.00672911 -0.00328116
v -0.00865224 -0.00672911 0.00328117
v -0.00761560 -0.00672911 -0.00525631
v -0.00918607 -0.00672911 0.00111533
v -0.00900680 -0.00696738 0.00341564
v -0.00956251 -0.00696738 0.00116104
v -0.00613640 -0.00672911 -0.00692598
v -0.00761560 -0.00672911 -0.00525631
v -0.00792768 -0.00696738 -0.00547173
v -0.00213912 -0.00641242 0.00867666
v -0.00000051 -0.00641242 0.00893634
v -0.00000051 -0.00672911 0.00925302
v -0.00865224 -0.00672911 0.00328117
v -0.00638786 -0.00696738 -0.00720983
v -0.00447683 -0.00696738 -0.00852892
v -0.00666818 -0.00711530 -0.00752624
v -0.00467328 -0.00711530 -0.00890322
v -0.00221491 -0.00672911 0.00898415
v -0.00430061 -0.00672911 0.00819314
v -0.00221491 -0.00672911 0.00898415
v -0.00230566 -0.00696738 0.00935234
v -0.00638786 -0.00696738 -0.00720983
v -0.00956251 -0.00696738 -0.00116104
v -0.00956251 -0.00696738 0.00116104
v -0.00998216 -0.00711530 0.00121199
v -0.00447683 -0.00696738 0.00852892
v -0.00998216 -0.00711530 -0.00121199
v -0.00240682 -0.00711530 -0.00976278
v -0.00488011 -0.00716544 -0.00929729
v -0.00251333 -0.00716544 -0.01019489
v -0.00240682 -0.00711530 -0.00976278
v -0.00251333 -0.00716544 -0.01019489
v -0.00000051 -0.00716544 -0.01050000
v -0.00940206 -0.00711530 -0.00356553
v -0.01042395 -0.00716544 -0.00126563
v -0.00981818 -0.00716544 -0.00372335
v -0.00000051 -0.00711530 -0.01005496
v -0.00638786 -0.00696738 0.00720983
v -0.00447683 -0.00696738 0.00852892
v -0.00467328 -0.00711530 0.00890323
v -0.00467328 -0.00711530 -0.00890322
v -0.00998216 -0.00711530 -0.00121199
v -0.00666818 -0.00711530 0.00752625
v -0.00799504 -0.00561049 -0.00303192
v -0.00848832 -0.00561049 -0.00103060
v -0.00863516 -0.00603321 -0.00104843
v -0.00703714 -0.00561049 0.00485704
v -0.00699587 -0.00516544 0.00482855
v -0.00563705 -0.00516544 0.00636234
v -0.00799504 -0.00561049 -0.00303192
v -0.00843854 -0.00516544 -0.00102456
v -0.00848832 -0.00561049 -0.00103060
v -0.00794815 -0.00516544 -0.00301414
v -0.00703714 -0.00561049 0.00485704
v -0.00567031 -0.00561049 0.00639988
v -0.00576839 -0.00603321 0.00651059
v -0.00827558 -0.00711530 0.00571187
v -0.00696330 -0.00716544 0.00785937
v -0.00864184 -0.00716544 0.00596468
v -0.00567031 -0.00561049 0.00639988
v -0.00813334 -0.00603321 -0.00308437
v -0.00715888 -0.00603321 0.00494106
v -0.00715888 -0.00603321 -0.00494106
v -0.00835613 -0.00641242 -0.00316887
v -0.00735497 -0.00641242 -0.00507642
v -0.00813334 -0.00603321 0.00308438
v -0.00715888 -0.00603321 0.00494106
v -0.00735497 -0.00641242 0.00507642
v -0.00813334 -0.00603321 -0.00308437
v -0.00666818 -0.00711530 0.00752625
v -0.00208209 -0.00603321 0.00844531
v -0.00000051 -0.00603321 0.00869806
v -0.00000051 -0.00641242 0.00893634
v -0.00835613 -0.00641242 0.00316887
v -0.00592640 -0.00641242 -0.00668894
v -0.00761560 -0.00672911 -0.00525631
v -0.00613640 -0.00672911 -0.00692598
v -0.00213912 -0.00641242 0.00867666
v -0.00735497 -0.00641242 -0.00507642
v -0.00887169 -0.00641242 0.00107716
v -0.00835613 -0.00641242 0.00316887
v -0.00865224 -0.00672911 0.00328117
v -0.00918607 -0.00672911 0.00111533
v -0.00415344 -0.00641242 0.00791274
v -0.00221491 -0.00672911 0.00898415
v -0.00430061 -0.00672911 0.00819314
v -0.00918607 -0.00672911 -0.00111533
v -0.00918607 -0.00672911 0.00111533
v -0.00956251 -0.00696738 0.00116104
v -0.00213912 -0.00641242 0.00867666
v -0.00956251 -0.00696738 -0.00116104
v -0.00430061 -0.00672911 -0.00819314
v -0.00638786 -0.00696738 -0.00720983
v -0.00447683 -0.00696738 -0.00852892
v -0.00613640 -0.00672911 0.00692599
v -0.00430061 -0.00672911 0.00819314
v -0.00447683 -0.00696738 0.00852892
v -0.00613640 -0.00672911 -0.00692598
v -0.00638786 -0.00696738 0.00720983
v -0.00230566 -0.00696738 -0.00935233
v -0.00240682 -0.00711530 -0.00976278
v -0.00000051 -0.00711530 -0.01005496
v -0.00000051 -0.00696738 -0.00963223
v -0.00230566 -0.00696738 -0.00935233
v -0.00447683 -0.00696738 -0.00852892
v -0.00467328 -0.00711530 -0.00890322
v -0.00240682 -0.00711530 -0.00976278
v -0.00900680 -0.00696738 -0.00341564
v -0.00956251 -0.00696738 -0.00116104
v -0.00998216 -0.00711530 -0.00121199
v -0.00703714 -0.00561049 -0.00485703
v -0.00813334 -0.00603321 -0.00308437
v -0.00715888 -0.00603321 -0.00494106
v -0.00940206 -0.00711530 -0.00356553
v -0.00799504 -0.00561049 -0.00303192
v -0.00703714 -0.00561049 -0.00485703
v -0.00699587 -0.00516544 -0.00482855
v -0.00794815 -0.00516544 -0.00301414
v -0.00792768 -0.00696738 0.00547173
v -0.00638786 -0.00696738 0.00720983
v -0.00666818 -0.00711530 0.00752625
v -0.00799504 -0.00561049 -0.00303192
v -0.00827558 -0.00711530 0.00571187
v -0.00827558 -0.00711530 -0.00571187
v -0.00981818 -0.00716544 -0.00372335
v -0.00864184 -0.00716544 -0.00596468
v -0.00940206 -0.00711530 0.00356554
v -0.00827558 -0.00711530 0.00571187
v -0.00864184 -0.00716544 0.00596468
v -0.00981818 -0.00716544 0.00372335
v -0.00940206 -0.00711530 -0.00356553
v -0.00799504 -0.00561049 0.00303193
v -0.00794815 -0.00516544 0.00301414
v -0.00699587 -0.00516544 0.00482855
v -0.00576839 -0.00603321 -0.00651059
v -0.00715888 -0.00603321 -0.00494106
v -0.00735497 -0.00641242 -0.00507642
v -0.00592640 -0.00641242 -0.00668894
v -0.00799504 -0.00561049 0.00303193
v -0.00715888 -0.00603321 0.00494106
v -0.00813334 -0.00603321 0.00308438
v -0.00204669 -0.00561049 0.00830169
v -0.00000051 -0.00561049 0.00855015
v -0.00000051 -0.00603321 0.00869806
v -0.00703714 -0.00561049 0.00485704
v -0.00204669 -0.00561049 0.00830169
v -0.00000051 -0.00516544 0.00850000
v -0.00000051 -0.00561049 0.00855015
v -0.00703714 -0.00561049 0.00485704
v -0.00208209 -0.00603321 0.00844531
v -0.00415344 -0.00641242 -0.00791273
v -0.00592640 -0.00641242 -0.00668894
v -0.00613640 -0.00672911 -0.00692598
v -0.00203469 -0.00516544 0.00825301
v -0.00430061 -0.00672911 -0.00819314
v -0.00863516 -0.00603321 0.00104844
v -0.00813334 -0.00603321 0.00308438
v -0.00835613 -0.00641242 0.00316887
v -0.00404270 -0.00603321 0.00770175
v -0.00208209 -0.00603321 0.00844531
v -0.00213912 -0.00641242 0.00867666
v -0.00887169 -0.00641242 0.00107716
v -0.00221491 -0.00672911 -0.00898414
v -0.00000051 -0.00696738 -0.00963223
v -0.00000051 -0.00672911 -0.00925302
v -0.00230566 -0.00696738 -0.00935233
v -0.00221491 -0.00672911 -0.00898414
v -0.00430061 -0.00672911 -0.00819314
v -0.00447683 -0.00696738 -0.00852892
v -0.00230566 -0.00696738 -0.00935233
v -0.00415344 -0.00641242 0.00791274
v -0.00887169 -0.00641242 -0.00107715
v -0.00918607 -0.00672911 0.00111533
v -0.00918607 -0.00672911 -0.00111533
v -0.00567031 -0.00561049 -0.00639987
v -0.00563705 -0.00516544 -0.00636234
v -0.00699587 -0.00516544 -0.00482855
v -0.00887169 -0.00641242 0.00107716
v -0.00703714 -0.00561049 -0.00485703
v -0.00567031 -0.00561049 -0.00639987
v -0.00703714 -0.00561049 -0.00485703
v -0.00715888 -0.00603321 -0.00494106
v -0.00592640 -0.00641242 0.00668895
v -0.00415344 -0.00641242 0.00791274
v -0.00430061 -0.00672911 0.00819314
v -0.00576839 -0.00603321 -0.00651059
v -0.00613640 -0.00672911 0.00692599
v -0.00404270 -0.00603321 -0.00770175
v -0.00576839 -0.00603321 -0.00651059
v -0.00592640 -0.00641242 -0.00668894
v -0.00865224 -0.00672911 -0.00328116
v -0.00918607 -0.00672911 -0.00111533
v -0.00956251 -0.00696738 -0.00116104
v -0.00900680 -0.00696738 -0.00341564
v -0.00761560 -0.00672911 0.00525632
v -0.00613640 -0.00672911 0.00692599
v -0.00638786 -0.00696738 0.00720983
v -0.00792768 -0.00696738 0.00547173
v -0.00415344 -0.00641242 -0.00791273
v -0.00792768 -0.00696738 -0.00547173
v -0.00900680 -0.00696738 -0.00341564
v -0.00940206 -0.00711530 -0.00356553
v -0.00213912 -0.00641242 -0.00867666
v -0.00000051 -0.00672911 -0.00925302
v -0.00000051 -0.00641242 -0.00893634
v -0.00221491 -0.00672911 -0.00898414
v -0.00213912 -0.00641242 -0.00867666
v -0.00415344 -0.00641242 -0.00791273
v -0.00430061 -0.00672911 -0.00819314
v -0.00827558 -0.00711530 -0.00571187
v -0.00900680 -0.00696738 0.00341564
v -0.00827558 -0.00711530 0.00571187
v -0.00940206 -0.00711530 0.00356554
v -0.00221491 -0.00672911 -0.00898414
v -0.00792768 -0.00696738 0.00547173
v -0.00998216 -0.00711530 0.00121199
v -0.00981818 -0.00716544 0.00372335
v -0.01042395 -0.00716544 0.00126564
v -0.00397396 -0.00561049 -0.00757078
v -0.00395066 -0.00516544 -0.00752637
v -0.00563705 -0.00516544 -0.00636234
v -0.00666818 -0.00711530 -0.00752624
v -0.00864184 -0.00716544 -0.00596468
v -0.00696330 -0.00716544 -0.00785936
v -0.00397396 -0.00561049 -0.00757078
v -0.00576839 -0.00603321 -0.00651059
v -0.00404270 -0.00603321 -0.00770175
v -0.00567031 -0.00561049 -0.00639987
v -0.00827558 -0.00711530 -0.00571187
v -0.00940206 -0.00711530 0.00356554
v -0.00567031 -0.00561049 -0.00639987
v -0.00000051 -0.00516544 0.02350000
v -0.00000051 0.00483456 0.02350000
v -0.00562443 0.00483456 0.02281713
v -0.00562443 -0.00516544 0.02281713
v -0.01092151 -0.00516544 0.02080822
v -0.00562443 0.00483456 0.02281713
v -0.01092151 0.00483456 0.02080822
v -0.00562443 -0.00516544 0.02281713
v -0.01558389 -0.00516544 0.01759000
v -0.01092151 0.00483456 0.02080822
v -0.01558389 0.00483456 0.01759000
v -0.01092151 -0.00516544 0.02080822
v -0.01934063 -0.00516544 0.01334952
v -0.01558389 0.00483456 0.01759000
v -0.01934063 0.00483456 0.01334952
v -0.01558389 -0.00516544 0.01759000
v -0.02197339 -0.00516544 0.00833322
v -0.01934063 0.00483456 0.01334952
v -0.02197339 0.00483456 0.00833322
v -0.01934063 -0.00516544 0.01334952
v -0.02332917 -0.00516544 0.00283261
v -0.02197339 0.00483456 0.00833322
v -0.02332917 0.00483456 0.00283261
v -0.02197339 -0.00516544 0.00833322
v -0.02332917 -0.00516544 -0.00283261
v -0.02332917 0.00483456 0.00283261
v -0.02332917 0.00483456 -0.00283261
v -0.02332917 -0.00516544 0.00283261
v -0.02197339 -0.00516544 -0.00833321
v -0.02332917 0.00483456 -0.00283261
v -0.02197339 0.00483456 -0.00833321
v -0.02332917 -0.00516544 -0.00283261
v -0.01934063 -0.00516544 -0.01334952
v -0.01934063 0.00483456 -0.01334952
v -0.01558389 0.00483456 -0.01759000
v -0.01934063 -0.00516544 -0.01334952
v -0.02197339 0.00483456 -0.00833321
v -0.01934063 0.00483456 -0.01334952
v -0.02197339 -0.00516544 -0.00833321
v -0.01558389 -0.00516544 -0.01759000
v -0.01092151 -0.00516544 -0.02080821
v -0.01558389 0.00483456 -0.01759000
v -0.01092151 0.00483456 -0.02080821
v -0.01558389 -0.00516544 -0.01759000
v -0.00562443 -0.00516544 -0.02281713
v -0.00562443 0.00483456 -0.02281713
v -0.00000051 0.00483456 -0.02350000
v -0.00562443 -0.00516544 -0.02281713
v -0.01092151 0.00483456 -0.02080821
v -0.00562443 0.00483456 -0.02281713
v -0.01092151 -0.00516544 -0.02080821
v -0.00000051 -0.00516544 -0.02350000
v -0.00999206 -0.00716544 0.01903731
v -0.01425765 -0.00716544 0.01609298
v -0.00488011 -0.00716544 0.00929729
v 0.02010234 -0.00716544 -0.00762400
v 0.01042293 -0.00716544 -0.00126563
v 0.00981716 -0.00716544 -0.00372335
v 0.01769364 -0.00716544 -0.01221339
v -0.00696330 -0.00716544 -0.00785936
v -0.01769467 -0.00716544 -0.01221339
v -0.01425765 -0.00716544 -0.01609298
v -0.00864184 -0.00716544 -0.00596468
v -0.02010336 -0.00716544 -0.00762400
v -0.00514580 -0.00716544 0.02087525
v -0.00251333 -0.00716544 0.01019489
v -0.00000051 -0.00716544 0.01050000
v -0.00488011 -0.00716544 -0.00929729
v -0.00999206 -0.00716544 -0.01903730
v 0.02134273 -0.00716544 -0.00259154
v 0.01042293 -0.00716544 0.00126564
v -0.00981818 -0.00716544 -0.00372335
v -0.00000051 -0.00716544 0.02150000
v -0.00251333 -0.00716544 -0.01019489
v -0.00514580 -0.00716544 -0.02087525
v 0.02134273 -0.00716544 0.00259154
v 0.00981716 -0.00716544 0.00372335
v -0.01042395 -0.00716544 -0.00126563
v -0.02134375 -0.00716544 -0.00259154
v 0.00514477 -0.00716544 0.02087525
v 0.00251230 -0.00716544 0.01019489
v 0.02010234 -0.00716544 0.00762401
v 0.00864082 -0.00716544 0.00596468
v -0.00000051 -0.00716544 -0.01050000
v -0.00000051 -0.00716544 -0.02150000
v 0.00999104 -0.00716544 0.01903731
v 0.00487908 -0.00716544 0.00929729
v -0.01042395 -0.00716544 0.00126564
v -0.02134375 -0.00716544 0.00259154
v 0.01769364 -0.00716544 0.01221339
v 0.00696228 -0.00716544 0.00785937
v 0.01425663 -0.00716544 0.01609298
v 0.00251230 -0.00716544 -0.01019489
v 0.00514477 -0.00716544 -0.02087525
v -0.00981818 -0.00716544 0.00372335
v -0.02010336 -0.00716544 0.00762401
v 0.00487908 -0.00716544 -0.00929729
v 0.00999104 -0.00716544 -0.01903730
v -0.00864184 -0.00716544 0.00596468
v -0.01769467 -0.00716544 0.01221339
v 0.00696228 -0.00716544 -0.00785936
v 0.01425663 -0.00716544 -0.01609298
v -0.00696330 -0.00716544 0.00785937
v 0.00864082 -0.00716544 -0.00596468
v -0.02091474 -0.00696738 -0.00793172
v -0.02220519 -0.00696738 -0.00269613
v -0.02258164 -0.00672911 -0.00274184
v -0.01455277 -0.00711530 0.01642610
v -0.00999206 -0.00716544 0.01903731
v -0.01019888 -0.00711530 0.01943137
v -0.02126931 -0.00672911 -0.00806619
v -0.01455277 -0.00711530 0.01642610
v -0.01019888 -0.00711530 0.01943137
v -0.01039533 -0.00696738 0.01980568
v -0.02327939 -0.00561049 0.00282657
v -0.02192651 -0.00561049 0.00831543
v -0.02197339 -0.00516544 0.00833322
v -0.02332917 -0.00516544 0.00283261
v -0.01545255 -0.00603321 -0.01744175
v -0.01917763 -0.00603321 -0.01323701
v -0.01929936 -0.00561049 -0.01332103
v -0.02156541 -0.00641242 0.00817849
v -0.01917763 -0.00603321 0.01323701
v -0.02178820 -0.00603321 0.00826298
v -0.01555064 -0.00561049 -0.01755247
v -0.01898153 -0.00641242 0.01310166
v -0.01872091 -0.00672911 -0.01292175
v -0.02156541 -0.00641242 -0.00817849
v -0.01898153 -0.00641242 -0.01310165
v -0.00561243 -0.00561049 0.02276845
v -0.00000051 -0.00561049 0.02344986
v -0.00000051 -0.00516544 0.02350000
v -0.01840882 -0.00696738 0.01270634
v -0.01483309 -0.00696738 0.01674252
v -0.01508455 -0.00672911 0.01702636
v -0.01872091 -0.00672911 0.01292176
v -0.00562443 -0.00516544 0.02281713
v -0.02126931 -0.00672911 -0.00806619
v -0.02051948 -0.00711530 -0.00778182
v -0.02134375 -0.00716544 -0.00259154
v -0.02178555 -0.00711530 -0.00264518
v -0.00557703 -0.00603321 0.02262483
v -0.00000051 -0.00603321 0.02330194
v -0.00000051 -0.00561049 0.02344986
v -0.02010336 -0.00716544 -0.00762400
v -0.02051948 -0.00711530 -0.00778182
v -0.02220519 -0.00696738 -0.00269613
v -0.02091474 -0.00696738 -0.00793172
v -0.02178555 -0.00711530 -0.00264518
v -0.00561243 -0.00561049 0.02276845
v -0.02313255 -0.00603321 0.00280874
v -0.02178820 -0.00603321 0.00826298
v -0.02192651 -0.00561049 0.00831543
v -0.01089820 -0.00561049 -0.02076381
v -0.01558389 -0.00516544 -0.01759000
v -0.01092151 -0.00516544 -0.02080821
v -0.02327939 -0.00561049 0.00282657
v -0.02126931 -0.00672911 0.00806619
v -0.01898153 -0.00641242 0.01310166
v -0.02156541 -0.00641242 0.00817849
v -0.01555064 -0.00561049 -0.01755247
v -0.01089820 -0.00561049 0.02076382
v -0.00562443 -0.00516544 0.02281713
v -0.01092151 -0.00516544 0.02080822
v -0.01529455 -0.00641242 -0.01726340
v -0.01917763 -0.00603321 -0.01323701
v -0.01545255 -0.00603321 -0.01744175
v -0.01872091 -0.00672911 0.01292176
v -0.01898153 -0.00641242 -0.01310165
v -0.00561243 -0.00561049 0.02276845
v -0.01806093 -0.00711530 0.01246621
v -0.01425765 -0.00716544 0.01609298
v -0.01455277 -0.00711530 0.01642610
v -0.00552001 -0.00641242 0.02239348
v -0.00000051 -0.00641242 0.02306367
v -0.00000051 -0.00603321 0.02330194
v -0.01769467 -0.00716544 0.01221339
v -0.01806093 -0.00711530 0.01246621
v -0.01455277 -0.00711530 0.01642610
v -0.01483309 -0.00696738 0.01674252
v -0.01840882 -0.00696738 0.01270634
v -0.01840882 -0.00696738 -0.01270634
v -0.02091474 -0.00696738 -0.00793172
v -0.02126931 -0.00672911 -0.00806619
v -0.01872091 -0.00672911 -0.01292175
v -0.02327939 -0.00561049 -0.00282657
v -0.02332917 -0.00516544 0.00283261
v -0.02332917 -0.00516544 -0.00283261
v -0.00557703 -0.00603321 0.02262483
v -0.01082946 -0.00603321 0.02063284
v -0.00557703 -0.00603321 0.02262483
v -0.00561243 -0.00561049 0.02276845
v -0.01089820 -0.00561049 0.02076382
v -0.01082946 -0.00603321 -0.02063284
v -0.01545255 -0.00603321 -0.01744175
v -0.01555064 -0.00561049 -0.01755247
v -0.02327939 -0.00561049 0.00282657
v -0.02289602 -0.00641242 0.00278002
v -0.02156541 -0.00641242 0.00817849
v -0.02178820 -0.00603321 0.00826298
v -0.01089820 -0.00561049 -0.02076381
v -0.02313255 -0.00603321 0.00280874
v -0.00544422 -0.00672911 0.02208600
v -0.00000051 -0.00672911 0.02274698
v -0.00000051 -0.00641242 0.02306367
v -0.01508455 -0.00672911 -0.01702636
v -0.01872091 -0.00672911 -0.01292175
v -0.01898153 -0.00641242 -0.01310165
v -0.02091474 -0.00696738 0.00793172
v -0.01872091 -0.00672911 0.01292176
v -0.02126931 -0.00672911 0.00806619
v -0.01840882 -0.00696738 0.01270634
v -0.01529455 -0.00641242 -0.01726340
v -0.00552001 -0.00641242 0.02239348
v -0.01555064 -0.00561049 0.01755247
v -0.01089820 -0.00561049 0.02076382
v -0.01092151 -0.00516544 0.02080822
v -0.01806093 -0.00711530 -0.01246620
v -0.02091474 -0.00696738 -0.00793172
v -0.01840882 -0.00696738 -0.01270634
v -0.01558389 -0.00516544 0.01759000
v -0.01806093 -0.00711530 -0.01246620
v -0.01769467 -0.00716544 -0.01221339
v -0.02010336 -0.00716544 -0.00762400
v -0.02051948 -0.00711530 -0.00778182
v -0.02051948 -0.00711530 -0.00778182
v -0.02313255 -0.00603321 -0.00280874
v -0.02313255 -0.00603321 0.00280874
v -0.02327939 -0.00561049 0.00282657
v -0.02327939 -0.00561049 -0.00282657
v -0.00561243 -0.00561049 -0.02276844
v -0.00562443 -0.00516544 -0.02281713
v -0.00000051 -0.00516544 -0.02350000
v -0.00561243 -0.00561049 -0.02276844
v -0.01092151 -0.00516544 -0.02080821
v -0.00562443 -0.00516544 -0.02281713
v -0.01071873 -0.00641242 0.02042186
v -0.00557703 -0.00603321 0.02262483
v -0.01082946 -0.00603321 0.02063284
v -0.01089820 -0.00561049 -0.02076381
v -0.02258164 -0.00672911 0.00274185
v -0.02156541 -0.00641242 0.00817849
v -0.02289602 -0.00641242 0.00278002
v -0.00000051 -0.00561049 -0.02344985
v -0.00552001 -0.00641242 0.02239348
v -0.02126931 -0.00672911 0.00806619
v -0.00535347 -0.00696738 0.02171780
v -0.00000051 -0.00696738 0.02236777
v -0.00000051 -0.00672911 0.02274698
v -0.01071873 -0.00641242 -0.02042186
v -0.01545255 -0.00603321 -0.01744175
v -0.01082946 -0.00603321 -0.02063284
v -0.02051948 -0.00711530 0.00778182
v -0.02010336 -0.00716544 0.00762401
v -0.01769467 -0.00716544 0.01221339
v -0.01806093 -0.00711530 0.01246621
v -0.00544422 -0.00672911 0.02208600
v -0.02051948 -0.00711530 0.00778182
v -0.01806093 -0.00711530 0.01246621
v -0.01840882 -0.00696738 0.01270634
v -0.01529455 -0.00641242 -0.01726340
v -0.02091474 -0.00696738 0.00793172
v -0.01545255 -0.00603321 0.01744175
v -0.01082946 -0.00603321 0.02063284
v -0.01089820 -0.00561049 0.02076382
v -0.02192651 -0.00561049 -0.00831543
v -0.02332917 -0.00516544 -0.00283261
v -0.02197339 -0.00516544 -0.00833321
v -0.02327939 -0.00561049 -0.00282657
v -0.01555064 -0.00561049 0.01755247
v -0.01483309 -0.00696738 -0.01674251
v -0.01840882 -0.00696738 -0.01270634
v -0.01872091 -0.00672911 -0.01292175
v -0.01508455 -0.00672911 -0.01702636
v -0.00557703 -0.00603321 -0.02262482
v -0.01082946 -0.00603321 -0.02063284
v -0.01089820 -0.00561049 -0.02076381
v -0.01057156 -0.00672911 0.02014145
v -0.00552001 -0.00641242 0.02239348
v -0.01071873 -0.00641242 0.02042186
v -0.02289602 -0.00641242 -0.00278002
v -0.02289602 -0.00641242 0.00278002
v -0.02313255 -0.00603321 0.00280874
v -0.00557703 -0.00603321 -0.02262482
v -0.00000051 -0.00561049 -0.02344985
v -0.00000051 -0.00603321 -0.02330194
v -0.00544422 -0.00672911 0.02208600
v -0.02313255 -0.00603321 -0.00280874
v -0.00525230 -0.00711530 0.02130736
v -0.00000051 -0.00711530 0.02194504
v -0.00000051 -0.00696738 0.02236777
v -0.00561243 -0.00561049 -0.02276844
v -0.00525230 -0.00711530 0.02130736
v -0.00000051 -0.00716544 0.02150000
v -0.00000051 -0.00711530 0.02194504
v -0.00561243 -0.00561049 -0.02276844
v -0.02220519 -0.00696738 0.00269614
v -0.02091474 -0.00696738 0.00793172
v -0.02126931 -0.00672911 0.00806619
v -0.00514580 -0.00716544 0.02087525
v -0.02258164 -0.00672911 0.00274185
v -0.00535347 -0.00696738 0.02171780
v -0.01057156 -0.00672911 -0.02014145
v -0.01508455 -0.00672911 -0.01702636
v -0.01529455 -0.00641242 -0.01726340
v -0.01929936 -0.00561049 0.01332104
v -0.01558389 -0.00516544 0.01759000
v -0.01934063 -0.00516544 0.01334952
v -0.01071873 -0.00641242 -0.02042186
v -0.01555064 -0.00561049 0.01755247
v -0.01455277 -0.00711530 -0.01642610
v -0.01840882 -0.00696738 -0.01270634
v -0.01483309 -0.00696738 -0.01674251
v -0.02178820 -0.00603321 -0.00826298
v -0.02327939 -0.00561049 -0.00282657
v -0.02192651 -0.00561049 -0.00831543
v -0.01455277 -0.00711530 -0.01642610
v -0.01425765 -0.00716544 -0.01609298
v -0.01769467 -0.00716544 -0.01221339
v -0.02313255 -0.00603321 -0.00280874
v -0.01529455 -0.00641242 0.01726340
v -0.01071873 -0.00641242 0.02042186
v -0.01082946 -0.00603321 0.02063284
v -0.01806093 -0.00711530 -0.01246620
v -0.01806093 -0.00711530 -0.01246620
v -0.00552001 -0.00641242 -0.02239347
v -0.01071873 -0.00641242 -0.02042186
v -0.01082946 -0.00603321 -0.02063284
v -0.02258164 -0.00672911 -0.00274184
v -0.02289602 -0.00641242 0.00278002
v -0.02289602 -0.00641242 -0.00278002
v -0.00552001 -0.00641242 -0.02239347
v -0.00000051 -0.00603321 -0.02330194
v -0.00000051 -0.00641242 -0.02306366
v -0.01545255 -0.00603321 0.01744175
v -0.01039533 -0.00696738 0.01980568
v -0.00544422 -0.00672911 0.02208600
v -0.01057156 -0.00672911 0.02014145
v -0.00557703 -0.00603321 -0.02262482
v -0.02258164 -0.00672911 0.00274185
v -0.00535347 -0.00696738 0.02171780
v -0.00557703 -0.00603321 -0.02262482
v -0.02178555 -0.00711530 0.00264518
v -0.02134375 -0.00716544 0.00259154
v -0.02010336 -0.00716544 0.00762401
v -0.02051948 -0.00711530 0.00778182
v -0.02178555 -0.00711530 0.00264518
v -0.02091474 -0.00696738 0.00793172
v -0.02220519 -0.00696738 0.00269614
v -0.02051948 -0.00711530 0.00778182
v -0.01917763 -0.00603321 0.01323701
v -0.01545255 -0.00603321 0.01744175
v -0.01555064 -0.00561049 0.01755247
v -0.01039533 -0.00696738 -0.01980567
v -0.01508455 -0.00672911 -0.01702636
v -0.01057156 -0.00672911 -0.02014145
v -0.01483309 -0.00696738 -0.01674251
v -0.01929936 -0.00561049 0.01332104
v -0.01929936 -0.00561049 -0.01332103
v -0.02197339 -0.00516544 -0.00833321
v -0.01934063 -0.00516544 -0.01334952
v -0.02192651 -0.00561049 -0.00831543
v -0.00544422 -0.00672911 -0.02208599
v -0.00000051 -0.00641242 -0.02306366
v -0.00000051 -0.00672911 -0.02274698
v -0.00552001 -0.00641242 -0.02239347
v -0.01508455 -0.00672911 0.01702636
v -0.01057156 -0.00672911 0.02014145
v -0.01071873 -0.00641242 0.02042186
v -0.00544422 -0.00672911 -0.02208599
v -0.01057156 -0.00672911 -0.02014145
v -0.01071873 -0.00641242 -0.02042186
v -0.01529455 -0.00641242 0.01726340
v -0.00552001 -0.00641242 -0.02239347
v -0.02156541 -0.00641242 -0.00817849
v -0.02289602 -0.00641242 -0.00278002
v -0.02313255 -0.00603321 -0.00280874
v -0.02178820 -0.00603321 -0.00826298
v -0.01019888 -0.00711530 -0.01943137
v -0.00999206 -0.00716544 -0.01903730
v -0.01425765 -0.00716544 -0.01609298
v -0.01019888 -0.00711530 0.01943137
v -0.00999206 -0.00716544 0.01903731
v -0.00514580 -0.00716544 0.02087525
v -0.01019888 -0.00711530 -0.01943137
v -0.01455277 -0.00711530 -0.01642610
v -0.01483309 -0.00696738 -0.01674251
v -0.01019888 -0.00711530 0.01943137
v -0.00535347 -0.00696738 0.02171780
v -0.01039533 -0.00696738 0.01980568
v -0.01039533 -0.00696738 -0.01980567
v -0.00525230 -0.00711530 0.02130736
v -0.00525230 -0.00711530 0.02130736
v -0.01455277 -0.00711530 -0.01642610
v -0.02220519 -0.00696738 -0.00269613
v -0.02220519 -0.00696738 0.00269614
v -0.02258164 -0.00672911 0.00274185
v -0.02258164 -0.00672911 -0.00274184
v -0.00535347 -0.00696738 -0.02171780
v -0.00000051 -0.00672911 -0.02274698
v -0.00000051 -0.00696738 -0.02236777
v -0.02192651 -0.00561049 0.00831543
v -0.01934063 -0.00516544 0.01334952
v -0.02197339 -0.00516544 0.00833322
v -0.01917763 -0.00603321 -0.01323701
v -0.02178820 -0.00603321 -0.00826298
v -0.02192651 -0.00561049 -0.00831543
v -0.01929936 -0.00561049 0.01332104
v -0.00544422 -0.00672911 -0.02208599
v -0.00535347 -0.00696738 -0.02171780
v -0.01039533 -0.00696738 -0.01980567
v -0.01057156 -0.00672911 -0.02014145
v -0.00544422 -0.00672911 -0.02208599
v -0.00525230 -0.00711530 -0.02130736
v -0.00000051 -0.00696738 -0.02236777
v -0.00000051 -0.00711530 -0.02194504
v -0.00525230 -0.00711530 -0.02130736
v -0.00000051 -0.00711530 -0.02194504
v -0.00000051 -0.00716544 -0.02150000
v -0.01929936 -0.00561049 -0.01332103
v -0.00514580 -0.00716544 -0.02087525
v -0.00525230 -0.00711530 -0.02130736
v -0.00514580 -0.00716544 -0.02087525
v -0.00999206 -0.00716544 -0.01903730
v -0.01898153 -0.00641242 0.01310166
v -0.01529455 -0.00641242 0.01726340
v -0.01545255 -0.00603321 0.01744175
v -0.00525230 -0.00711530 -0.02130736
v -0.01019888 -0.00711530 -0.01943137
v -0.01039533 -0.00696738 -0.01980567
v -0.02126931 -0.00672911 -0.00806619
v -0.02289602 -0.00641242 -0.00278002
v -0.02156541 -0.00641242 -0.00817849
v -0.01917763 -0.00603321 0.01323701
v -0.01019888 -0.00711530 -0.01943137
v -0.00535347 -0.00696738 -0.02171780
v -0.00535347 -0.00696738 -0.02171780
v -0.01483309 -0.00696738 0.01674252
v -0.01057156 -0.00672911 0.02014145
v -0.01508455 -0.00672911 0.01702636
v -0.02258164 -0.00672911 -0.00274184
v -0.02178555 -0.00711530 -0.00264518
v -0.02220519 -0.00696738 0.00269614
v -0.02220519 -0.00696738 -0.00269613
v -0.02178555 -0.00711530 -0.00264518
v -0.02134375 -0.00716544 -0.00259154
v -0.02134375 -0.00716544 0.00259154
v -0.01039533 -0.00696738 0.01980568
v -0.02178555 -0.00711530 0.00264518
v -0.02178820 -0.00603321 0.00826298
v -0.01917763 -0.00603321 0.01323701
v -0.01929936 -0.00561049 0.01332104
v -0.02178555 -0.00711530 0.00264518
v -0.02192651 -0.00561049 0.00831543
v -0.01555064 -0.00561049 -0.01755247
v -0.01934063 -0.00516544 -0.01334952
v -0.01558389 -0.00516544 -0.01759000
v -0.01872091 -0.00672911 0.01292176
v -0.01529455 -0.00641242 0.01726340
v -0.01898153 -0.00641242 0.01310166
v -0.01929936 -0.00561049 -0.01332103
v -0.01898153 -0.00641242 -0.01310165
v -0.02156541 -0.00641242 -0.00817849
v -0.02178820 -0.00603321 -0.00826298
v -0.01508455 -0.00672911 0.01702636
v -0.01425765 -0.00716544 0.01609298
v -0.01917763 -0.00603321 -0.01323701
v -0.01483309 -0.00696738 0.01674252
v 0.01400113 0.03188617 -0.03600000
v 0.02118382 0.03172368 -0.04000000
v 0.01400113 0.03188617 -0.04000000
v 0.02118382 0.03172368 -0.03600000
v 0.01400365 0.03188267 -0.04008285
v 0.02118382 0.03172368 -0.04000000
v 0.02116893 0.03170362 -0.04020087
v 0.01400365 0.03188267 -0.04008285
v 0.01400113 0.03188617 -0.04000000
v 0.02118382 0.03172368 -0.04000000
v 0.01401120 0.03187150 -0.04016933
v 0.01400365 0.03188267 -0.04008285
v 0.02116893 0.03170362 -0.04020087
v 0.01403386 0.03183481 -0.04031410
v 0.02116893 0.03170362 -0.04020087
v 0.02112406 0.03163465 -0.04041532
v 0.01403386 0.03183481 -0.04031410
v 0.01401120 0.03187150 -0.04016933
v 0.02116893 0.03170362 -0.04020087
v 0.01406941 0.03177148 -0.04046194
v 0.02112406 0.03163465 -0.04041532
v 0.02105783 0.03152132 -0.04060681
v 0.01406941 0.03177148 -0.04046194
v 0.01403386 0.03183481 -0.04031410
v 0.02112406 0.03163465 -0.04041532
v 0.01411777 0.03167847 -0.04060662
v 0.01406941 0.03177148 -0.04046194
v 0.02105783 0.03152132 -0.04060681
v 0.01417889 0.03155338 -0.04074110
v 0.02105783 0.03152132 -0.04060681
v 0.02097717 0.03137295 -0.04076437
v 0.01417889 0.03155338 -0.04074110
v 0.01411777 0.03167847 -0.04060662
v 0.02105783 0.03152132 -0.04060681
v 0.01424394 0.03141530 -0.04084499
v 0.02097717 0.03137295 -0.04076437
v 0.02087658 0.03118089 -0.04089282
v 0.01424394 0.03141530 -0.04084499
v 0.01417889 0.03155338 -0.04074110
v 0.02097717 0.03137295 -0.04076437
v 0.01430506 0.03128340 -0.04091462
v 0.02087658 0.03118089 -0.04089282
v 0.02076733 0.03097054 -0.04097124
v 0.01430506 0.03128340 -0.04091462
v 0.01424394 0.03141530 -0.04084499
v 0.02087658 0.03118089 -0.04089282
v 0.01437306 0.03113655 -0.04096577
v 0.01430506 0.03128340 -0.04091462
v 0.02076733 0.03097054 -0.04097124
v 0.01449799 0.03087468 -0.04100000
v 0.02076733 0.03097054 -0.04097124
v 0.02064172 0.03073569 -0.04100000
v 0.01449799 0.03087468 -0.04100000
v 0.01437306 0.03113655 -0.04096577
v 0.02076733 0.03097054 -0.04097124
v 0.01398376 0.03188505 -0.03600000
v 0.01400113 0.03188617 -0.03600000
v 0.01400113 0.03188617 -0.04000000
v 0.01398376 0.03188505 -0.03600000
v 0.01400113 0.03188617 -0.04000000
v 0.01397634 0.03188363 -0.04000000
v 0.01396632 0.03188076 -0.03600000
v 0.01397634 0.03188363 -0.04000000
v 0.01395448 0.03187581 -0.04000000
v 0.01396632 0.03188076 -0.03600000
v 0.01398376 0.03188505 -0.03600000
v 0.01397634 0.03188363 -0.04000000
v 0.01394728 0.03187187 -0.03600000
v 0.01395448 0.03187581 -0.04000000
v 0.01393673 0.03186455 -0.04000000
v 0.01394728 0.03187187 -0.03600000
v 0.01396632 0.03188076 -0.03600000
v 0.01395448 0.03187581 -0.04000000
v 0.01392892 0.03185766 -0.03600000
v 0.01393673 0.03186455 -0.04000000
v 0.01392372 0.03185218 -0.04000000
v 0.01392892 0.03185766 -0.03600000
v 0.01394728 0.03187187 -0.03600000
v 0.01393673 0.03186455 -0.04000000
v 0.01391342 0.03183814 -0.03600000
v 0.01392372 0.03185218 -0.04000000
v 0.01391342 0.03183815 -0.04000000
v 0.01391342 0.03183814 -0.03600000
v 0.01392892 0.03185766 -0.03600000
v 0.01392372 0.03185218 -0.04000000
v 0.01367469 0.01925500 -0.03600000
v 0.01364161 0.01928020 -0.03600000
v 0.01365682 0.01926586 -0.03600000
v 0.01371515 0.01924544 -0.03600000
v 0.01369442 0.01924809 -0.03600000
v 0.01362970 0.01929738 -0.03600000
v 0.01018135 0.02569900 -0.03600000
v 0.01016993 0.02562221 -0.03600000
v 0.01017908 0.02559903 -0.03600000
v 0.01016681 0.02564521 -0.03600000
v 0.01016864 0.02566615 -0.03600000
v 0.01017363 0.02568340 -0.03600000
v 0.02089935 0.01908292 -0.03600000
v 0.02089785 0.01908294 -0.03600000
v 0.02089860 0.01908293 -0.03600000
v 0.02090011 0.01908291 -0.03600000
v 0.02092046 0.01908501 -0.03600000
v 0.02093995 0.01909120 -0.03600000
v 0.02095778 0.01910122 -0.03600000
v 0.02097320 0.01911467 -0.03600000
v 0.02098556 0.01913097 -0.03600000
v 0.01394728 0.03187187 -0.03600000
v 0.01392892 0.03185766 -0.03600000
v 0.01391342 0.03183814 -0.03600000
v 0.01396632 0.03188076 -0.03600000
v 0.01398376 0.03188505 -0.03600000
v 0.01400113 0.03188617 -0.03600000
v 0.02471763 0.02527011 -0.03600000
v 0.02471989 0.02537009 -0.03600000
v 0.02473216 0.02532390 -0.03600000
v 0.02472904 0.02534691 -0.03600000
v 0.02473034 0.02530297 -0.03600000
v 0.02472534 0.02528572 -0.03600000
v 0.02126927 0.03167173 -0.03600000
v 0.02122429 0.03171411 -0.03600000
v 0.02120456 0.03172102 -0.03600000
v 0.02118382 0.03172368 -0.03600000
v 0.02124215 0.03170325 -0.03600000
v 0.02125737 0.03168892 -0.03600000
v 0.02126927 0.03167173 -0.03600000
v 0.02126927 0.03167173 -0.04000000
v 0.02125737 0.03168892 -0.04000000
v 0.02125737 0.03168892 -0.03600000
v 0.02125737 0.03168892 -0.04000000
v 0.02124215 0.03170325 -0.04000000
v 0.02125737 0.03168892 -0.03600000
v 0.02124215 0.03170325 -0.03600000
v 0.02124215 0.03170325 -0.04000000
v 0.02122429 0.03171411 -0.04000000
v 0.02124215 0.03170325 -0.03600000
v 0.02122429 0.03171411 -0.03600000
v 0.02122429 0.03171411 -0.04000000
v 0.02120456 0.03172102 -0.04000000
v 0.02122429 0.03171411 -0.03600000
v 0.02120456 0.03172102 -0.03600000
v 0.02120456 0.03172102 -0.04000000
v 0.02118382 0.03172368 -0.04000000
v 0.02120456 0.03172102 -0.03600000
v 0.02118382 0.03172368 -0.03600000
v 0.02359322 0.02534557 -0.04100000
v 0.02040098 0.02009444 -0.04100000
v 0.01425725 0.02023343 -0.04100000
v 0.01130576 0.02562355 -0.04100000
v 0.01449799 0.03087468 -0.04100000
v 0.02064172 0.03073569 -0.04100000
v 0.01018135 0.02569900 -0.04000000
v 0.01391342 0.03183814 -0.03600000
v 0.01391342 0.03183815 -0.04000000
v 0.01018135 0.02569900 -0.03600000
v 0.02126927 0.03167173 -0.04000000
v 0.02471989 0.02537009 -0.03600000
v 0.02471989 0.02537009 -0.04000000
v 0.02126927 0.03167173 -0.03600000
v 0.02471763 0.02527011 -0.04000000
v 0.02098556 0.01913097 -0.03600000
v 0.02098556 0.01913097 -0.04000000
v 0.02471763 0.02527011 -0.03600000
v 0.02089785 0.01908294 -0.04000000
v 0.01371515 0.01924544 -0.03600000
v 0.01371515 0.01924544 -0.04000000
v 0.02089785 0.01908294 -0.03600000
v 0.01362970 0.01929738 -0.04000000
v 0.01017908 0.02559903 -0.03600000
v 0.01017908 0.02559903 -0.04000000
v 0.01362970 0.01929738 -0.03600000
v 0.01363148 0.01930132 -0.04008285
v 0.01017908 0.02559903 -0.04000000
v 0.01020390 0.02559616 -0.04020087
v 0.01363148 0.01930132 -0.04008285
v 0.01362970 0.01929738 -0.04000000
v 0.01017908 0.02559903 -0.04000000
v 0.01363738 0.01931344 -0.04016933
v 0.01363148 0.01930132 -0.04008285
v 0.01020390 0.02559616 -0.04020087
v 0.01365782 0.01935141 -0.04031410
v 0.01020390 0.02559616 -0.04020087
v 0.01028606 0.02559178 -0.04041532
v 0.01365782 0.01935141 -0.04031410
v 0.01363738 0.01931344 -0.04016933
v 0.01020390 0.02559616 -0.04020087
v 0.01369489 0.01941386 -0.04046194
v 0.01028606 0.02559178 -0.04041532
v 0.01041733 0.02559109 -0.04060681
v 0.01369489 0.01941386 -0.04046194
v 0.01365782 0.01935141 -0.04031410
v 0.01028606 0.02559178 -0.04041532
v 0.01375126 0.01950225 -0.04060662
v 0.01369489 0.01941386 -0.04046194
v 0.01041733 0.02559109 -0.04060681
v 0.01382903 0.01961773 -0.04074110
v 0.01041733 0.02559109 -0.04060681
v 0.01058615 0.02559542 -0.04076437
v 0.01382903 0.01961773 -0.04074110
v 0.01375126 0.01950225 -0.04060662
v 0.01041733 0.02559109 -0.04060681
v 0.01391609 0.01974310 -0.04084499
v 0.01058615 0.02559542 -0.04076437
v 0.01080277 0.02560434 -0.04089282
v 0.01391609 0.01974310 -0.04084499
v 0.01382903 0.01961773 -0.04074110
v 0.01058615 0.02559542 -0.04076437
v 0.01399976 0.01986198 -0.04091462
v 0.01080277 0.02560434 -0.04089282
v 0.01103957 0.02561491 -0.04097124
v 0.01399976 0.01986198 -0.04091462
v 0.01391609 0.01974310 -0.04084499
v 0.01080277 0.02560434 -0.04089282
v 0.01409293 0.01999430 -0.04096577
v 0.01399976 0.01986198 -0.04091462
v 0.01103957 0.02561491 -0.04097124
v 0.01425725 0.02023343 -0.04100000
v 0.01103957 0.02561491 -0.04097124
v 0.01130576 0.02562355 -0.04100000
v 0.01409293 0.01999430 -0.04096577
v 0.02089532 0.01908644 -0.04008285
v 0.02089785 0.01908294 -0.04000000
v 0.01371515 0.01924544 -0.04000000
v 0.02089532 0.01908644 -0.04008285
v 0.01371515 0.01924544 -0.04000000
v 0.01373005 0.01926549 -0.04020087
v 0.02088778 0.01909762 -0.04016933
v 0.02089532 0.01908644 -0.04008285
v 0.01373005 0.01926549 -0.04020087
v 0.02086511 0.01913431 -0.04031410
v 0.01373005 0.01926549 -0.04020087
v 0.01377492 0.01933446 -0.04041532
v 0.02086511 0.01913431 -0.04031410
v 0.02088778 0.01909762 -0.04016933
v 0.01373005 0.01926549 -0.04020087
v 0.02082957 0.01919763 -0.04046194
v 0.01377492 0.01933446 -0.04041532
v 0.01384115 0.01944779 -0.04060681
v 0.02082957 0.01919763 -0.04046194
v 0.02086511 0.01913431 -0.04031410
v 0.01377492 0.01933446 -0.04041532
v 0.02078120 0.01929064 -0.04060662
v 0.02082957 0.01919763 -0.04046194
v 0.01384115 0.01944779 -0.04060681
v 0.02072008 0.01941574 -0.04074110
v 0.01384115 0.01944779 -0.04060681
v 0.01392181 0.01959616 -0.04076437
v 0.02072008 0.01941574 -0.04074110
v 0.02078120 0.01929064 -0.04060662
v 0.01384115 0.01944779 -0.04060681
v 0.02065503 0.01955382 -0.04084499
v 0.01392181 0.01959616 -0.04076437
v 0.01402240 0.01978822 -0.04089282
v 0.02065503 0.01955382 -0.04084499
v 0.02072008 0.01941574 -0.04074110
v 0.01392181 0.01959616 -0.04076437
v 0.02059392 0.01968571 -0.04091462
v 0.01402240 0.01978822 -0.04089282
v 0.01413164 0.01999858 -0.04097124
v 0.02059392 0.01968571 -0.04091462
v 0.02065503 0.01955382 -0.04084499
v 0.01402240 0.01978822 -0.04089282
v 0.02052592 0.01983256 -0.04096577
v 0.02059392 0.01968571 -0.04091462
v 0.01413164 0.01999858 -0.04097124
v 0.02040098 0.02009444 -0.04100000
v 0.01413164 0.01999858 -0.04097124
v 0.01425725 0.02023343 -0.04100000
v 0.02040098 0.02009444 -0.04100000
v 0.02052592 0.01983256 -0.04096577
v 0.01413164 0.01999858 -0.04097124
v 0.02471334 0.02526968 -0.04008285
v 0.02471763 0.02527011 -0.04000000
v 0.02098556 0.01913097 -0.04000000
v 0.02471334 0.02526968 -0.04008285
v 0.02098556 0.01913097 -0.04000000
v 0.02097564 0.01915389 -0.04020087
v 0.02469989 0.02526873 -0.04016933
v 0.02471334 0.02526968 -0.04008285
v 0.02097564 0.01915389 -0.04020087
v 0.02465678 0.02526745 -0.04031410
v 0.02097564 0.01915389 -0.04020087
v 0.02093834 0.01922724 -0.04041532
v 0.02465678 0.02526745 -0.04031410
v 0.02469989 0.02526873 -0.04016933
v 0.02097564 0.01915389 -0.04020087
v 0.02458417 0.02526833 -0.04046194
v 0.02093834 0.01922724 -0.04041532
v 0.02087331 0.01934126 -0.04060681
v 0.02458417 0.02526833 -0.04046194
v 0.02465678 0.02526745 -0.04031410
v 0.02093834 0.01922724 -0.04041532
v 0.02447944 0.02527295 -0.04060662
v 0.02458417 0.02526833 -0.04046194
v 0.02087331 0.01934126 -0.04060681
v 0.02434054 0.02528256 -0.04074110
v 0.02087331 0.01934126 -0.04060681
v 0.02078514 0.01948530 -0.04076437
v 0.02434054 0.02528256 -0.04074110
v 0.02447944 0.02527295 -0.04060662
v 0.02087331 0.01934126 -0.04060681
v 0.02418843 0.02529527 -0.04084499
v 0.02078514 0.01948530 -0.04076437
v 0.02066911 0.01966844 -0.04089282
v 0.02418843 0.02529527 -0.04084499
v 0.02434054 0.02528256 -0.04074110
v 0.02078514 0.01948530 -0.04076437
v 0.02404365 0.02530829 -0.04091462
v 0.02066911 0.01966844 -0.04089282
v 0.02054156 0.01986823 -0.04097124
v 0.02404365 0.02530829 -0.04091462
v 0.02418843 0.02529527 -0.04084499
v 0.02066911 0.01966844 -0.04089282
v 0.02388247 0.02532283 -0.04096577
v 0.02404365 0.02530829 -0.04091462
v 0.02054156 0.01986823 -0.04097124
v 0.02359322 0.02534557 -0.04100000
v 0.02054156 0.01986823 -0.04097124
v 0.02040098 0.02009444 -0.04100000
v 0.02359322 0.02534557 -0.04100000
v 0.02388247 0.02532283 -0.04096577
v 0.02054156 0.01986823 -0.04097124
v 0.02126750 0.03166780 -0.04008285
v 0.02126927 0.03167173 -0.04000000
v 0.02471989 0.02537009 -0.04000000
v 0.02126750 0.03166780 -0.04008285
v 0.02471989 0.02537009 -0.04000000
v 0.02469508 0.02537296 -0.04020087
v 0.02126160 0.03165567 -0.04016933
v 0.02126750 0.03166780 -0.04008285
v 0.02469508 0.02537296 -0.04020087
v 0.02124115 0.03161770 -0.04031410
v 0.02469508 0.02537296 -0.04020087
v 0.02461292 0.02537733 -0.04041532
v 0.02124115 0.03161770 -0.04031410
v 0.02126160 0.03165567 -0.04016933
v 0.02469508 0.02537296 -0.04020087
v 0.02120409 0.03155525 -0.04046194
v 0.02461292 0.02537733 -0.04041532
v 0.02448165 0.02537803 -0.04060681
v 0.02120409 0.03155525 -0.04046194
v 0.02124115 0.03161770 -0.04031410
v 0.02461292 0.02537733 -0.04041532
v 0.02114772 0.03146687 -0.04060662
v 0.02120409 0.03155525 -0.04046194
v 0.02448165 0.02537803 -0.04060681
v 0.02106994 0.03135138 -0.04074110
v 0.02448165 0.02537803 -0.04060681
v 0.02431283 0.02537369 -0.04076437
v 0.02106994 0.03135138 -0.04074110
v 0.02114772 0.03146687 -0.04060662
v 0.02448165 0.02537803 -0.04060681
v 0.02098289 0.03122601 -0.04084499
v 0.02431283 0.02537369 -0.04076437
v 0.02409620 0.02536478 -0.04089282
v 0.02098289 0.03122601 -0.04084499
v 0.02106994 0.03135138 -0.04074110
v 0.02431283 0.02537369 -0.04076437
v 0.02089922 0.03110713 -0.04091462
v 0.02409620 0.02536478 -0.04089282
v 0.02385941 0.02535421 -0.04097124
v 0.02089922 0.03110713 -0.04091462
v 0.02098289 0.03122601 -0.04084499
v 0.02409620 0.02536478 -0.04089282
v 0.02080604 0.03097482 -0.04096577
v 0.02089922 0.03110713 -0.04091462
v 0.02385941 0.02535421 -0.04097124
v 0.02064172 0.03073569 -0.04100000
v 0.02385941 0.02535421 -0.04097124
v 0.02359322 0.02534557 -0.04100000
v 0.02080604 0.03097482 -0.04096577
v 0.01018564 0.02569943 -0.04008285
v 0.01391342 0.03183815 -0.04000000
v 0.01392334 0.03181522 -0.04020087
v 0.01018564 0.02569943 -0.04008285
v 0.01018135 0.02569900 -0.04000000
v 0.01391342 0.03183815 -0.04000000
v 0.01019909 0.02570038 -0.04016933
v 0.01018564 0.02569943 -0.04008285
v 0.01392334 0.03181522 -0.04020087
v 0.01024220 0.02570166 -0.04031410
v 0.01392334 0.03181522 -0.04020087
v 0.01396063 0.03174188 -0.04041532
v 0.01024220 0.02570166 -0.04031410
v 0.01019909 0.02570038 -0.04016933
v 0.01392334 0.03181522 -0.04020087
v 0.01031481 0.02570078 -0.04046194
v 0.01396063 0.03174188 -0.04041532
v 0.01402567 0.03162785 -0.04060681
v 0.01031481 0.02570078 -0.04046194
v 0.01024220 0.02570166 -0.04031410
v 0.01396063 0.03174188 -0.04041532
v 0.01041954 0.02569617 -0.04060662
v 0.01031481 0.02570078 -0.04046194
v 0.01402567 0.03162785 -0.04060681
v 0.01055844 0.02568655 -0.04074110
v 0.01402567 0.03162785 -0.04060681
v 0.01411383 0.03148381 -0.04076437
v 0.01055844 0.02568655 -0.04074110
v 0.01041954 0.02569617 -0.04060662
v 0.01402567 0.03162785 -0.04060681
v 0.01071054 0.02567384 -0.04084499
v 0.01411383 0.03148381 -0.04076437
v 0.01422986 0.03130067 -0.04089282
v 0.01071054 0.02567384 -0.04084499
v 0.01055844 0.02568655 -0.04074110
v 0.01411383 0.03148381 -0.04076437
v 0.01085533 0.02566082 -0.04091462
v 0.01422986 0.03130067 -0.04089282
v 0.01435742 0.03110089 -0.04097124
v 0.01085533 0.02566082 -0.04091462
v 0.01071054 0.02567384 -0.04084499
v 0.01422986 0.03130067 -0.04089282
v 0.01101650 0.02564629 -0.04096577
v 0.01085533 0.02566082 -0.04091462
v 0.01435742 0.03110089 -0.04097124
v 0.01130576 0.02562355 -0.04100000
v 0.01435742 0.03110089 -0.04097124
v 0.01449799 0.03087468 -0.04100000
v 0.01130576 0.02562355 -0.04100000
v 0.01101650 0.02564629 -0.04096577
v 0.01435742 0.03110089 -0.04097124
v 0.01017363 0.02568340 -0.03600000
v 0.01018135 0.02569900 -0.03600000
v 0.01018135 0.02569900 -0.04000000
v 0.01017363 0.02568340 -0.03600000
v 0.01018135 0.02569900 -0.04000000
v 0.01017115 0.02567626 -0.04000000
v 0.01016864 0.02566615 -0.03600000
v 0.01017115 0.02567626 -0.04000000
v 0.01016700 0.02565342 -0.04000000
v 0.01016864 0.02566615 -0.03600000
v 0.01017363 0.02568340 -0.03600000
v 0.01017115 0.02567626 -0.04000000
v 0.01016681 0.02564521 -0.03600000
v 0.01016700 0.02565342 -0.04000000
v 0.01016787 0.02563242 -0.04000000
v 0.01016681 0.02564521 -0.03600000
v 0.01016864 0.02566615 -0.03600000
v 0.01016700 0.02565342 -0.04000000
v 0.01016993 0.02562221 -0.03600000
v 0.01016787 0.02563242 -0.04000000
v 0.01017208 0.02561496 -0.04000000
v 0.01016993 0.02562221 -0.03600000
v 0.01016681 0.02564521 -0.03600000
v 0.01016787 0.02563242 -0.04000000
v 0.01017908 0.02559903 -0.03600000
v 0.01017208 0.02561496 -0.04000000
v 0.01017908 0.02559903 -0.04000000
v 0.01017908 0.02559903 -0.03600000
v 0.01016993 0.02562221 -0.03600000
v 0.01017208 0.02561496 -0.04000000
v 0.02472534 0.02528572 -0.03600000
v 0.02471763 0.02527011 -0.03600000
v 0.02471763 0.02527011 -0.04000000
v 0.02472534 0.02528572 -0.03600000
v 0.02471763 0.02527011 -0.04000000
v 0.02472656 0.02528902 -0.04000000
v 0.02473034 0.02530297 -0.03600000
v 0.02472656 0.02528902 -0.04000000
v 0.02473137 0.02530936 -0.04000000
v 0.02473034 0.02530297 -0.03600000
v 0.02472534 0.02528572 -0.03600000
v 0.02472656 0.02528902 -0.04000000
v 0.02473216 0.02532390 -0.03600000
v 0.02473137 0.02530936 -0.04000000
v 0.02473184 0.02533026 -0.04000000
v 0.02473216 0.02532390 -0.03600000
v 0.02473034 0.02530297 -0.03600000
v 0.02473137 0.02530936 -0.04000000
v 0.02472904 0.02534691 -0.03600000
v 0.02473184 0.02533026 -0.04000000
v 0.02472796 0.02535080 -0.04000000
v 0.02472904 0.02534691 -0.03600000
v 0.02473216 0.02532390 -0.03600000
v 0.02473184 0.02533026 -0.04000000
v 0.02471989 0.02537009 -0.03600000
v 0.02472796 0.02535080 -0.04000000
v 0.02471989 0.02537009 -0.04000000
v 0.02471989 0.02537009 -0.03600000
v 0.02472904 0.02534691 -0.03600000
v 0.02472796 0.02535080 -0.04000000
v 0.02090011 0.01908291 -0.03600000
v 0.02089785 0.01908294 -0.04000000
v 0.02091868 0.01908466 -0.04000000
v 0.02092046 0.01908501 -0.03600000
v 0.02091868 0.01908466 -0.04000000
v 0.02093871 0.01909066 -0.04000000
v 0.02092046 0.01908501 -0.03600000
v 0.02090011 0.01908291 -0.03600000
v 0.02091868 0.01908466 -0.04000000
v 0.02093995 0.01909120 -0.03600000
v 0.02093871 0.01909066 -0.04000000
v 0.02095704 0.01910070 -0.04000000
v 0.02093995 0.01909120 -0.03600000
v 0.02092046 0.01908501 -0.03600000
v 0.02093871 0.01909066 -0.04000000
v 0.02095778 0.01910122 -0.03600000
v 0.02095704 0.01910070 -0.04000000
v 0.02097289 0.01911434 -0.04000000
v 0.02095778 0.01910122 -0.03600000
v 0.02093995 0.01909120 -0.03600000
v 0.02095704 0.01910070 -0.04000000
v 0.02097320 0.01911467 -0.03600000
v 0.02097289 0.01911434 -0.04000000
v 0.02098556 0.01913097 -0.04000000
v 0.02097320 0.01911467 -0.03600000
v 0.02095778 0.01910122 -0.03600000
v 0.02097289 0.01911434 -0.04000000
v 0.02098556 0.01913097 -0.03600000
v 0.02097320 0.01911467 -0.03600000
v 0.02098556 0.01913097 -0.04000000
v 0.01362970 0.01929738 -0.03600000
v 0.01362970 0.01929738 -0.04000000
v 0.01364161 0.01928020 -0.04000000
v 0.01364161 0.01928020 -0.03600000
v 0.01364161 0.01928020 -0.04000000
v 0.01365682 0.01926586 -0.04000000
v 0.01364161 0.01928020 -0.03600000
v 0.01365682 0.01926586 -0.03600000
v 0.01365682 0.01926586 -0.04000000
v 0.01367469 0.01925500 -0.04000000
v 0.01365682 0.01926586 -0.03600000
v 0.01367469 0.01925500 -0.03600000
v 0.01367469 0.01925500 -0.04000000
v 0.01369442 0.01924809 -0.04000000
v 0.01367469 0.01925500 -0.03600000
v 0.01369442 0.01924809 -0.03600000
v 0.01369442 0.01924809 -0.04000000
v 0.01371515 0.01924544 -0.04000000
v 0.01369442 0.01924809 -0.03600000
v 0.01371515 0.01924544 -0.03600000
v 0.01389398 0.01962350 -0.04077744
v 0.01387846 0.01959744 -0.04075490
v 0.01386702 0.01960439 -0.04075490
v 0.01388302 0.01963017 -0.04077744
v 0.01390331 0.01961422 -0.04077310
v 0.01392181 0.01959616 -0.04076437
v 0.01388834 0.01958799 -0.04075037
v 0.01387846 0.01959744 -0.04075490
v 0.01390331 0.01961422 -0.04077310
v 0.01387846 0.01959744 -0.04075490
v 0.01389398 0.01962350 -0.04077744
v 0.01393740 0.01973777 -0.04085130
v 0.01388302 0.01963017 -0.04077744
v 0.01391609 0.01974310 -0.04084499
v 0.01393740 0.01973777 -0.04085130
v 0.01391609 0.01974310 -0.04084499
v 0.01402240 0.01978822 -0.04089282
v 0.01394811 0.01973504 -0.04085465
v 0.01388302 0.01963017 -0.04077744
v 0.01393740 0.01973777 -0.04085130
v 0.01394811 0.01973504 -0.04085465
v 0.01393740 0.01973777 -0.04085130
v 0.01402240 0.01978822 -0.04089282
v 0.01395712 0.01972956 -0.04085465
v 0.01394811 0.01973504 -0.04085465
v 0.01402240 0.01978822 -0.04089282
v 0.01395712 0.01972956 -0.04085465
v 0.01389398 0.01962350 -0.04077744
v 0.01388302 0.01963017 -0.04077744
v 0.01394811 0.01973504 -0.04085465
v 0.01396447 0.01972131 -0.04085130
v 0.01390331 0.01961422 -0.04077310
v 0.01389398 0.01962350 -0.04077744
v 0.01396447 0.01972131 -0.04085130
v 0.01389398 0.01962350 -0.04077744
v 0.01395712 0.01972956 -0.04085465
v 0.01363148 0.01930132 -0.04008285
v 0.01364161 0.01928020 -0.04000000
v 0.01362970 0.01929738 -0.04000000
v 0.01396447 0.01972131 -0.04085130
v 0.01395712 0.01972956 -0.04085465
v 0.01402240 0.01978822 -0.04089282
v 0.01363148 0.01930132 -0.04008285
v 0.01365682 0.01926586 -0.04000000
v 0.01364161 0.01928020 -0.04000000
v 0.01396447 0.01972131 -0.04085130
v 0.01402240 0.01978822 -0.04089282
v 0.01392181 0.01959616 -0.04076437
v 0.01363148 0.01930132 -0.04008285
v 0.01367469 0.01925500 -0.04000000
v 0.01365682 0.01926586 -0.04000000
v 0.01396447 0.01972131 -0.04085130
v 0.01392181 0.01959616 -0.04076437
v 0.01390331 0.01961422 -0.04077310
v 0.01363148 0.01930132 -0.04008285
v 0.01369442 0.01924809 -0.04000000
v 0.01367469 0.01925500 -0.04000000
v 0.01363148 0.01930132 -0.04008285
v 0.01371515 0.01924544 -0.04000000
v 0.01369442 0.01924809 -0.04000000
v 0.01401562 0.01985890 -0.04091827
v 0.01402240 0.01978822 -0.04089282
v 0.01399976 0.01986198 -0.04091462
v 0.01402384 0.01985709 -0.04092037
v 0.01402240 0.01978822 -0.04089282
v 0.01401562 0.01985890 -0.04091827
v 0.01403060 0.01985298 -0.04092037
v 0.01402240 0.01978822 -0.04089282
v 0.01402384 0.01985709 -0.04092037
v 0.01373005 0.01926549 -0.04020087
v 0.01363148 0.01930132 -0.04008285
v 0.01363738 0.01931344 -0.04016933
v 0.01403600 0.01984652 -0.04091827
v 0.01402240 0.01978822 -0.04089282
v 0.01403060 0.01985298 -0.04092037
v 0.01373005 0.01926549 -0.04020087
v 0.01371515 0.01924544 -0.04000000
v 0.01363148 0.01930132 -0.04008285
v 0.01403600 0.01984652 -0.04091827
v 0.01413164 0.01999858 -0.04097124
v 0.01402240 0.01978822 -0.04089282
v 0.01410205 0.01999280 -0.04096731
v 0.01399976 0.01986198 -0.04091462
v 0.01409293 0.01999430 -0.04096577
v 0.01410205 0.01999280 -0.04096731
v 0.01401562 0.01985890 -0.04091827
v 0.01399976 0.01986198 -0.04091462
v 0.01410205 0.01999280 -0.04096731
v 0.01409293 0.01999430 -0.04096577
v 0.01413164 0.01999858 -0.04097124
v 0.01410728 0.01999159 -0.04096824
v 0.01401562 0.01985890 -0.04091827
v 0.01410205 0.01999280 -0.04096731
v 0.01410728 0.01999159 -0.04096824
v 0.01402384 0.01985709 -0.04092037
v 0.01401562 0.01985890 -0.04091827
v 0.01377492 0.01933446 -0.04041532
v 0.01373005 0.01926549 -0.04020087
v 0.01365782 0.01935141 -0.04031410
v 0.01410728 0.01999159 -0.04096824
v 0.01411160 0.01998896 -0.04096824
v 0.01402384 0.01985709 -0.04092037
v 0.01410728 0.01999159 -0.04096824
v 0.01403060 0.01985298 -0.04092037
v 0.01411160 0.01998896 -0.04096824
v 0.01410728 0.01999159 -0.04096824
v 0.01413164 0.01999858 -0.04097124
v 0.01411508 0.01998488 -0.04096731
v 0.01403600 0.01984652 -0.04091827
v 0.01403060 0.01985298 -0.04092037
v 0.01411508 0.01998488 -0.04096731
v 0.01413164 0.01999858 -0.04097124
v 0.01403600 0.01984652 -0.04091827
v 0.01411508 0.01998488 -0.04096731
v 0.01403060 0.01985298 -0.04092037
v 0.01411160 0.01998896 -0.04096824
v 0.01411508 0.01998488 -0.04096731
v 0.01411160 0.01998896 -0.04096824
v 0.01413164 0.01999858 -0.04097124
v 0.01384115 0.01944779 -0.04060681
v 0.01377492 0.01933446 -0.04041532
v 0.01369489 0.01941386 -0.04046194
v 0.01402240 0.01978822 -0.04089282
v 0.01391609 0.01974310 -0.04084499
v 0.01399976 0.01986198 -0.04091462
v 0.01425725 0.02023343 -0.04100000
v 0.01413164 0.01999858 -0.04097124
v 0.01409293 0.01999430 -0.04096577
v 0.01367065 0.01928812 -0.04020694
v 0.01363738 0.01931344 -0.04016933
v 0.01365782 0.01935141 -0.04031410
v 0.01368808 0.01927752 -0.04020694
v 0.01363738 0.01931344 -0.04016933
v 0.01367065 0.01928812 -0.04020694
v 0.01368808 0.01927752 -0.04020694
v 0.01367065 0.01928812 -0.04020694
v 0.01365782 0.01935141 -0.04031410
v 0.01370697 0.01927010 -0.04020498
v 0.01363738 0.01931344 -0.04016933
v 0.01368808 0.01927752 -0.04020694
v 0.01370697 0.01927010 -0.04020498
v 0.01373005 0.01926549 -0.04020087
v 0.01363738 0.01931344 -0.04016933
v 0.01370697 0.01927010 -0.04020498
v 0.01365782 0.01935141 -0.04031410
v 0.01373005 0.01926549 -0.04020087
v 0.01370697 0.01927010 -0.04020498
v 0.01368808 0.01927752 -0.04020694
v 0.01365782 0.01935141 -0.04031410
v 0.01373336 0.01935362 -0.04042869
v 0.01365782 0.01935141 -0.04031410
v 0.01369489 0.01941386 -0.04046194
v 0.01374963 0.01934492 -0.04042452
v 0.01365782 0.01935141 -0.04031410
v 0.01373336 0.01935362 -0.04042869
v 0.01374963 0.01934492 -0.04042452
v 0.01373336 0.01935362 -0.04042869
v 0.01369489 0.01941386 -0.04046194
v 0.01374963 0.01934492 -0.04042452
v 0.01377492 0.01933446 -0.04041532
v 0.01365782 0.01935141 -0.04031410
v 0.01374963 0.01934492 -0.04042452
v 0.01369489 0.01941386 -0.04046194
v 0.01377492 0.01933446 -0.04041532
v 0.01377658 0.01948890 -0.04061749
v 0.01369489 0.01941386 -0.04046194
v 0.01375126 0.01950225 -0.04060662
v 0.01377667 0.01948904 -0.04061768
v 0.01375126 0.01950225 -0.04060662
v 0.01382903 0.01961773 -0.04074110
v 0.01377667 0.01948904 -0.04061768
v 0.01377658 0.01948890 -0.04061749
v 0.01375126 0.01950225 -0.04060662
v 0.01379103 0.01948198 -0.04062252
v 0.01369489 0.01941386 -0.04046194
v 0.01377658 0.01948890 -0.04061749
v 0.01379112 0.01948213 -0.04062271
v 0.01377658 0.01948890 -0.04061749
v 0.01377667 0.01948904 -0.04061768
v 0.01379112 0.01948213 -0.04062271
v 0.01379103 0.01948198 -0.04062252
v 0.01377658 0.01948890 -0.04061749
v 0.01380477 0.01947362 -0.04062252
v 0.01369489 0.01941386 -0.04046194
v 0.01379103 0.01948198 -0.04062252
v 0.01380486 0.01947377 -0.04062271
v 0.01380477 0.01947362 -0.04062252
v 0.01379103 0.01948198 -0.04062252
v 0.01379112 0.01948213 -0.04062271
v 0.01381756 0.01946399 -0.04061749
v 0.01384115 0.01944779 -0.04060681
v 0.01369489 0.01941386 -0.04046194
v 0.01381756 0.01946399 -0.04061749
v 0.01369489 0.01941386 -0.04046194
v 0.01380477 0.01947362 -0.04062252
v 0.01381765 0.01946414 -0.04061768
v 0.01384115 0.01944779 -0.04060681
v 0.01381756 0.01946399 -0.04061749
v 0.01381765 0.01946414 -0.04061768
v 0.01380477 0.01947362 -0.04062252
v 0.01380486 0.01947377 -0.04062271
v 0.01381765 0.01946414 -0.04061768
v 0.01381756 0.01946399 -0.04061749
v 0.01380477 0.01947362 -0.04062252
v 0.01385408 0.01960881 -0.04075037
v 0.01377667 0.01948904 -0.04061768
v 0.01382903 0.01961773 -0.04074110
v 0.01386702 0.01960439 -0.04075490
v 0.01379112 0.01948213 -0.04062271
v 0.01377667 0.01948904 -0.04061768
v 0.01386702 0.01960439 -0.04075490
v 0.01377667 0.01948904 -0.04061768
v 0.01385408 0.01960881 -0.04075037
v 0.01387846 0.01959744 -0.04075490
v 0.01380486 0.01947377 -0.04062271
v 0.01379112 0.01948213 -0.04062271
v 0.01386702 0.01960439 -0.04075490
v 0.01388834 0.01958799 -0.04075037
v 0.01392181 0.01959616 -0.04076437
v 0.01384115 0.01944779 -0.04060681
v 0.01388834 0.01958799 -0.04075037
v 0.01384115 0.01944779 -0.04060681
v 0.01381765 0.01946414 -0.04061768
v 0.01388834 0.01958799 -0.04075037
v 0.01381765 0.01946414 -0.04061768
v 0.01380486 0.01947377 -0.04062271
v 0.01388834 0.01958799 -0.04075037
v 0.01380486 0.01947377 -0.04062271
v 0.01387846 0.01959744 -0.04075490
v 0.01388302 0.01963017 -0.04077744
v 0.01382903 0.01961773 -0.04074110
v 0.01391609 0.01974310 -0.04084499
v 0.01388302 0.01963017 -0.04077744
v 0.01385408 0.01960881 -0.04075037
v 0.01382903 0.01961773 -0.04074110
v 0.01388302 0.01963017 -0.04077744
v 0.01386702 0.01960439 -0.04075490
v 0.01385408 0.01960881 -0.04075037
v 0.02100500 0.03134561 -0.04077744
v 0.02102052 0.03137168 -0.04075490
v 0.02103196 0.03136472 -0.04075490
v 0.02101596 0.03133895 -0.04077744
v 0.02099566 0.03135490 -0.04077310
v 0.02097717 0.03137295 -0.04076437
v 0.02101064 0.03138113 -0.04075037
v 0.02102052 0.03137168 -0.04075490
v 0.02099566 0.03135490 -0.04077310
v 0.02102052 0.03137168 -0.04075490
v 0.02100500 0.03134561 -0.04077744
v 0.02096158 0.03123134 -0.04085130
v 0.02101596 0.03133895 -0.04077744
v 0.02098289 0.03122601 -0.04084499
v 0.02096158 0.03123134 -0.04085130
v 0.02098289 0.03122601 -0.04084499
v 0.02087658 0.03118089 -0.04089282
v 0.02095087 0.03123408 -0.04085465
v 0.02101596 0.03133895 -0.04077744
v 0.02096158 0.03123134 -0.04085130
v 0.02095087 0.03123408 -0.04085465
v 0.02096158 0.03123134 -0.04085130
v 0.02087658 0.03118089 -0.04089282
v 0.02094186 0.03123955 -0.04085465
v 0.02095087 0.03123408 -0.04085465
v 0.02087658 0.03118089 -0.04089282
v 0.02094186 0.03123955 -0.04085465
v 0.02100500 0.03134561 -0.04077744
v 0.02101596 0.03133895 -0.04077744
v 0.02095087 0.03123408 -0.04085465
v 0.02093451 0.03124780 -0.04085130
v 0.02099566 0.03135490 -0.04077310
v 0.02100500 0.03134561 -0.04077744
v 0.02093451 0.03124780 -0.04085130
v 0.02100500 0.03134561 -0.04077744
v 0.02094186 0.03123955 -0.04085465
v 0.02126750 0.03166780 -0.04008285
v 0.02125737 0.03168892 -0.04000000
v 0.02126927 0.03167173 -0.04000000
v 0.02093451 0.03124780 -0.04085130
v 0.02094186 0.03123955 -0.04085465
v 0.02087658 0.03118089 -0.04089282
v 0.02126750 0.03166780 -0.04008285
v 0.02124215 0.03170325 -0.04000000
v 0.02125737 0.03168892 -0.04000000
v 0.02093451 0.03124780 -0.04085130
v 0.02087658 0.03118089 -0.04089282
v 0.02097717 0.03137295 -0.04076437
v 0.02126750 0.03166780 -0.04008285
v 0.02122429 0.03171411 -0.04000000
v 0.02124215 0.03170325 -0.04000000
v 0.02093451 0.03124780 -0.04085130
v 0.02097717 0.03137295 -0.04076437
v 0.02099566 0.03135490 -0.04077310
v 0.02126750 0.03166780 -0.04008285
v 0.02120456 0.03172102 -0.04000000
v 0.02122429 0.03171411 -0.04000000
v 0.02126750 0.03166780 -0.04008285
v 0.02118382 0.03172368 -0.04000000
v 0.02120456 0.03172102 -0.04000000
v 0.02088335 0.03111021 -0.04091827
v 0.02087658 0.03118089 -0.04089282
v 0.02089922 0.03110713 -0.04091462
v 0.02087513 0.03111202 -0.04092037
v 0.02087658 0.03118089 -0.04089282
v 0.02088335 0.03111021 -0.04091827
v 0.02086837 0.03111613 -0.04092037
v 0.02087658 0.03118089 -0.04089282
v 0.02087513 0.03111202 -0.04092037
v 0.02116893 0.03170362 -0.04020087
v 0.02126750 0.03166780 -0.04008285
v 0.02126160 0.03165567 -0.04016933
v 0.02086298 0.03112260 -0.04091827
v 0.02076733 0.03097054 -0.04097124
v 0.02087658 0.03118089 -0.04089282
v 0.02086298 0.03112260 -0.04091827
v 0.02087658 0.03118089 -0.04089282
v 0.02086837 0.03111613 -0.04092037
v 0.02116893 0.03170362 -0.04020087
v 0.02118382 0.03172368 -0.04000000
v 0.02126750 0.03166780 -0.04008285
v 0.02079693 0.03097631 -0.04096731
v 0.02089922 0.03110713 -0.04091462
v 0.02080604 0.03097482 -0.04096577
v 0.02079693 0.03097631 -0.04096731
v 0.02088335 0.03111021 -0.04091827
v 0.02089922 0.03110713 -0.04091462
v 0.02079693 0.03097631 -0.04096731
v 0.02080604 0.03097482 -0.04096577
v 0.02076733 0.03097054 -0.04097124
v 0.02079170 0.03097753 -0.04096824
v 0.02088335 0.03111021 -0.04091827
v 0.02079693 0.03097631 -0.04096731
v 0.02079170 0.03097753 -0.04096824
v 0.02087513 0.03111202 -0.04092037
v 0.02088335 0.03111021 -0.04091827
v 0.02112406 0.03163465 -0.04041532
v 0.02116893 0.03170362 -0.04020087
v 0.02124115 0.03161770 -0.04031410
v 0.02079170 0.03097753 -0.04096824
v 0.02078738 0.03098015 -0.04096824
v 0.02087513 0.03111202 -0.04092037
v 0.02079170 0.03097753 -0.04096824
v 0.02086837 0.03111613 -0.04092037
v 0.02078738 0.03098015 -0.04096824
v 0.02079170 0.03097753 -0.04096824
v 0.02076733 0.03097054 -0.04097124
v 0.02078390 0.03098424 -0.04096731
v 0.02076733 0.03097054 -0.04097124
v 0.02086298 0.03112260 -0.04091827
v 0.02078390 0.03098424 -0.04096731
v 0.02086298 0.03112260 -0.04091827
v 0.02086837 0.03111613 -0.04092037
v 0.02078390 0.03098424 -0.04096731
v 0.02078738 0.03098015 -0.04096824
v 0.02076733 0.03097054 -0.04097124
v 0.02078390 0.03098424 -0.04096731
v 0.02086837 0.03111613 -0.04092037
v 0.02078738 0.03098015 -0.04096824
v 0.02105783 0.03152132 -0.04060681
v 0.02112406 0.03163465 -0.04041532
v 0.02120409 0.03155525 -0.04046194
v 0.02087658 0.03118089 -0.04089282
v 0.02098289 0.03122601 -0.04084499
v 0.02089922 0.03110713 -0.04091462
v 0.02064172 0.03073569 -0.04100000
v 0.02076733 0.03097054 -0.04097124
v 0.02080604 0.03097482 -0.04096577
v 0.02122833 0.03168100 -0.04020694
v 0.02126160 0.03165567 -0.04016933
v 0.02124115 0.03161770 -0.04031410
v 0.02121089 0.03169160 -0.04020694
v 0.02122833 0.03168100 -0.04020694
v 0.02124115 0.03161770 -0.04031410
v 0.02121089 0.03169160 -0.04020694
v 0.02126160 0.03165567 -0.04016933
v 0.02122833 0.03168100 -0.04020694
v 0.02119201 0.03169901 -0.04020498
v 0.02116893 0.03170362 -0.04020087
v 0.02126160 0.03165567 -0.04016933
v 0.02119201 0.03169901 -0.04020498
v 0.02121089 0.03169160 -0.04020694
v 0.02124115 0.03161770 -0.04031410
v 0.02119201 0.03169901 -0.04020498
v 0.02126160 0.03165567 -0.04016933
v 0.02121089 0.03169160 -0.04020694
v 0.02119201 0.03169901 -0.04020498
v 0.02124115 0.03161770 -0.04031410
v 0.02116893 0.03170362 -0.04020087
v 0.02116562 0.03161550 -0.04042869
v 0.02124115 0.03161770 -0.04031410
v 0.02120409 0.03155525 -0.04046194
v 0.02114934 0.03162420 -0.04042452
v 0.02112406 0.03163465 -0.04041532
v 0.02124115 0.03161770 -0.04031410
v 0.02114934 0.03162420 -0.04042452
v 0.02120409 0.03155525 -0.04046194
v 0.02112406 0.03163465 -0.04041532
v 0.02114934 0.03162420 -0.04042452
v 0.02124115 0.03161770 -0.04031410
v 0.02116562 0.03161550 -0.04042869
v 0.02114934 0.03162420 -0.04042452
v 0.02116562 0.03161550 -0.04042869
v 0.02120409 0.03155525 -0.04046194
v 0.02112240 0.03148022 -0.04061749
v 0.02120409 0.03155525 -0.04046194
v 0.02114772 0.03146687 -0.04060662
v 0.02112230 0.03148007 -0.04061768
v 0.02114772 0.03146687 -0.04060662
v 0.02106994 0.03135138 -0.04074110
v 0.02112230 0.03148007 -0.04061768
v 0.02112240 0.03148022 -0.04061749
v 0.02114772 0.03146687 -0.04060662
v 0.02110795 0.03148714 -0.04062252
v 0.02120409 0.03155525 -0.04046194
v 0.02112240 0.03148022 -0.04061749
v 0.02110786 0.03148699 -0.04062271
v 0.02112240 0.03148022 -0.04061749
v 0.02112230 0.03148007 -0.04061768
v 0.02110786 0.03148699 -0.04062271
v 0.02110795 0.03148714 -0.04062252
v 0.02112240 0.03148022 -0.04061749
v 0.02109421 0.03149549 -0.04062252
v 0.02120409 0.03155525 -0.04046194
v 0.02110795 0.03148714 -0.04062252
v 0.02109412 0.03149534 -0.04062271
v 0.02110795 0.03148714 -0.04062252
v 0.02110786 0.03148699 -0.04062271
v 0.02109421 0.03149549 -0.04062252
v 0.02108141 0.03150513 -0.04061749
v 0.02105783 0.03152132 -0.04060681
v 0.02120409 0.03155525 -0.04046194
v 0.02108141 0.03150513 -0.04061749
v 0.02120409 0.03155525 -0.04046194
v 0.02109421 0.03149549 -0.04062252
v 0.02108133 0.03150498 -0.04061768
v 0.02105783 0.03152132 -0.04060681
v 0.02108141 0.03150513 -0.04061749
v 0.02108133 0.03150498 -0.04061768
v 0.02109421 0.03149549 -0.04062252
v 0.02109412 0.03149534 -0.04062271
v 0.02108133 0.03150498 -0.04061768
v 0.02108141 0.03150513 -0.04061749
v 0.02109421 0.03149549 -0.04062252
v 0.02104489 0.03136031 -0.04075037
v 0.02112230 0.03148007 -0.04061768
v 0.02106994 0.03135138 -0.04074110
v 0.02103196 0.03136472 -0.04075490
v 0.02110786 0.03148699 -0.04062271
v 0.02112230 0.03148007 -0.04061768
v 0.02103196 0.03136472 -0.04075490
v 0.02112230 0.03148007 -0.04061768
v 0.02104489 0.03136031 -0.04075037
v 0.02102052 0.03137168 -0.04075490
v 0.02109412 0.03149534 -0.04062271
v 0.02110786 0.03148699 -0.04062271
v 0.02103196 0.03136472 -0.04075490
v 0.02101064 0.03138113 -0.04075037
v 0.02097717 0.03137295 -0.04076437
v 0.02105783 0.03152132 -0.04060681
v 0.02101064 0.03138113 -0.04075037
v 0.02105783 0.03152132 -0.04060681
v 0.02108133 0.03150498 -0.04061768
v 0.02101064 0.03138113 -0.04075037
v 0.02108133 0.03150498 -0.04061768
v 0.02109412 0.03149534 -0.04062271
v 0.02101064 0.03138113 -0.04075037
v 0.02109412 0.03149534 -0.04062271
v 0.02102052 0.03137168 -0.04075490
v 0.02101596 0.03133895 -0.04077744
v 0.02106994 0.03135138 -0.04074110
v 0.02098289 0.03122601 -0.04084499
v 0.02101596 0.03133895 -0.04077744
v 0.02104489 0.03136031 -0.04075037
v 0.02106994 0.03135138 -0.04074110
v 0.02101596 0.03133895 -0.04077744
v 0.02103196 0.03136472 -0.04075490
v 0.02104489 0.03136031 -0.04075037
v 0.01404905 0.03163914 -0.04061634
v 0.01402567 0.03162785 -0.04060681
v 0.01404896 0.03163929 -0.04061615
v 0.01404905 0.03163914 -0.04061634
v 0.01404896 0.03163929 -0.04061615
v 0.01406172 0.03164435 -0.04062151
v 0.01415677 0.03153421 -0.04075160
v 0.01409116 0.03166122 -0.04061905
v 0.01417889 0.03155338 -0.04074110
v 0.01414493 0.03152492 -0.04075538
v 0.01409116 0.03166122 -0.04061905
v 0.01415677 0.03153421 -0.04075160
v 0.01414493 0.03152492 -0.04075538
v 0.01407621 0.03165152 -0.04062325
v 0.01409116 0.03166122 -0.04061905
v 0.01413269 0.03151925 -0.04075399
v 0.01407621 0.03165152 -0.04062325
v 0.01414493 0.03152492 -0.04075538
v 0.01413269 0.03151925 -0.04075399
v 0.01406181 0.03164419 -0.04062170
v 0.01407621 0.03165152 -0.04062325
v 0.01412115 0.03151651 -0.04074915
v 0.01406181 0.03164419 -0.04062170
v 0.01413269 0.03151925 -0.04075399
v 0.01412115 0.03151651 -0.04074915
v 0.01411383 0.03148381 -0.04076437
v 0.01402567 0.03162785 -0.04060681
v 0.01412115 0.03151651 -0.04074915
v 0.01404905 0.03163914 -0.04061634
v 0.01406181 0.03164419 -0.04062170
v 0.01412115 0.03151651 -0.04074915
v 0.01402567 0.03162785 -0.04060681
v 0.01404905 0.03163914 -0.04061634
v 0.01400365 0.03188267 -0.04008285
v 0.01397634 0.03188363 -0.04000000
v 0.01400113 0.03188617 -0.04000000
v 0.01400365 0.03188267 -0.04008285
v 0.01395448 0.03187581 -0.04000000
v 0.01397634 0.03188363 -0.04000000
v 0.01415941 0.03149825 -0.04077789
v 0.01417889 0.03155338 -0.04074110
v 0.01424394 0.03141530 -0.04084499
v 0.01400365 0.03188267 -0.04008285
v 0.01393673 0.03186455 -0.04000000
v 0.01395448 0.03187581 -0.04000000
v 0.01415941 0.03149825 -0.04077789
v 0.01415677 0.03153421 -0.04075160
v 0.01417889 0.03155338 -0.04074110
v 0.01400365 0.03188267 -0.04008285
v 0.01392372 0.03185218 -0.04000000
v 0.01393673 0.03186455 -0.04000000
v 0.01400365 0.03188267 -0.04008285
v 0.01391342 0.03183815 -0.04000000
v 0.01392372 0.03185218 -0.04000000
v 0.01415941 0.03149825 -0.04077789
v 0.01414493 0.03152492 -0.04075538
v 0.01415677 0.03153421 -0.04075160
v 0.01414765 0.03149289 -0.04077656
v 0.01413269 0.03151925 -0.04075399
v 0.01414493 0.03152492 -0.04075538
v 0.01415941 0.03149825 -0.04077789
v 0.01413644 0.03149050 -0.04077193
v 0.01412115 0.03151651 -0.04074915
v 0.01413269 0.03151925 -0.04075399
v 0.01413644 0.03149050 -0.04077193
v 0.01411383 0.03148381 -0.04076437
v 0.01412115 0.03151651 -0.04074915
v 0.01392334 0.03181522 -0.04020087
v 0.01400365 0.03188267 -0.04008285
v 0.01401120 0.03187150 -0.04016933
v 0.01413644 0.03149050 -0.04077193
v 0.01413269 0.03151925 -0.04075399
v 0.01414765 0.03149289 -0.04077656
v 0.01422730 0.03139775 -0.04085221
v 0.01415941 0.03149825 -0.04077789
v 0.01424394 0.03141530 -0.04084499
v 0.01392334 0.03181522 -0.04020087
v 0.01391342 0.03183815 -0.04000000
v 0.01400365 0.03188267 -0.04008285
v 0.01422730 0.03139775 -0.04085221
v 0.01424394 0.03141530 -0.04084499
v 0.01422986 0.03130067 -0.04089282
v 0.01421830 0.03138976 -0.04085500
v 0.01422730 0.03139775 -0.04085221
v 0.01422986 0.03130067 -0.04089282
v 0.01421830 0.03138976 -0.04085500
v 0.01415941 0.03149825 -0.04077789
v 0.01422730 0.03139775 -0.04085221
v 0.01420853 0.03138554 -0.04085397
v 0.01414765 0.03149289 -0.04077656
v 0.01415941 0.03149825 -0.04077789
v 0.01396063 0.03174188 -0.04041532
v 0.01392334 0.03181522 -0.04020087
v 0.01403386 0.03183481 -0.04031410
v 0.01420853 0.03138554 -0.04085397
v 0.01415941 0.03149825 -0.04077789
v 0.01421830 0.03138976 -0.04085500
v 0.01420853 0.03138554 -0.04085397
v 0.01421830 0.03138976 -0.04085500
v 0.01422986 0.03130067 -0.04089282
v 0.01419890 0.03138420 -0.04085039
v 0.01414765 0.03149289 -0.04077656
v 0.01420853 0.03138554 -0.04085397
v 0.01419890 0.03138420 -0.04085039
v 0.01411383 0.03148381 -0.04076437
v 0.01413644 0.03149050 -0.04077193
v 0.01419890 0.03138420 -0.04085039
v 0.01413644 0.03149050 -0.04077193
v 0.01414765 0.03149289 -0.04077656
v 0.01419890 0.03138420 -0.04085039
v 0.01422986 0.03130067 -0.04089282
v 0.01411383 0.03148381 -0.04076437
v 0.01419890 0.03138420 -0.04085039
v 0.01420853 0.03138554 -0.04085397
v 0.01422986 0.03130067 -0.04089282
v 0.01429346 0.03126980 -0.04091884
v 0.01422986 0.03130067 -0.04089282
v 0.01430506 0.03128340 -0.04091462
v 0.01428681 0.03126358 -0.04092059
v 0.01427943 0.03126049 -0.04091995
v 0.01422986 0.03130067 -0.04089282
v 0.01428681 0.03126358 -0.04092059
v 0.01427201 0.03125974 -0.04091769
v 0.01435742 0.03110089 -0.04097124
v 0.01422986 0.03130067 -0.04089282
v 0.01427201 0.03125974 -0.04091769
v 0.01422986 0.03130067 -0.04089282
v 0.01427943 0.03126049 -0.04091995
v 0.01436656 0.03112852 -0.04096756
v 0.01430506 0.03128340 -0.04091462
v 0.01437306 0.03113655 -0.04096577
v 0.01422986 0.03130067 -0.04089282
v 0.01424394 0.03141530 -0.04084499
v 0.01430506 0.03128340 -0.04091462
v 0.01436656 0.03112852 -0.04096756
v 0.01429346 0.03126980 -0.04091884
v 0.01430506 0.03128340 -0.04091462
v 0.01436656 0.03112852 -0.04096756
v 0.01437306 0.03113655 -0.04096577
v 0.01435742 0.03110089 -0.04097124
v 0.01436228 0.03112459 -0.04096834
v 0.01428681 0.03126358 -0.04092059
v 0.01429346 0.03126980 -0.04091884
v 0.01436228 0.03112459 -0.04096834
v 0.01436656 0.03112852 -0.04096756
v 0.01435742 0.03110089 -0.04097124
v 0.01436228 0.03112459 -0.04096834
v 0.01429346 0.03126980 -0.04091884
v 0.01436656 0.03112852 -0.04096756
v 0.01435757 0.03112259 -0.04096806
v 0.01436228 0.03112459 -0.04096834
v 0.01435742 0.03110089 -0.04097124
v 0.01435757 0.03112259 -0.04096806
v 0.01427943 0.03126049 -0.04091995
v 0.01428681 0.03126358 -0.04092059
v 0.01435757 0.03112259 -0.04096806
v 0.01428681 0.03126358 -0.04092059
v 0.01436228 0.03112459 -0.04096834
v 0.01435285 0.03112206 -0.04096706
v 0.01435742 0.03110089 -0.04097124
v 0.01427201 0.03125974 -0.04091769
v 0.01435285 0.03112206 -0.04096706
v 0.01427201 0.03125974 -0.04091769
v 0.01427943 0.03126049 -0.04091995
v 0.01435285 0.03112206 -0.04096706
v 0.01435757 0.03112259 -0.04096806
v 0.01435742 0.03110089 -0.04097124
v 0.01449799 0.03087468 -0.04100000
v 0.01435742 0.03110089 -0.04097124
v 0.01437306 0.03113655 -0.04096577
v 0.01435285 0.03112206 -0.04096706
v 0.01427943 0.03126049 -0.04091995
v 0.01435757 0.03112259 -0.04096806
v 0.01396702 0.03185270 -0.04020715
v 0.01401120 0.03187150 -0.04016933
v 0.01403386 0.03183481 -0.04031410
v 0.01394958 0.03184192 -0.04020654
v 0.01401120 0.03187150 -0.04016933
v 0.01396702 0.03185270 -0.04020715
v 0.01394958 0.03184192 -0.04020654
v 0.01396702 0.03185270 -0.04020715
v 0.01403386 0.03183481 -0.04031410
v 0.01393646 0.03183053 -0.04020446
v 0.01401120 0.03187150 -0.04016933
v 0.01394958 0.03184192 -0.04020654
v 0.01393646 0.03183053 -0.04020446
v 0.01392334 0.03181522 -0.04020087
v 0.01401120 0.03187150 -0.04016933
v 0.01393646 0.03183053 -0.04020446
v 0.01403386 0.03183481 -0.04031410
v 0.01392334 0.03181522 -0.04020087
v 0.01393646 0.03183053 -0.04020446
v 0.01394958 0.03184192 -0.04020654
v 0.01403386 0.03183481 -0.04031410
v 0.01400938 0.03177464 -0.04042914
v 0.01403386 0.03183481 -0.04031410
v 0.01406941 0.03177148 -0.04046194
v 0.01399305 0.03176534 -0.04042785
v 0.01403386 0.03183481 -0.04031410
v 0.01400938 0.03177464 -0.04042914
v 0.01397981 0.03175686 -0.04042341
v 0.01403386 0.03183481 -0.04031410
v 0.01399305 0.03176534 -0.04042785
v 0.01397981 0.03175686 -0.04042341
v 0.01396063 0.03174188 -0.04041532
v 0.01403386 0.03183481 -0.04031410
v 0.01404062 0.03175910 -0.04047313
v 0.01400938 0.03177464 -0.04042914
v 0.01406941 0.03177148 -0.04046194
v 0.01402289 0.03174975 -0.04047691
v 0.01400938 0.03177464 -0.04042914
v 0.01404062 0.03175910 -0.04047313
v 0.01400694 0.03174088 -0.04047551
v 0.01399305 0.03176534 -0.04042785
v 0.01400938 0.03177464 -0.04042914
v 0.01400694 0.03174088 -0.04047551
v 0.01400938 0.03177464 -0.04042914
v 0.01402289 0.03174975 -0.04047691
v 0.01399373 0.03173319 -0.04047071
v 0.01402567 0.03162785 -0.04060681
v 0.01396063 0.03174188 -0.04041532
v 0.01399373 0.03173319 -0.04047071
v 0.01396063 0.03174188 -0.04041532
v 0.01397981 0.03175686 -0.04042341
v 0.01399373 0.03173319 -0.04047071
v 0.01397981 0.03175686 -0.04042341
v 0.01399305 0.03176534 -0.04042785
v 0.01399373 0.03173319 -0.04047071
v 0.01399305 0.03176534 -0.04042785
v 0.01400694 0.03174088 -0.04047551
v 0.01409108 0.03166138 -0.04061885
v 0.01406941 0.03177148 -0.04046194
v 0.01411777 0.03167847 -0.04060662
v 0.01409108 0.03166138 -0.04061885
v 0.01404062 0.03175910 -0.04047313
v 0.01406941 0.03177148 -0.04046194
v 0.01409116 0.03166122 -0.04061905
v 0.01411777 0.03167847 -0.04060662
v 0.01417889 0.03155338 -0.04074110
v 0.01409116 0.03166122 -0.04061905
v 0.01409108 0.03166138 -0.04061885
v 0.01411777 0.03167847 -0.04060662
v 0.01407613 0.03165167 -0.04062305
v 0.01404062 0.03175910 -0.04047313
v 0.01409108 0.03166138 -0.04061885
v 0.01407613 0.03165167 -0.04062305
v 0.01402289 0.03174975 -0.04047691
v 0.01404062 0.03175910 -0.04047313
v 0.01407621 0.03165152 -0.04062325
v 0.01409108 0.03166138 -0.04061885
v 0.01409116 0.03166122 -0.04061905
v 0.01407621 0.03165152 -0.04062325
v 0.01407613 0.03165167 -0.04062305
v 0.01409108 0.03166138 -0.04061885
v 0.01406172 0.03164435 -0.04062151
v 0.01400694 0.03174088 -0.04047551
v 0.01402289 0.03174975 -0.04047691
v 0.01406172 0.03164435 -0.04062151
v 0.01402289 0.03174975 -0.04047691
v 0.01407613 0.03165167 -0.04062305
v 0.01406181 0.03164419 -0.04062170
v 0.01407613 0.03165167 -0.04062305
v 0.01407621 0.03165152 -0.04062325
v 0.01406181 0.03164419 -0.04062170
v 0.01406172 0.03164435 -0.04062151
v 0.01407613 0.03165167 -0.04062305
v 0.01404896 0.03163929 -0.04061615
v 0.01399373 0.03173319 -0.04047071
v 0.01400694 0.03174088 -0.04047551
v 0.01404896 0.03163929 -0.04061615
v 0.01402567 0.03162785 -0.04060681
v 0.01399373 0.03173319 -0.04047071
v 0.01404896 0.03163929 -0.04061615
v 0.01400694 0.03174088 -0.04047551
v 0.01406172 0.03164435 -0.04062151
v 0.01404905 0.03163914 -0.04061634
v 0.01406172 0.03164435 -0.04062151
v 0.01406181 0.03164419 -0.04062170
v 0.01041925 0.02561698 -0.04061634
v 0.01041908 0.02561698 -0.04061615
v 0.01042107 0.02563056 -0.04062151
v 0.01056398 0.02565781 -0.04075160
v 0.01042118 0.02566449 -0.04061905
v 0.01055844 0.02568655 -0.04074110
v 0.01056610 0.02564291 -0.04075538
v 0.01042118 0.02566449 -0.04061905
v 0.01056398 0.02565781 -0.04075160
v 0.01056610 0.02564291 -0.04075538
v 0.01042210 0.02564669 -0.04062325
v 0.01056489 0.02562948 -0.04075399
v 0.01042210 0.02564669 -0.04062325
v 0.01056610 0.02564291 -0.04075538
v 0.01056489 0.02562948 -0.04075399
v 0.01042125 0.02563056 -0.04062170
v 0.01042210 0.02564669 -0.04062325
v 0.01056149 0.02561811 -0.04074915
v 0.01042125 0.02563056 -0.04062170
v 0.01056489 0.02562948 -0.04075399
v 0.01056149 0.02561811 -0.04074915
v 0.01058615 0.02559542 -0.04076437
v 0.01041733 0.02559109 -0.04060681
v 0.01056149 0.02561811 -0.04074915
v 0.01041925 0.02561698 -0.04061634
v 0.01042125 0.02563056 -0.04062170
v 0.01056149 0.02561811 -0.04074915
v 0.01041733 0.02559109 -0.04060681
v 0.01041925 0.02561698 -0.04061634
v 0.01018564 0.02569943 -0.04008285
v 0.01017115 0.02567626 -0.04000000
v 0.01018135 0.02569900 -0.04000000
v 0.01059644 0.02564211 -0.04077789
v 0.01055844 0.02568655 -0.04074110
v 0.01071054 0.02567384 -0.04084499
v 0.01018564 0.02569943 -0.04008285
v 0.01016700 0.02565342 -0.04000000
v 0.01017115 0.02567626 -0.04000000
v 0.01059644 0.02564211 -0.04077789
v 0.01056398 0.02565781 -0.04075160
v 0.01055844 0.02568655 -0.04074110
v 0.01018564 0.02569943 -0.04008285
v 0.01016787 0.02563242 -0.04000000
v 0.01016700 0.02565342 -0.04000000
v 0.01018564 0.02569943 -0.04008285
v 0.01017208 0.02561496 -0.04000000
v 0.01016787 0.02563242 -0.04000000
v 0.01059644 0.02564211 -0.04077789
v 0.01056610 0.02564291 -0.04075538
v 0.01056398 0.02565781 -0.04075160
v 0.01018564 0.02569943 -0.04008285
v 0.01017908 0.02559903 -0.04000000
v 0.01017208 0.02561496 -0.04000000
v 0.01059520 0.02562925 -0.04077656
v 0.01056489 0.02562948 -0.04075399
v 0.01056610 0.02564291 -0.04075538
v 0.01059644 0.02564211 -0.04077789
v 0.01059166 0.02561834 -0.04077193
v 0.01056149 0.02561811 -0.04074915
v 0.01056489 0.02562948 -0.04075399
v 0.01059166 0.02561834 -0.04077193
v 0.01058615 0.02559542 -0.04076437
v 0.01056149 0.02561811 -0.04074915
v 0.01059166 0.02561834 -0.04077193
v 0.01056489 0.02562948 -0.04075399
v 0.01059520 0.02562925 -0.04077656
v 0.01020390 0.02559616 -0.04020087
v 0.01018564 0.02569943 -0.04008285
v 0.01019909 0.02570038 -0.04016933
v 0.01071741 0.02565066 -0.04085221
v 0.01059644 0.02564211 -0.04077789
v 0.01071054 0.02567384 -0.04084499
v 0.01020390 0.02559616 -0.04020087
v 0.01017908 0.02559903 -0.04000000
v 0.01018564 0.02569943 -0.04008285
v 0.01071741 0.02565066 -0.04085221
v 0.01071054 0.02567384 -0.04084499
v 0.01080277 0.02560434 -0.04089282
v 0.01071983 0.02563887 -0.04085500
v 0.01071741 0.02565066 -0.04085221
v 0.01080277 0.02560434 -0.04089282
v 0.01071983 0.02563887 -0.04085500
v 0.01059644 0.02564211 -0.04077789
v 0.01071741 0.02565066 -0.04085221
v 0.01071861 0.02562829 -0.04085397
v 0.01059520 0.02562925 -0.04077656
v 0.01059644 0.02564211 -0.04077789
v 0.01071861 0.02562829 -0.04085397
v 0.01059644 0.02564211 -0.04077789
v 0.01071983 0.02563887 -0.04085500
v 0.01028606 0.02559178 -0.04041532
v 0.01020390 0.02559616 -0.04020087
v 0.01024220 0.02570166 -0.04031410
v 0.01071861 0.02562829 -0.04085397
v 0.01071983 0.02563887 -0.04085500
v 0.01080277 0.02560434 -0.04089282
v 0.01071496 0.02561929 -0.04085039
v 0.01059520 0.02562925 -0.04077656
v 0.01071861 0.02562829 -0.04085397
v 0.01071496 0.02561929 -0.04085039
v 0.01058615 0.02559542 -0.04076437
v 0.01059166 0.02561834 -0.04077193
v 0.01071496 0.02561929 -0.04085039
v 0.01059166 0.02561834 -0.04077193
v 0.01059520 0.02562925 -0.04077656
v 0.01071496 0.02561929 -0.04085039
v 0.01080277 0.02560434 -0.04089282
v 0.01058615 0.02559542 -0.04076437
v 0.01071496 0.02561929 -0.04085039
v 0.01071861 0.02562829 -0.04085397
v 0.01080277 0.02560434 -0.04089282
v 0.01086130 0.02564398 -0.04091884
v 0.01080277 0.02560434 -0.04089282
v 0.01085533 0.02566082 -0.04091462
v 0.01086337 0.02563511 -0.04092059
v 0.01080277 0.02560434 -0.04089282
v 0.01086130 0.02564398 -0.04091884
v 0.01086236 0.02562717 -0.04091995
v 0.01080277 0.02560434 -0.04089282
v 0.01086337 0.02563511 -0.04092059
v 0.01085929 0.02562038 -0.04091769
v 0.01103957 0.02561491 -0.04097124
v 0.01080277 0.02560434 -0.04089282
v 0.01085929 0.02562038 -0.04091769
v 0.01080277 0.02560434 -0.04089282
v 0.01086236 0.02562717 -0.04091995
v 0.01102020 0.02563664 -0.04096756
v 0.01085533 0.02566082 -0.04091462
v 0.01101650 0.02564629 -0.04096577
v 0.01102020 0.02563664 -0.04096756
v 0.01086130 0.02564398 -0.04091884
v 0.01085533 0.02566082 -0.04091462
v 0.01080277 0.02560434 -0.04089282
v 0.01071054 0.02567384 -0.04084499
v 0.01085533 0.02566082 -0.04091462
v 0.01102020 0.02563664 -0.04096756
v 0.01101650 0.02564629 -0.04096577
v 0.01103957 0.02561491 -0.04097124
v 0.01102147 0.02563097 -0.04096834
v 0.01086337 0.02563511 -0.04092059
v 0.01086130 0.02564398 -0.04091884
v 0.01102147 0.02563097 -0.04096834
v 0.01102020 0.02563664 -0.04096756
v 0.01103957 0.02561491 -0.04097124
v 0.01102147 0.02563097 -0.04096834
v 0.01086130 0.02564398 -0.04091884
v 0.01102020 0.02563664 -0.04096756
v 0.01102085 0.02562590 -0.04096806
v 0.01102147 0.02563097 -0.04096834
v 0.01103957 0.02561491 -0.04097124
v 0.01102085 0.02562590 -0.04096806
v 0.01086236 0.02562717 -0.04091995
v 0.01086337 0.02563511 -0.04092059
v 0.01102085 0.02562590 -0.04096806
v 0.01086337 0.02563511 -0.04092059
v 0.01102147 0.02563097 -0.04096834
v 0.01101895 0.02562154 -0.04096706
v 0.01103957 0.02561491 -0.04097124
v 0.01085929 0.02562038 -0.04091769
v 0.01101895 0.02562154 -0.04096706
v 0.01085929 0.02562038 -0.04091769
v 0.01086236 0.02562717 -0.04091995
v 0.01101895 0.02562154 -0.04096706
v 0.01102085 0.02562590 -0.04096806
v 0.01103957 0.02561491 -0.04097124
v 0.01101895 0.02562154 -0.04096706
v 0.01086236 0.02562717 -0.04091995
v 0.01102085 0.02562590 -0.04096806
v 0.01130576 0.02562355 -0.04100000
v 0.01103957 0.02561491 -0.04097124
v 0.01101650 0.02564629 -0.04096577
v 0.01019328 0.02565272 -0.04020715
v 0.01019909 0.02570038 -0.04016933
v 0.01024220 0.02570166 -0.04031410
v 0.01019390 0.02563223 -0.04020654
v 0.01019909 0.02570038 -0.04016933
v 0.01019328 0.02565272 -0.04020715
v 0.01019390 0.02563223 -0.04020654
v 0.01019328 0.02565272 -0.04020715
v 0.01024220 0.02570166 -0.04031410
v 0.01019720 0.02561517 -0.04020446
v 0.01019909 0.02570038 -0.04016933
v 0.01019390 0.02563223 -0.04020654
v 0.01019720 0.02561517 -0.04020446
v 0.01020390 0.02559616 -0.04020087
v 0.01019909 0.02570038 -0.04016933
v 0.01019720 0.02561517 -0.04020446
v 0.01024220 0.02570166 -0.04031410
v 0.01020390 0.02559616 -0.04020087
v 0.01019720 0.02561517 -0.04020446
v 0.01019390 0.02563223 -0.04020654
v 0.01024220 0.02570166 -0.04031410
v 0.01028206 0.02565038 -0.04042914
v 0.01024220 0.02570166 -0.04031410
v 0.01031481 0.02570078 -0.04046194
v 0.01028195 0.02563159 -0.04042785
v 0.01024220 0.02570166 -0.04031410
v 0.01028206 0.02565038 -0.04042914
v 0.01028268 0.02561588 -0.04042341
v 0.01024220 0.02570166 -0.04031410
v 0.01028195 0.02563159 -0.04042785
v 0.01028268 0.02561588 -0.04042341
v 0.01028606 0.02559178 -0.04041532
v 0.01024220 0.02570166 -0.04031410
v 0.01031114 0.02566966 -0.04047313
v 0.01031481 0.02570078 -0.04046194
v 0.01041954 0.02569617 -0.04060662
v 0.01031114 0.02566966 -0.04047313
v 0.01028206 0.02565038 -0.04042914
v 0.01031481 0.02570078 -0.04046194
v 0.01031038 0.02564964 -0.04047691
v 0.01028206 0.02565038 -0.04042914
v 0.01031114 0.02566966 -0.04047313
v 0.01031008 0.02563138 -0.04047551
v 0.01028195 0.02563159 -0.04042785
v 0.01028206 0.02565038 -0.04042914
v 0.01031008 0.02563138 -0.04047551
v 0.01028206 0.02565038 -0.04042914
v 0.01031038 0.02564964 -0.04047691
v 0.01031013 0.02561610 -0.04047071
v 0.01041733 0.02559109 -0.04060681
v 0.01028606 0.02559178 -0.04041532
v 0.01031013 0.02561610 -0.04047071
v 0.01028606 0.02559178 -0.04041532
v 0.01028268 0.02561588 -0.04042341
v 0.01031013 0.02561610 -0.04047071
v 0.01028268 0.02561588 -0.04042341
v 0.01028195 0.02563159 -0.04042785
v 0.01031013 0.02561610 -0.04047071
v 0.01028195 0.02563159 -0.04042785
v 0.01031008 0.02563138 -0.04047551
v 0.01042100 0.02566450 -0.04061885
v 0.01031114 0.02566966 -0.04047313
v 0.01041954 0.02569617 -0.04060662
v 0.01042118 0.02566449 -0.04061905
v 0.01041954 0.02569617 -0.04060662
v 0.01055844 0.02568655 -0.04074110
v 0.01042118 0.02566449 -0.04061905
v 0.01042100 0.02566450 -0.04061885
v 0.01041954 0.02569617 -0.04060662
v 0.01042193 0.02564670 -0.04062305
v 0.01031114 0.02566966 -0.04047313
v 0.01042100 0.02566450 -0.04061885
v 0.01042193 0.02564670 -0.04062305
v 0.01031038 0.02564964 -0.04047691
v 0.01031114 0.02566966 -0.04047313
v 0.01042210 0.02564669 -0.04062325
v 0.01042100 0.02566450 -0.04061885
v 0.01042118 0.02566449 -0.04061905
v 0.01042210 0.02564669 -0.04062325
v 0.01042193 0.02564670 -0.04062305
v 0.01042100 0.02566450 -0.04061885
v 0.01042107 0.02563056 -0.04062151
v 0.01031008 0.02563138 -0.04047551
v 0.01031038 0.02564964 -0.04047691
v 0.01042107 0.02563056 -0.04062151
v 0.01031038 0.02564964 -0.04047691
v 0.01042193 0.02564670 -0.04062305
v 0.01042125 0.02563056 -0.04062170
v 0.01042193 0.02564670 -0.04062305
v 0.01042210 0.02564669 -0.04062325
v 0.01042125 0.02563056 -0.04062170
v 0.01042107 0.02563056 -0.04062151
v 0.01042193 0.02564670 -0.04062305
v 0.01041908 0.02561698 -0.04061615
v 0.01031013 0.02561610 -0.04047071
v 0.01031008 0.02563138 -0.04047551
v 0.01041908 0.02561698 -0.04061615
v 0.01041733 0.02559109 -0.04060681
v 0.01031013 0.02561610 -0.04047071
v 0.01041908 0.02561698 -0.04061615
v 0.01031008 0.02563138 -0.04047551
v 0.01042107 0.02563056 -0.04062151
v 0.01041925 0.02561698 -0.04061634
v 0.01042107 0.02563056 -0.04062151
v 0.01042125 0.02563056 -0.04062170
v 0.01041925 0.02561698 -0.04061634
v 0.01041733 0.02559109 -0.04060681
v 0.01041908 0.02561698 -0.04061615
v 0.02074755 0.01947487 -0.04077744
v 0.02075063 0.01944197 -0.04075490
v 0.02073631 0.01946871 -0.04077744
v 0.02076026 0.01947831 -0.04077310
v 0.02078514 0.01948530 -0.04076437
v 0.02077549 0.01945222 -0.04075037
v 0.02076237 0.01944839 -0.04075490
v 0.02076026 0.01947831 -0.04077310
v 0.02076237 0.01944839 -0.04075490
v 0.02074755 0.01947487 -0.04077744
v 0.02067031 0.01956960 -0.04085130
v 0.02073631 0.01946871 -0.04077744
v 0.02065503 0.01955382 -0.04084499
v 0.02067031 0.01956960 -0.04085130
v 0.02065503 0.01955382 -0.04084499
v 0.02066911 0.01966844 -0.04089282
v 0.02067803 0.01957751 -0.04085465
v 0.02073631 0.01946871 -0.04077744
v 0.02067031 0.01956960 -0.04085130
v 0.02067803 0.01957751 -0.04085465
v 0.02067031 0.01956960 -0.04085130
v 0.02066911 0.01966844 -0.04089282
v 0.02068727 0.01958258 -0.04085465
v 0.02067803 0.01957751 -0.04085465
v 0.02066911 0.01966844 -0.04089282
v 0.02068727 0.01958258 -0.04085465
v 0.02074755 0.01947487 -0.04077744
v 0.02073631 0.01946871 -0.04077744
v 0.02067803 0.01957751 -0.04085465
v 0.02069809 0.01958482 -0.04085130
v 0.02076026 0.01947831 -0.04077310
v 0.02074755 0.01947487 -0.04077744
v 0.02069809 0.01958482 -0.04085130
v 0.02074755 0.01947487 -0.04077744
v 0.02068727 0.01958258 -0.04085465
v 0.02089532 0.01908644 -0.04008285
v 0.02091868 0.01908466 -0.04000000
v 0.02089785 0.01908294 -0.04000000
v 0.02069809 0.01958482 -0.04085130
v 0.02068727 0.01958258 -0.04085465
v 0.02066911 0.01966844 -0.04089282
v 0.02089532 0.01908644 -0.04008285
v 0.02093871 0.01909066 -0.04000000
v 0.02091868 0.01908466 -0.04000000
v 0.02069809 0.01958482 -0.04085130
v 0.02066911 0.01966844 -0.04089282
v 0.02078514 0.01948530 -0.04076437
v 0.02089532 0.01908644 -0.04008285
v 0.02095704 0.01910070 -0.04000000
v 0.02093871 0.01909066 -0.04000000
v 0.02069809 0.01958482 -0.04085130
v 0.02078514 0.01948530 -0.04076437
v 0.02076026 0.01947831 -0.04077310
v 0.02089532 0.01908644 -0.04008285
v 0.02097289 0.01911434 -0.04000000
v 0.02095704 0.01910070 -0.04000000
v 0.02089532 0.01908644 -0.04008285
v 0.02098556 0.01913097 -0.04000000
v 0.02097289 0.01911434 -0.04000000
v 0.02060452 0.01969792 -0.04091827
v 0.02066911 0.01966844 -0.04089282
v 0.02059392 0.01968571 -0.04091462
v 0.02061019 0.01970413 -0.04092037
v 0.02066911 0.01966844 -0.04089282
v 0.02060452 0.01969792 -0.04091827
v 0.02061714 0.01970793 -0.04092037
v 0.02066911 0.01966844 -0.04089282
v 0.02061019 0.01970413 -0.04092037
v 0.02097564 0.01915389 -0.04020087
v 0.02089532 0.01908644 -0.04008285
v 0.02088778 0.01909762 -0.04016933
v 0.02062543 0.01970937 -0.04091827
v 0.02054156 0.01986823 -0.04097124
v 0.02066911 0.01966844 -0.04089282
v 0.02062543 0.01970937 -0.04091827
v 0.02066911 0.01966844 -0.04089282
v 0.02061714 0.01970793 -0.04092037
v 0.02097564 0.01915389 -0.04020087
v 0.02098556 0.01913097 -0.04000000
v 0.02089532 0.01908644 -0.04008285
v 0.02053177 0.01983971 -0.04096731
v 0.02059392 0.01968571 -0.04091462
v 0.02052592 0.01983256 -0.04096577
v 0.02053177 0.01983971 -0.04096731
v 0.02060452 0.01969792 -0.04091827
v 0.02059392 0.01968571 -0.04091462
v 0.02053177 0.01983971 -0.04096731
v 0.02052592 0.01983256 -0.04096577
v 0.02054156 0.01986823 -0.04097124
v 0.02053543 0.01984364 -0.04096824
v 0.02060452 0.01969792 -0.04091827
v 0.02053177 0.01983971 -0.04096731
v 0.02053543 0.01984364 -0.04096824
v 0.02061019 0.01970413 -0.04092037
v 0.02060452 0.01969792 -0.04091827
v 0.02093834 0.01922724 -0.04041532
v 0.02097564 0.01915389 -0.04020087
v 0.02086511 0.01913431 -0.04031410
v 0.02053543 0.01984364 -0.04096824
v 0.02053987 0.01984606 -0.04096824
v 0.02061019 0.01970413 -0.04092037
v 0.02053543 0.01984364 -0.04096824
v 0.02061714 0.01970793 -0.04092037
v 0.02053987 0.01984606 -0.04096824
v 0.02053543 0.01984364 -0.04096824
v 0.02054156 0.01986823 -0.04097124
v 0.02054515 0.01984704 -0.04096731
v 0.02054156 0.01986823 -0.04097124
v 0.02062543 0.01970937 -0.04091827
v 0.02054515 0.01984704 -0.04096731
v 0.02062543 0.01970937 -0.04091827
v 0.02061714 0.01970793 -0.04092037
v 0.02054515 0.01984704 -0.04096731
v 0.02053987 0.01984606 -0.04096824
v 0.02054156 0.01986823 -0.04097124
v 0.02054515 0.01984704 -0.04096731
v 0.02061714 0.01970793 -0.04092037
v 0.02053987 0.01984606 -0.04096824
v 0.02087331 0.01934126 -0.04060681
v 0.02093834 0.01922724 -0.04041532
v 0.02082957 0.01919763 -0.04046194
v 0.02066911 0.01966844 -0.04089282
v 0.02065503 0.01955382 -0.04084499
v 0.02059392 0.01968571 -0.04091462
v 0.02040098 0.02009444 -0.04100000
v 0.02054156 0.01986823 -0.04097124
v 0.02052592 0.01983256 -0.04096577
v 0.02092634 0.01911376 -0.04020694
v 0.02088778 0.01909762 -0.04016933
v 0.02086511 0.01913431 -0.04031410
v 0.02094424 0.01912356 -0.04020694
v 0.02092634 0.01911376 -0.04020694
v 0.02086511 0.01913431 -0.04031410
v 0.02094424 0.01912356 -0.04020694
v 0.02088778 0.01909762 -0.04016933
v 0.02092634 0.01911376 -0.04020694
v 0.02096010 0.01913621 -0.04020498
v 0.02097564 0.01915389 -0.04020087
v 0.02088778 0.01909762 -0.04016933
v 0.02096010 0.01913621 -0.04020498
v 0.02094424 0.01912356 -0.04020694
v 0.02086511 0.01913431 -0.04031410
v 0.02096010 0.01913621 -0.04020498
v 0.02088778 0.01909762 -0.04016933
v 0.02094424 0.01912356 -0.04020694
v 0.02096010 0.01913621 -0.04020498
v 0.02086511 0.01913431 -0.04031410
v 0.02097564 0.01915389 -0.04020087
v 0.02090097 0.01920082 -0.04042869
v 0.02086511 0.01913431 -0.04031410
v 0.02082957 0.01919763 -0.04046194
v 0.02091665 0.01921057 -0.04042452
v 0.02093834 0.01922724 -0.04041532
v 0.02086511 0.01913431 -0.04031410
v 0.02091665 0.01921057 -0.04042452
v 0.02082957 0.01919763 -0.04046194
v 0.02093834 0.01922724 -0.04041532
v 0.02091665 0.01921057 -0.04042452
v 0.02086511 0.01913431 -0.04031410
v 0.02090097 0.01920082 -0.04042869
v 0.02091665 0.01921057 -0.04042452
v 0.02090097 0.01920082 -0.04042869
v 0.02082957 0.01919763 -0.04046194
v 0.02080543 0.01930590 -0.04061749
v 0.02082957 0.01919763 -0.04046194
v 0.02078120 0.01929064 -0.04060662
v 0.02080535 0.01930605 -0.04061768
v 0.02078120 0.01929064 -0.04060662
v 0.02072008 0.01941574 -0.04074110
v 0.02080535 0.01930605 -0.04061768
v 0.02080543 0.01930590 -0.04061749
v 0.02078120 0.01929064 -0.04060662
v 0.02081864 0.01931495 -0.04062252
v 0.02082957 0.01919763 -0.04046194
v 0.02080543 0.01930590 -0.04061749
v 0.02081856 0.01931510 -0.04062271
v 0.02080543 0.01930590 -0.04061749
v 0.02080535 0.01930605 -0.04061768
v 0.02081856 0.01931510 -0.04062271
v 0.02081864 0.01931495 -0.04062252
v 0.02080543 0.01930590 -0.04061749
v 0.02083275 0.01932267 -0.04062252
v 0.02082957 0.01919763 -0.04046194
v 0.02081864 0.01931495 -0.04062252
v 0.02083266 0.01932282 -0.04062271
v 0.02081864 0.01931495 -0.04062252
v 0.02081856 0.01931510 -0.04062271
v 0.02083275 0.01932267 -0.04062252
v 0.02084749 0.01932893 -0.04061749
v 0.02087331 0.01934126 -0.04060681
v 0.02082957 0.01919763 -0.04046194
v 0.02084749 0.01932893 -0.04061749
v 0.02082957 0.01919763 -0.04046194
v 0.02083275 0.01932267 -0.04062252
v 0.02084741 0.01932908 -0.04061768
v 0.02087331 0.01934126 -0.04060681
v 0.02084749 0.01932893 -0.04061749
v 0.02084741 0.01932908 -0.04061768
v 0.02083275 0.01932267 -0.04062252
v 0.02083266 0.01932282 -0.04062271
v 0.02084741 0.01932908 -0.04061768
v 0.02084749 0.01932893 -0.04061749
v 0.02083275 0.01932267 -0.04062252
v 0.02074033 0.01943297 -0.04075037
v 0.02080535 0.01930605 -0.04061768
v 0.02072008 0.01941574 -0.04074110
v 0.02075063 0.01944197 -0.04075490
v 0.02081856 0.01931510 -0.04062271
v 0.02080535 0.01930605 -0.04061768
v 0.02075063 0.01944197 -0.04075490
v 0.02080535 0.01930605 -0.04061768
v 0.02074033 0.01943297 -0.04075037
v 0.02076237 0.01944839 -0.04075490
v 0.02083266 0.01932282 -0.04062271
v 0.02081856 0.01931510 -0.04062271
v 0.02075063 0.01944197 -0.04075490
v 0.02077549 0.01945222 -0.04075037
v 0.02078514 0.01948530 -0.04076437
v 0.02087331 0.01934126 -0.04060681
v 0.02077549 0.01945222 -0.04075037
v 0.02087331 0.01934126 -0.04060681
v 0.02084741 0.01932908 -0.04061768
v 0.02077549 0.01945222 -0.04075037
v 0.02084741 0.01932908 -0.04061768
v 0.02083266 0.01932282 -0.04062271
v 0.02077549 0.01945222 -0.04075037
v 0.02083266 0.01932282 -0.04062271
v 0.02076237 0.01944839 -0.04075490
v 0.02073631 0.01946871 -0.04077744
v 0.02072008 0.01941574 -0.04074110
v 0.02065503 0.01955382 -0.04084499
v 0.02073631 0.01946871 -0.04077744
v 0.02074033 0.01943297 -0.04075037
v 0.02072008 0.01941574 -0.04074110
v 0.02073631 0.01946871 -0.04077744
v 0.02075063 0.01944197 -0.04075490
v 0.02074033 0.01943297 -0.04075037
v 0.02076237 0.01944839 -0.04075490
v 0.02430306 0.02533592 -0.04077744
v 0.02433340 0.02533552 -0.04075490
v 0.02433310 0.02532213 -0.04075490
v 0.02430277 0.02532310 -0.04077744
v 0.02430644 0.02534865 -0.04077310
v 0.02431283 0.02537369 -0.04076437
v 0.02433665 0.02534879 -0.04075037
v 0.02430644 0.02534865 -0.04077310
v 0.02433665 0.02534879 -0.04075037
v 0.02433340 0.02533552 -0.04075490
v 0.02430644 0.02534865 -0.04077310
v 0.02433340 0.02533552 -0.04075490
v 0.02430306 0.02533592 -0.04077744
v 0.02418240 0.02531639 -0.04085130
v 0.02430277 0.02532310 -0.04077744
v 0.02418843 0.02529527 -0.04084499
v 0.02418240 0.02531639 -0.04085130
v 0.02418843 0.02529527 -0.04084499
v 0.02409620 0.02536478 -0.04089282
v 0.02417941 0.02532703 -0.04085465
v 0.02430277 0.02532310 -0.04077744
v 0.02418240 0.02531639 -0.04085130
v 0.02417941 0.02532703 -0.04085465
v 0.02418240 0.02531639 -0.04085130
v 0.02409620 0.02536478 -0.04089282
v 0.02417965 0.02533757 -0.04085465
v 0.02417941 0.02532703 -0.04085465
v 0.02409620 0.02536478 -0.04089282
v 0.02417965 0.02533757 -0.04085465
v 0.02430306 0.02533592 -0.04077744
v 0.02430277 0.02532310 -0.04077744
v 0.02417941 0.02532703 -0.04085465
v 0.02418311 0.02534806 -0.04085130
v 0.02430644 0.02534865 -0.04077310
v 0.02430306 0.02533592 -0.04077744
v 0.02418311 0.02534806 -0.04085130
v 0.02430306 0.02533592 -0.04077744
v 0.02417965 0.02533757 -0.04085465
v 0.02471334 0.02526968 -0.04008285
v 0.02472656 0.02528902 -0.04000000
v 0.02471763 0.02527011 -0.04000000
v 0.02418311 0.02534806 -0.04085130
v 0.02417965 0.02533757 -0.04085465
v 0.02409620 0.02536478 -0.04089282
v 0.02471334 0.02526968 -0.04008285
v 0.02473137 0.02530936 -0.04000000
v 0.02472656 0.02528902 -0.04000000
v 0.02418311 0.02534806 -0.04085130
v 0.02409620 0.02536478 -0.04089282
v 0.02431283 0.02537369 -0.04076437
v 0.02471334 0.02526968 -0.04008285
v 0.02473184 0.02533026 -0.04000000
v 0.02473137 0.02530936 -0.04000000
v 0.02418311 0.02534806 -0.04085130
v 0.02431283 0.02537369 -0.04076437
v 0.02430644 0.02534865 -0.04077310
v 0.02471334 0.02526968 -0.04008285
v 0.02472796 0.02535080 -0.04000000
v 0.02473184 0.02533026 -0.04000000
v 0.02471334 0.02526968 -0.04008285
v 0.02471989 0.02537009 -0.04000000
v 0.02472796 0.02535080 -0.04000000
v 0.02403838 0.02532357 -0.04091827
v 0.02409620 0.02536478 -0.04089282
v 0.02404365 0.02530829 -0.04091462
v 0.02403584 0.02533159 -0.04092037
v 0.02409620 0.02536478 -0.04089282
v 0.02403838 0.02532357 -0.04091827
v 0.02403602 0.02533951 -0.04092037
v 0.02409620 0.02536478 -0.04089282
v 0.02403584 0.02533159 -0.04092037
v 0.02469508 0.02537296 -0.04020087
v 0.02471334 0.02526968 -0.04008285
v 0.02469989 0.02526873 -0.04016933
v 0.02403892 0.02534741 -0.04091827
v 0.02385941 0.02535421 -0.04097124
v 0.02409620 0.02536478 -0.04089282
v 0.02403892 0.02534741 -0.04091827
v 0.02409620 0.02536478 -0.04089282
v 0.02403602 0.02533951 -0.04092037
v 0.02469508 0.02537296 -0.04020087
v 0.02471989 0.02537009 -0.04000000
v 0.02471334 0.02526968 -0.04008285
v 0.02387921 0.02533147 -0.04096731
v 0.02404365 0.02530829 -0.04091462
v 0.02388247 0.02532283 -0.04096577
v 0.02387921 0.02533147 -0.04096731
v 0.02403838 0.02532357 -0.04091827
v 0.02404365 0.02530829 -0.04091462
v 0.02387921 0.02533147 -0.04096731
v 0.02388247 0.02532283 -0.04096577
v 0.02385941 0.02535421 -0.04097124
v 0.02387764 0.02533661 -0.04096824
v 0.02403838 0.02532357 -0.04091827
v 0.02387921 0.02533147 -0.04096731
v 0.02387764 0.02533661 -0.04096824
v 0.02403584 0.02533159 -0.04092037
v 0.02403838 0.02532357 -0.04091827
v 0.02461292 0.02537733 -0.04041532
v 0.02469508 0.02537296 -0.04020087
v 0.02465678 0.02526745 -0.04031410
v 0.02387764 0.02533661 -0.04096824
v 0.02387776 0.02534166 -0.04096824
v 0.02403584 0.02533159 -0.04092037
v 0.02387764 0.02533661 -0.04096824
v 0.02403602 0.02533951 -0.04092037
v 0.02387776 0.02534166 -0.04096824
v 0.02387764 0.02533661 -0.04096824
v 0.02385941 0.02535421 -0.04097124
v 0.02387955 0.02534671 -0.04096731
v 0.02385941 0.02535421 -0.04097124
v 0.02403892 0.02534741 -0.04091827
v 0.02387955 0.02534671 -0.04096731
v 0.02403892 0.02534741 -0.04091827
v 0.02403602 0.02533951 -0.04092037
v 0.02387955 0.02534671 -0.04096731
v 0.02387776 0.02534166 -0.04096824
v 0.02385941 0.02535421 -0.04097124
v 0.02387955 0.02534671 -0.04096731
v 0.02403602 0.02533951 -0.04092037
v 0.02387776 0.02534166 -0.04096824
v 0.02448165 0.02537803 -0.04060681
v 0.02461292 0.02537733 -0.04041532
v 0.02458417 0.02526833 -0.04046194
v 0.02409620 0.02536478 -0.04089282
v 0.02418843 0.02529527 -0.04084499
v 0.02404365 0.02530829 -0.04091462
v 0.02359322 0.02534557 -0.04100000
v 0.02385941 0.02535421 -0.04097124
v 0.02388247 0.02532283 -0.04096577
v 0.02470518 0.02531020 -0.04020694
v 0.02469989 0.02526873 -0.04016933
v 0.02465678 0.02526745 -0.04031410
v 0.02470564 0.02533060 -0.04020694
v 0.02470518 0.02531020 -0.04020694
v 0.02465678 0.02526745 -0.04031410
v 0.02470564 0.02533060 -0.04020694
v 0.02469989 0.02526873 -0.04016933
v 0.02470518 0.02531020 -0.04020694
v 0.02470262 0.02535067 -0.04020498
v 0.02469508 0.02537296 -0.04020087
v 0.02469989 0.02526873 -0.04016933
v 0.02470262 0.02535067 -0.04020498
v 0.02470564 0.02533060 -0.04020694
v 0.02465678 0.02526745 -0.04031410
v 0.02470262 0.02535067 -0.04020498
v 0.02469989 0.02526873 -0.04016933
v 0.02470564 0.02533060 -0.04020694
v 0.02470262 0.02535067 -0.04020498
v 0.02465678 0.02526745 -0.04031410
v 0.02469508 0.02537296 -0.04020087
v 0.02461710 0.02533176 -0.04042870
v 0.02465678 0.02526745 -0.04031410
v 0.02458417 0.02526833 -0.04046194
v 0.02461650 0.02535021 -0.04042452
v 0.02461292 0.02537733 -0.04041532
v 0.02465678 0.02526745 -0.04031410
v 0.02461650 0.02535021 -0.04042452
v 0.02458417 0.02526833 -0.04046194
v 0.02461292 0.02537733 -0.04041532
v 0.02461650 0.02535021 -0.04042452
v 0.02465678 0.02526745 -0.04031410
v 0.02461710 0.02533176 -0.04042870
v 0.02461650 0.02535021 -0.04042452
v 0.02461710 0.02533176 -0.04042870
v 0.02458417 0.02526833 -0.04046194
v 0.02447833 0.02530155 -0.04061749
v 0.02458417 0.02526833 -0.04046194
v 0.02447944 0.02527295 -0.04060662
v 0.02447816 0.02530156 -0.04061768
v 0.02447944 0.02527295 -0.04060662
v 0.02434054 0.02528256 -0.04074110
v 0.02447816 0.02530156 -0.04061768
v 0.02447833 0.02530155 -0.04061749
v 0.02447944 0.02527295 -0.04060662
v 0.02447711 0.02531753 -0.04062252
v 0.02458417 0.02526833 -0.04046194
v 0.02447833 0.02530155 -0.04061749
v 0.02447693 0.02531753 -0.04062271
v 0.02447833 0.02530155 -0.04061749
v 0.02447816 0.02530156 -0.04061768
v 0.02447693 0.02531753 -0.04062271
v 0.02447711 0.02531753 -0.04062252
v 0.02447833 0.02530155 -0.04061749
v 0.02447747 0.02533360 -0.04062252
v 0.02458417 0.02526833 -0.04046194
v 0.02447711 0.02531753 -0.04062252
v 0.02447729 0.02533361 -0.04062271
v 0.02447711 0.02531753 -0.04062252
v 0.02447693 0.02531753 -0.04062271
v 0.02447747 0.02533360 -0.04062252
v 0.02447942 0.02534950 -0.04061749
v 0.02448165 0.02537803 -0.04060681
v 0.02458417 0.02526833 -0.04046194
v 0.02447942 0.02534950 -0.04061749
v 0.02458417 0.02526833 -0.04046194
v 0.02447747 0.02533360 -0.04062252
v 0.02447925 0.02534950 -0.04061768
v 0.02448165 0.02537803 -0.04060681
v 0.02447942 0.02534950 -0.04061749
v 0.02447925 0.02534950 -0.04061768
v 0.02447747 0.02533360 -0.04062252
v 0.02447729 0.02533361 -0.04062271
v 0.02447925 0.02534950 -0.04061768
v 0.02447942 0.02534950 -0.04061749
v 0.02447747 0.02533360 -0.04062252
v 0.02433574 0.02530872 -0.04075037
v 0.02447816 0.02530156 -0.04061768
v 0.02434054 0.02528256 -0.04074110
v 0.02433310 0.02532213 -0.04075490
v 0.02447693 0.02531753 -0.04062271
v 0.02447816 0.02530156 -0.04061768
v 0.02433310 0.02532213 -0.04075490
v 0.02447816 0.02530156 -0.04061768
v 0.02433574 0.02530872 -0.04075037
v 0.02433340 0.02533552 -0.04075490
v 0.02447729 0.02533361 -0.04062271
v 0.02447693 0.02531753 -0.04062271
v 0.02433310 0.02532213 -0.04075490
v 0.02433665 0.02534879 -0.04075037
v 0.02431283 0.02537369 -0.04076437
v 0.02448165 0.02537803 -0.04060681
v 0.02433665 0.02534879 -0.04075037
v 0.02448165 0.02537803 -0.04060681
v 0.02447925 0.02534950 -0.04061768
v 0.02433665 0.02534879 -0.04075037
v 0.02447925 0.02534950 -0.04061768
v 0.02447729 0.02533361 -0.04062271
v 0.02433665 0.02534879 -0.04075037
v 0.02447729 0.02533361 -0.04062271
v 0.02433340 0.02533552 -0.04075490
v 0.02430277 0.02532310 -0.04077744
v 0.02434054 0.02528256 -0.04074110
v 0.02418843 0.02529527 -0.04084499
v 0.02430277 0.02532310 -0.04077744
v 0.02433574 0.02530872 -0.04075037
v 0.02434054 0.02528256 -0.04074110
v 0.02430277 0.02532310 -0.04077744
v 0.02433310 0.02532213 -0.04075490
v 0.02433574 0.02530872 -0.04075037
v 0.02399949 0.05813456 -0.03150000
v 0.02301829 0.05801542 -0.03150000
v 0.02399949 0.05813456 -0.03600000
v 0.02301829 0.05801542 -0.03600000
v 0.02301829 0.05801542 -0.03600000
v 0.02209412 0.05766493 -0.03150000
v 0.02209412 0.05766493 -0.03600000
v 0.02301829 0.05801542 -0.03150000
v 0.02209412 0.05766493 -0.03600000
v 0.02128069 0.05710345 -0.03150000
v 0.02128069 0.05710345 -0.03600000
v 0.02209412 0.05766493 -0.03150000
v 0.02128069 0.05710345 -0.03600000
v 0.02062525 0.05636362 -0.03150000
v 0.02062525 0.05636362 -0.03600000
v 0.02128069 0.05710345 -0.03150000
v 0.02062525 0.05636362 -0.03600000
v 0.02016592 0.05548844 -0.03150000
v 0.02016592 0.05548844 -0.03600000
v 0.02062525 0.05636362 -0.03150000
v 0.02016592 0.05548844 -0.03600000
v 0.01992938 0.05452876 -0.03150000
v 0.01992938 0.05452876 -0.03600000
v 0.02016592 0.05548844 -0.03150000
v 0.01992938 0.05452876 -0.03600000
v 0.01992938 0.05354036 -0.03150000
v 0.01992938 0.05354036 -0.03600000
v 0.01992938 0.05452876 -0.03150000
v 0.01992938 0.05354036 -0.03600000
v 0.02016592 0.05258068 -0.03150000
v 0.02016592 0.05258068 -0.03600000
v 0.01992938 0.05354036 -0.03150000
v 0.02016592 0.05258068 -0.03600000
v 0.02062525 0.05170549 -0.03150000
v 0.02062525 0.05170549 -0.03600000
v 0.02016592 0.05258068 -0.03150000
v 0.02062525 0.05170549 -0.03600000
v 0.02128069 0.05096566 -0.03150000
v 0.02128069 0.05096566 -0.03600000
v 0.02062525 0.05170549 -0.03150000
v 0.02128069 0.05096566 -0.03600000
v 0.02209412 0.05040419 -0.03150000
v 0.02209412 0.05040419 -0.03600000
v 0.02128069 0.05096566 -0.03150000
v 0.02209412 0.05040419 -0.03600000
v 0.02301829 0.05005370 -0.03150000
v 0.02301829 0.05005370 -0.03600000
v 0.02209412 0.05040419 -0.03150000
v 0.02301829 0.05005370 -0.03600000
v 0.02399949 0.04993456 -0.03150000
v 0.02399949 0.04993456 -0.03600000
v 0.02301829 0.05005370 -0.03150000
v 0.01744949 0.02948456 -0.03150000
v 0.01649223 0.02936832 -0.03150000
v 0.01744949 0.02948456 -0.03600000
v 0.01649223 0.02936832 -0.03600000
v 0.01649223 0.02936832 -0.03600000
v 0.01559060 0.02902638 -0.03150000
v 0.01559060 0.02902638 -0.03600000
v 0.01649223 0.02936832 -0.03150000
v 0.01559060 0.02902638 -0.03600000
v 0.01479700 0.02847860 -0.03150000
v 0.01479700 0.02847860 -0.03600000
v 0.01559060 0.02902638 -0.03150000
v 0.01479700 0.02847860 -0.03600000
v 0.01415755 0.02775682 -0.03150000
v 0.01415755 0.02775682 -0.03600000
v 0.01479700 0.02847860 -0.03150000
v 0.01415755 0.02775682 -0.03600000
v 0.01370942 0.02690298 -0.03150000
v 0.01370942 0.02690298 -0.03600000
v 0.01415755 0.02775682 -0.03150000
v 0.01370942 0.02690298 -0.03600000
v 0.01347865 0.02596670 -0.03150000
v 0.01347865 0.02596670 -0.03600000
v 0.01370942 0.02690298 -0.03150000
v 0.01347865 0.02596670 -0.03600000
v 0.01347865 0.02500241 -0.03150000
v 0.01347865 0.02500241 -0.03600000
v 0.01347865 0.02596670 -0.03150000
v 0.01347865 0.02500241 -0.03600000
v 0.01370942 0.02406614 -0.03150000
v 0.01370942 0.02406614 -0.03600000
v 0.01347865 0.02500241 -0.03150000
v 0.01370942 0.02406614 -0.03600000
v 0.01415755 0.02321230 -0.03150000
v 0.01415755 0.02321230 -0.03600000
v 0.01370942 0.02406614 -0.03150000
v 0.01415755 0.02321230 -0.03600000
v 0.01479700 0.02249051 -0.03150000
v 0.01479700 0.02249051 -0.03600000
v 0.01415755 0.02321230 -0.03150000
v 0.01479700 0.02249051 -0.03600000
v 0.01559060 0.02194273 -0.03150000
v 0.01559060 0.02194273 -0.03600000
v 0.01479700 0.02249051 -0.03150000
v 0.01559060 0.02194273 -0.03600000
v 0.01649223 0.02160079 -0.03150000
v 0.01649223 0.02160079 -0.03600000
v 0.01559060 0.02194273 -0.03150000
v 0.01649223 0.02160079 -0.03600000
v 0.01744949 0.02148456 -0.03150000
v 0.01744949 0.02148456 -0.03600000
v 0.01649223 0.02160079 -0.03150000
v -0.00000051 0.00853456 -0.02700000
v -0.00173405 0.00853456 -0.02694429
v -0.00000051 0.00404772 -0.02700000
v -0.00000051 0.00404772 -0.02700000
v -0.00346044 0.00853456 -0.02677739
v -0.00517255 0.00403456 -0.02650000
v -0.00173405 0.00853456 -0.02694429
v -0.00346044 0.00853456 -0.02677739
v -0.00517255 0.00853456 -0.02650000
v -0.00517255 0.00403456 -0.02650000
v -0.00517255 0.00403456 -0.02650000
v -0.01106975 0.00853456 -0.02462665
v -0.01106975 0.00403456 -0.02462665
v -0.00517255 0.00853456 -0.02650000
v -0.01106975 0.00403456 -0.02462665
v -0.01638560 0.00853456 -0.02145994
v -0.01638560 0.00403456 -0.02145994
v -0.01106975 0.00853456 -0.02462665
v -0.01638560 0.00403456 -0.02145994
v -0.02084092 0.00853456 -0.01716617
v -0.02084092 0.00403456 -0.01716617
v -0.01638560 0.00853456 -0.02145994
v -0.02084092 0.00403456 -0.01716617
v -0.02420172 0.00853456 -0.01197085
v -0.02420172 0.00403456 -0.01197085
v -0.02084092 0.00853456 -0.01716617
v -0.02420172 0.00403456 -0.01197085
v -0.02629151 0.00853456 -0.00614684
v -0.02629151 0.00403456 -0.00614684
v -0.02420172 0.00853456 -0.01197085
v -0.02629151 0.00403456 -0.00614684
v -0.02700051 0.00853456 0.00000000
v -0.02700051 0.00403456 0.00000000
v -0.02629151 0.00853456 -0.00614684
v -0.02700051 0.00403456 0.00000000
v -0.02629151 0.00853456 0.00614684
v -0.02629151 0.00403456 0.00614684
v -0.02700051 0.00853456 0.00000000
v -0.02420172 0.00403456 0.01197086
v -0.02420172 0.00853456 0.01197086
v -0.02084092 0.00403456 0.01716617
v -0.02629151 0.00403456 0.00614684
v -0.02420172 0.00853456 0.01197086
v -0.02420172 0.00403456 0.01197086
v -0.02629151 0.00853456 0.00614684
v -0.02084092 0.00403456 0.01716617
v -0.02084092 0.00853456 0.01716617
v -0.01638560 0.00403456 0.02145994
v -0.02084092 0.00853456 0.01716617
v -0.01638560 0.00403456 0.02145994
v -0.01638560 0.00853456 0.02145994
v -0.01106975 0.00403456 0.02462666
v -0.01638560 0.00853456 0.02145994
v -0.01106975 0.00403456 0.02462666
v -0.01106975 0.00853456 0.02462666
v -0.00517255 0.00403456 0.02650000
v -0.01106975 0.00853456 0.02462666
v -0.00517255 0.00853456 0.02650000
v -0.00517255 0.00403456 0.02650000
v -0.00346044 0.00853456 0.02677740
v -0.00000051 0.00404772 0.02700000
v -0.00517255 0.00853456 0.02650000
v -0.00346044 0.00853456 0.02677740
v -0.00517255 0.00403456 0.02650000
v -0.00173405 0.00853456 0.02694429
v -0.00173405 0.00853456 0.02694429
v -0.00000051 0.00853456 0.02700000
v -0.00000051 0.00404772 0.02700000
v 0.01989949 0.05403456 0.03600000
v 0.02001863 0.05305336 0.03600000
v 0.01989949 0.05403456 0.03150000
v 0.02001863 0.05305336 0.03150000
v 0.02001863 0.05305336 0.03150000
v 0.02036912 0.05212919 0.03600000
v 0.02036912 0.05212919 0.03150000
v 0.02001863 0.05305336 0.03600000
v 0.02036912 0.05212919 0.03150000
v 0.02093059 0.05131575 0.03600000
v 0.02093059 0.05131575 0.03150000
v 0.02036912 0.05212919 0.03600000
v 0.02093059 0.05131575 0.03150000
v 0.02167042 0.05066032 0.03600000
v 0.02167042 0.05066032 0.03150000
v 0.02093059 0.05131575 0.03600000
v 0.02167042 0.05066032 0.03150000
v 0.02254561 0.05020099 0.03600000
v 0.02254561 0.05020099 0.03150000
v 0.02167042 0.05066032 0.03600000
v 0.02254561 0.05020099 0.03150000
v 0.02350529 0.04996445 0.03600000
v 0.02350529 0.04996445 0.03150000
v 0.02254561 0.05020099 0.03600000
v 0.02350529 0.04996445 0.03150000
v 0.02449369 0.04996445 0.03600000
v 0.02449369 0.04996445 0.03150000
v 0.02350529 0.04996445 0.03600000
v 0.02449369 0.04996445 0.03150000
v 0.02545337 0.05020099 0.03600000
v 0.02545337 0.05020099 0.03150000
v 0.02449369 0.04996445 0.03600000
v 0.02545337 0.05020099 0.03150000
v 0.02632855 0.05066032 0.03600000
v 0.02632855 0.05066032 0.03150000
v 0.02545337 0.05020099 0.03600000
v 0.02632855 0.05066032 0.03150000
v 0.02706838 0.05131575 0.03600000
v 0.02706838 0.05131575 0.03150000
v 0.02632855 0.05066032 0.03600000
v 0.02706838 0.05131575 0.03150000
v 0.02762986 0.05212919 0.03600000
v 0.02762986 0.05212919 0.03150000
v 0.02706838 0.05131575 0.03600000
v 0.02762986 0.05212919 0.03150000
v 0.02798035 0.05305336 0.03600000
v 0.02798035 0.05305336 0.03150000
v 0.02762986 0.05212919 0.03600000
v 0.02798035 0.05305336 0.03150000
v 0.02809949 0.05403456 0.03600000
v 0.02809949 0.05403456 0.03150000
v 0.02798035 0.05305336 0.03600000
v 0.01344949 0.02548456 0.03600000
v 0.01356572 0.02452729 0.03600000
v 0.01344949 0.02548456 0.03150000
v 0.01356572 0.02452729 0.03150000
v 0.01356572 0.02452729 0.03150000
v 0.01390766 0.02362566 0.03600000
v 0.01390766 0.02362566 0.03150000
v 0.01356572 0.02452729 0.03600000
v 0.01390766 0.02362566 0.03150000
v 0.01445545 0.02283207 0.03600000
v 0.01445545 0.02283207 0.03150000
v 0.01390766 0.02362566 0.03600000
v 0.01445545 0.02283207 0.03150000
v 0.01517723 0.02219262 0.03600000
v 0.01517723 0.02219262 0.03150000
v 0.01445545 0.02283207 0.03600000
v 0.01517723 0.02219262 0.03150000
v 0.01603107 0.02174449 0.03600000
v 0.01603107 0.02174449 0.03150000
v 0.01517723 0.02219262 0.03600000
v 0.01603107 0.02174449 0.03150000
v 0.01696734 0.02151372 0.03600000
v 0.01696734 0.02151372 0.03150000
v 0.01603107 0.02174449 0.03600000
v 0.01696734 0.02151372 0.03150000
v 0.01793163 0.02151372 0.03600000
v 0.01793163 0.02151372 0.03150000
v 0.01696734 0.02151372 0.03600000
v 0.01793163 0.02151372 0.03150000
v 0.01886791 0.02174449 0.03600000
v 0.01886791 0.02174449 0.03150000
v 0.01793163 0.02151372 0.03600000
v 0.01886791 0.02174449 0.03150000
v 0.01972175 0.02219262 0.03600000
v 0.01972175 0.02219262 0.03150000
v 0.01886791 0.02174449 0.03600000
v 0.01972175 0.02219262 0.03150000
v 0.02044353 0.02283207 0.03600000
v 0.02044353 0.02283207 0.03150000
v 0.01972175 0.02219262 0.03600000
v 0.02044353 0.02283207 0.03150000
v 0.02099131 0.02362566 0.03600000
v 0.02099131 0.02362566 0.03150000
v 0.02044353 0.02283207 0.03600000
v 0.02099131 0.02362566 0.03150000
v 0.02133326 0.02452729 0.03600000
v 0.02133326 0.02452729 0.03150000
v 0.02099131 0.02362566 0.03600000
v 0.02133326 0.02452729 0.03150000
v 0.02144949 0.02548456 0.03600000
v 0.02144949 0.02548456 0.03150000
v 0.02133326 0.02452729 0.03600000
v 0.02133326 0.02644182 0.03600000
v 0.02144949 0.02548456 -0.04200000
v 0.02133326 0.02644182 -0.04200000
v 0.02144949 0.02548456 0.03600000
v 0.02099131 0.02734345 0.03600000
v 0.02133326 0.02644182 -0.04200000
v 0.02099131 0.02734345 -0.04200000
v 0.02133326 0.02644182 0.03600000
v 0.02044353 0.02813705 0.03600000
v 0.02099131 0.02734345 -0.04200000
v 0.02044353 0.02813705 -0.04200000
v 0.02099131 0.02734345 0.03600000
v 0.01972175 0.02877649 0.03600000
v 0.02044353 0.02813705 -0.04200000
v 0.01972175 0.02877649 -0.04200000
v 0.02044353 0.02813705 0.03600000
v 0.01886791 0.02922462 0.03600000
v 0.01972175 0.02877649 -0.04200000
v 0.01886791 0.02922462 -0.04200000
v 0.01972175 0.02877649 0.03600000
v 0.01793163 0.02945539 0.03600000
v 0.01886791 0.02922462 -0.04200000
v 0.01793163 0.02945539 -0.04200000
v 0.01886791 0.02922462 0.03600000
v 0.01696734 0.02945539 0.03600000
v 0.01793163 0.02945539 -0.04200000
v 0.01696734 0.02945539 -0.04200000
v 0.01793163 0.02945539 0.03600000
v 0.01603107 0.02922462 0.03600000
v 0.01696734 0.02945539 -0.04200000
v 0.01603107 0.02922462 -0.04200000
v 0.01696734 0.02945539 0.03600000
v 0.01517723 0.02877649 0.03600000
v 0.01603107 0.02922462 -0.04200000
v 0.01517723 0.02877649 -0.04200000
v 0.01603107 0.02922462 0.03600000
v 0.01445545 0.02813705 0.03600000
v 0.01517723 0.02877649 -0.04200000
v 0.01445545 0.02813705 -0.04200000
v 0.01517723 0.02877649 0.03600000
v 0.01390766 0.02734345 0.03600000
v 0.01445545 0.02813705 -0.04200000
v 0.01390766 0.02734345 -0.04200000
v 0.01445545 0.02813705 0.03600000
v 0.01356572 0.02644182 0.03600000
v 0.01390766 0.02734345 -0.04200000
v 0.01356572 0.02644182 -0.04200000
v 0.01356572 0.02644182 0.03600000
v 0.01356572 0.02644182 -0.04200000
v 0.01344949 0.02548456 -0.04200000
v 0.01390766 0.02734345 0.03600000
v 0.01344949 0.02548456 0.03600000
v 0.01366187 0.02641812 -0.04243388
v 0.01366766 0.02548456 -0.04262349
v 0.01354852 0.02548456 -0.04243388
v 0.01792861 0.02943050 -0.04222252
v 0.01793163 0.02945539 -0.04200000
v 0.01886791 0.02922462 -0.04200000
v 0.02096911 0.02733180 -0.04222252
v 0.02099131 0.02734345 -0.04200000
v 0.02133326 0.02644182 -0.04200000
v 0.01377755 0.02638961 -0.04262349
v 0.01885902 0.02920118 -0.04222252
v 0.02096911 0.02733180 -0.04222252
v 0.02130891 0.02643582 -0.04222252
v 0.02123710 0.02641812 -0.04243388
v 0.01366187 0.02641812 -0.04243388
v 0.01399535 0.02729743 -0.04243388
v 0.01410084 0.02724206 -0.04262349
v 0.01792861 0.02943050 -0.04222252
v 0.01885902 0.02920118 -0.04222252
v 0.01883279 0.02913203 -0.04243388
v 0.01791970 0.02935708 -0.04243388
v 0.02130891 0.02643582 -0.04222252
v 0.01377755 0.02638961 -0.04262349
v 0.01697928 0.02935708 -0.04243388
v 0.01790534 0.02923882 -0.04262349
v 0.01699364 0.02923882 -0.04262349
v 0.02090362 0.02729743 -0.04243388
v 0.01359006 0.02643582 -0.04222252
v 0.01354852 0.02548456 -0.04243388
v 0.01347456 0.02548456 -0.04222252
v 0.01359006 0.02643582 -0.04222252
v 0.01347456 0.02548456 -0.04222252
v 0.01356572 0.02644182 -0.04200000
v 0.01366187 0.02641812 -0.04243388
v 0.01359006 0.02643582 -0.04222252
v 0.01356572 0.02644182 -0.04200000
v 0.01390766 0.02734345 -0.04200000
v 0.02036941 0.02807138 -0.04243388
v 0.02090362 0.02729743 -0.04243388
v 0.02079813 0.02724206 -0.04262349
v 0.01359006 0.02643582 -0.04222252
v 0.01392986 0.02733180 -0.04222252
v 0.01399535 0.02729743 -0.04243388
v 0.02028023 0.02799238 -0.04262349
v 0.01392986 0.02733180 -0.04222252
v 0.01791970 0.02935708 -0.04243388
v 0.01366187 0.02641812 -0.04243388
v 0.01610843 0.02902063 -0.04262349
v 0.01701272 0.02908163 -0.04278183
v 0.01616458 0.02887258 -0.04278183
v 0.01959781 0.02859694 -0.04262349
v 0.02028023 0.02799238 -0.04262349
v 0.02016171 0.02788737 -0.04278183
v 0.01344949 0.02548456 -0.04200000
v 0.01699364 0.02923882 -0.04262349
v 0.01950786 0.02846663 -0.04278183
v 0.01539111 0.02846663 -0.04278183
v 0.01616458 0.02887258 -0.04278183
v 0.01623182 0.02869529 -0.04290097
v 0.02057837 0.02625576 -0.04297493
v 0.02044949 0.02548456 -0.04300000
v 0.02036231 0.02620251 -0.04300000
v 0.01549882 0.02831059 -0.04290097
v 0.02067201 0.02548456 -0.04297493
v 0.01873440 0.02887258 -0.04278183
v 0.01950786 0.02846663 -0.04278183
v 0.01940016 0.02831059 -0.04290097
v 0.01866716 0.02869529 -0.04290097
v 0.01487919 0.02776164 -0.04290097
v 0.01549882 0.02831059 -0.04290097
v 0.01561889 0.02813664 -0.04297493
v 0.01503740 0.02762148 -0.04297493
v 0.02078359 0.02630634 -0.04290097
v 0.02088337 0.02548456 -0.04290097
v 0.02067201 0.02548456 -0.04297493
v 0.01786340 0.02889340 -0.04290097
v 0.01866716 0.02869529 -0.04290097
v 0.01859221 0.02849767 -0.04297493
v 0.01783792 0.02868358 -0.04297493
v 0.02057837 0.02625576 -0.04297493
v 0.01459609 0.02698214 -0.04297493
v 0.01503740 0.02762148 -0.04297493
v 0.01520396 0.02747392 -0.04300000
v 0.01706106 0.02868358 -0.04297493
v 0.01781110 0.02846268 -0.04300000
v 0.01708788 0.02846268 -0.04300000
v 0.02030289 0.02698214 -0.04297493
v 0.02036231 0.02620251 -0.04300000
v 0.02010586 0.02687873 -0.04300000
v 0.01479312 0.02687873 -0.04300000
v 0.01783792 0.02868358 -0.04297493
v 0.02057837 0.02625576 -0.04297493
v 0.01697036 0.02943050 -0.04222252
v 0.01791970 0.02935708 -0.04243388
v 0.01697928 0.02935708 -0.04243388
v 0.02042476 0.02812042 -0.04222252
v 0.02090362 0.02729743 -0.04243388
v 0.02036941 0.02807138 -0.04243388
v 0.02042476 0.02812042 -0.04222252
v 0.02044353 0.02813705 -0.04200000
v 0.02099131 0.02734345 -0.04200000
v 0.02096769 0.02635172 -0.04278183
v 0.02088337 0.02548456 -0.04290097
v 0.02078359 0.02630634 -0.04290097
v 0.01697036 0.02943050 -0.04222252
v 0.01696734 0.02945539 -0.04200000
v 0.01793163 0.02945539 -0.04200000
v 0.02096911 0.02733180 -0.04222252
v 0.01792861 0.02943050 -0.04222252
v 0.02107298 0.02548456 -0.04278183
v 0.01792861 0.02943050 -0.04222252
v 0.01606618 0.02913203 -0.04243388
v 0.01697928 0.02935708 -0.04243388
v 0.01699364 0.02923882 -0.04262349
v 0.02096911 0.02733180 -0.04222252
v 0.01610843 0.02902063 -0.04262349
v 0.01966549 0.02869499 -0.04243388
v 0.02028023 0.02799238 -0.04262349
v 0.01959781 0.02859694 -0.04262349
v 0.02036941 0.02807138 -0.04243388
v 0.02049004 0.02708036 -0.04290097
v 0.02057837 0.02625576 -0.04297493
v 0.02030289 0.02698214 -0.04297493
v 0.02078359 0.02630634 -0.04290097
v 0.01879054 0.02902063 -0.04262349
v 0.01950786 0.02846663 -0.04278183
v 0.01873440 0.02887258 -0.04278183
v 0.01959781 0.02859694 -0.04262349
v 0.01986158 0.02762148 -0.04297493
v 0.02010586 0.02687873 -0.04300000
v 0.01969502 0.02747392 -0.04300000
v 0.02133326 0.02644182 -0.04200000
v 0.02144949 0.02548456 -0.04200000
v 0.02142442 0.02548456 -0.04222252
v 0.01530116 0.02859694 -0.04262349
v 0.01616458 0.02887258 -0.04278183
v 0.01539111 0.02846663 -0.04278183
v 0.01610843 0.02902063 -0.04262349
v 0.01788625 0.02908163 -0.04278183
v 0.01866716 0.02869529 -0.04290097
v 0.01786340 0.02889340 -0.04290097
v 0.01473727 0.02788737 -0.04278183
v 0.01549882 0.02831059 -0.04290097
v 0.01487919 0.02776164 -0.04290097
v 0.01539111 0.02846663 -0.04278183
v 0.02030289 0.02698214 -0.04297493
v 0.01873440 0.02887258 -0.04278183
v 0.02112143 0.02638961 -0.04262349
v 0.02123132 0.02548456 -0.04262349
v 0.02107298 0.02548456 -0.04278183
v 0.02096769 0.02635172 -0.04278183
v 0.01703558 0.02889340 -0.04290097
v 0.01786340 0.02889340 -0.04290097
v 0.01783792 0.02868358 -0.04297493
v 0.02065793 0.02716848 -0.04278183
v 0.02096769 0.02635172 -0.04278183
v 0.02078359 0.02630634 -0.04290097
v 0.01706106 0.02868358 -0.04297493
v 0.01440893 0.02708036 -0.04290097
v 0.01503740 0.02762148 -0.04297493
v 0.01459609 0.02698214 -0.04297493
v 0.02049004 0.02708036 -0.04290097
v 0.01487919 0.02776164 -0.04290097
v 0.01432061 0.02625576 -0.04297493
v 0.01479312 0.02687873 -0.04300000
v 0.01453666 0.02620251 -0.04300000
v 0.01630677 0.02849767 -0.04297493
v 0.01708788 0.02846268 -0.04300000
v 0.01638567 0.02828961 -0.04300000
v 0.01432061 0.02625576 -0.04297493
v 0.01453666 0.02620251 -0.04300000
v 0.01444949 0.02548456 -0.04300000
v 0.01422697 0.02548456 -0.04297493
v 0.01459609 0.02698214 -0.04297493
v 0.02001979 0.02776164 -0.04290097
v 0.02049004 0.02708036 -0.04290097
v 0.02030289 0.02698214 -0.04297493
v 0.01706106 0.02868358 -0.04297493
v 0.01986158 0.02762148 -0.04297493
v 0.01603996 0.02920118 -0.04222252
v 0.01603107 0.02922462 -0.04200000
v 0.01696734 0.02945539 -0.04200000
v 0.01970750 0.02875586 -0.04222252
v 0.01972175 0.02877649 -0.04200000
v 0.02044353 0.02813705 -0.04200000
v 0.01697036 0.02943050 -0.04222252
v 0.02042476 0.02812042 -0.04222252
v 0.01970750 0.02875586 -0.04222252
v 0.02036941 0.02807138 -0.04243388
v 0.01966549 0.02869499 -0.04243388
v 0.01603996 0.02920118 -0.04222252
v 0.01697036 0.02943050 -0.04222252
v 0.01697928 0.02935708 -0.04243388
v 0.01606618 0.02913203 -0.04243388
v 0.01928009 0.02813664 -0.04297493
v 0.01969502 0.02747392 -0.04300000
v 0.01915368 0.02795351 -0.04300000
v 0.01523349 0.02869499 -0.04243388
v 0.01606618 0.02913203 -0.04243388
v 0.01610843 0.02902063 -0.04262349
v 0.02042476 0.02812042 -0.04222252
v 0.01530116 0.02859694 -0.04262349
v 0.01883279 0.02913203 -0.04243388
v 0.01966549 0.02869499 -0.04243388
v 0.01959781 0.02859694 -0.04262349
v 0.01986158 0.02762148 -0.04297493
v 0.01879054 0.02902063 -0.04262349
v 0.02123710 0.02641812 -0.04243388
v 0.02135046 0.02548456 -0.04243388
v 0.02123132 0.02548456 -0.04262349
v 0.01461875 0.02799238 -0.04262349
v 0.01539111 0.02846663 -0.04278183
v 0.01473727 0.02788737 -0.04278183
v 0.01790534 0.02923882 -0.04262349
v 0.01879054 0.02902063 -0.04262349
v 0.01873440 0.02887258 -0.04278183
v 0.01530116 0.02859694 -0.04262349
v 0.01788625 0.02908163 -0.04278183
v 0.02112143 0.02638961 -0.04262349
v 0.02079813 0.02724206 -0.04262349
v 0.02096769 0.02635172 -0.04278183
v 0.02065793 0.02716848 -0.04278183
v 0.01701272 0.02908163 -0.04278183
v 0.01788625 0.02908163 -0.04278183
v 0.01786340 0.02889340 -0.04290097
v 0.01703558 0.02889340 -0.04290097
v 0.01424105 0.02716848 -0.04278183
v 0.01473727 0.02788737 -0.04278183
v 0.01487919 0.02776164 -0.04290097
v 0.02112143 0.02638961 -0.04262349
v 0.01440893 0.02708036 -0.04290097
v 0.01411539 0.02630634 -0.04290097
v 0.01432061 0.02625576 -0.04297493
v 0.01422697 0.02548456 -0.04297493
v 0.01401560 0.02548456 -0.04290097
v 0.02016171 0.02788737 -0.04278183
v 0.02049004 0.02708036 -0.04290097
v 0.02001979 0.02776164 -0.04290097
v 0.02065793 0.02716848 -0.04278183
v 0.01411539 0.02630634 -0.04290097
v 0.01440893 0.02708036 -0.04290097
v 0.01459609 0.02698214 -0.04297493
v 0.01432061 0.02625576 -0.04297493
v 0.01519147 0.02875586 -0.04222252
v 0.01606618 0.02913203 -0.04243388
v 0.01523349 0.02869499 -0.04243388
v 0.01623182 0.02869529 -0.04290097
v 0.01703558 0.02889340 -0.04290097
v 0.01706106 0.02868358 -0.04297493
v 0.01940016 0.02831059 -0.04290097
v 0.01986158 0.02762148 -0.04297493
v 0.01928009 0.02813664 -0.04297493
v 0.01630677 0.02849767 -0.04297493
v 0.01519147 0.02875586 -0.04222252
v 0.01517723 0.02877649 -0.04200000
v 0.01603107 0.02922462 -0.04200000
v 0.01603996 0.02920118 -0.04222252
v 0.01561889 0.02813664 -0.04297493
v 0.01638567 0.02828961 -0.04300000
v 0.01574529 0.02795351 -0.04300000
v 0.02001979 0.02776164 -0.04290097
v 0.01603996 0.02920118 -0.04222252
v 0.01630677 0.02849767 -0.04297493
v 0.01859221 0.02849767 -0.04297493
v 0.01915368 0.02795351 -0.04300000
v 0.01851330 0.02828961 -0.04300000
v 0.01452957 0.02807138 -0.04243388
v 0.01523349 0.02869499 -0.04243388
v 0.01530116 0.02859694 -0.04262349
v 0.01885902 0.02920118 -0.04222252
v 0.01886791 0.02922462 -0.04200000
v 0.01972175 0.02877649 -0.04200000
v 0.01885902 0.02920118 -0.04222252
v 0.01966549 0.02869499 -0.04243388
v 0.01883279 0.02913203 -0.04243388
v 0.01928009 0.02813664 -0.04297493
v 0.01461875 0.02799238 -0.04262349
v 0.01970750 0.02875586 -0.04222252
v 0.01970750 0.02875586 -0.04222252
v 0.02130891 0.02643582 -0.04222252
v 0.02142442 0.02548456 -0.04222252
v 0.02135046 0.02548456 -0.04243388
v 0.02130891 0.02643582 -0.04222252
v 0.02123710 0.02641812 -0.04243388
v 0.01410084 0.02724206 -0.04262349
v 0.01461875 0.02799238 -0.04262349
v 0.01473727 0.02788737 -0.04278183
v 0.01791970 0.02935708 -0.04243388
v 0.01883279 0.02913203 -0.04243388
v 0.01879054 0.02902063 -0.04262349
v 0.01424105 0.02716848 -0.04278183
v 0.01393129 0.02635172 -0.04278183
v 0.01401560 0.02548456 -0.04290097
v 0.01382600 0.02548456 -0.04278183
v 0.01790534 0.02923882 -0.04262349
v 0.01411539 0.02630634 -0.04290097
v 0.02090362 0.02729743 -0.04243388
v 0.02123710 0.02641812 -0.04243388
v 0.02112143 0.02638961 -0.04262349
v 0.01393129 0.02635172 -0.04278183
v 0.01424105 0.02716848 -0.04278183
v 0.01440893 0.02708036 -0.04290097
v 0.02079813 0.02724206 -0.04262349
v 0.01411539 0.02630634 -0.04290097
v 0.01699364 0.02923882 -0.04262349
v 0.01788625 0.02908163 -0.04278183
v 0.01701272 0.02908163 -0.04278183
v 0.01790534 0.02923882 -0.04262349
v 0.01447421 0.02812042 -0.04222252
v 0.01445545 0.02813705 -0.04200000
v 0.01517723 0.02877649 -0.04200000
v 0.01447421 0.02812042 -0.04222252
v 0.01519147 0.02875586 -0.04222252
v 0.01523349 0.02869499 -0.04243388
v 0.01519147 0.02875586 -0.04222252
v 0.02028023 0.02799238 -0.04262349
v 0.02065793 0.02716848 -0.04278183
v 0.02016171 0.02788737 -0.04278183
v 0.01452957 0.02807138 -0.04243388
v 0.02079813 0.02724206 -0.04262349
v 0.01399535 0.02729743 -0.04243388
v 0.01452957 0.02807138 -0.04243388
v 0.01461875 0.02799238 -0.04262349
v 0.01616458 0.02887258 -0.04278183
v 0.01701272 0.02908163 -0.04278183
v 0.01703558 0.02889340 -0.04290097
v 0.01623182 0.02869529 -0.04290097
v 0.01950786 0.02846663 -0.04278183
v 0.02016171 0.02788737 -0.04278183
v 0.02001979 0.02776164 -0.04290097
v 0.01410084 0.02724206 -0.04262349
v 0.01940016 0.02831059 -0.04290097
v 0.01866716 0.02869529 -0.04290097
v 0.01940016 0.02831059 -0.04290097
v 0.01928009 0.02813664 -0.04297493
v 0.01377755 0.02638961 -0.04262349
v 0.01382600 0.02548456 -0.04278183
v 0.01366766 0.02548456 -0.04262349
v 0.01393129 0.02635172 -0.04278183
v 0.01377755 0.02638961 -0.04262349
v 0.01410084 0.02724206 -0.04262349
v 0.01424105 0.02716848 -0.04278183
v 0.01393129 0.02635172 -0.04278183
v 0.01549882 0.02831059 -0.04290097
v 0.01630677 0.02849767 -0.04297493
v 0.01561889 0.02813664 -0.04297493
v 0.01623182 0.02869529 -0.04290097
v 0.01859221 0.02849767 -0.04297493
v 0.01392986 0.02733180 -0.04222252
v 0.01452957 0.02807138 -0.04243388
v 0.01399535 0.02729743 -0.04243388
v 0.01783792 0.02868358 -0.04297493
v 0.01851330 0.02828961 -0.04300000
v 0.01781110 0.02846268 -0.04300000
v 0.01392986 0.02733180 -0.04222252
v 0.01445545 0.02813705 -0.04200000
v 0.01447421 0.02812042 -0.04222252
v 0.01503740 0.02762148 -0.04297493
v 0.01574529 0.02795351 -0.04300000
v 0.01520396 0.02747392 -0.04300000
v 0.01390766 0.02734345 -0.04200000
v 0.01561889 0.02813664 -0.04297493
v 0.01447421 0.02812042 -0.04222252
v 0.01859221 0.02849767 -0.04297493
v 0.04722439 0.02531342 -0.03150000
v 0.04644954 0.02428862 -0.03150000
v 0.04689246 0.02475906 -0.03150000
v 0.04591615 0.02392394 -0.03150000
v 0.04531704 0.02368193 -0.03150000
v 0.04749949 0.02656839 -0.03150000
v 0.04742990 0.02592600 -0.03150000
v 0.04468002 0.02357382 -0.03150000
v 0.03431896 0.02294921 -0.03150000
v 0.04636996 0.04688005 -0.03150000
v 0.04720240 0.04583621 -0.03150000
v 0.04684498 0.04640503 -0.03150000
v 0.04742427 0.04520212 -0.03150000
v 0.04516705 0.04745934 -0.03150000
v 0.04580114 0.04723746 -0.03150000
v 0.02010198 0.02249051 -0.03150000
v 0.03149949 0.01353456 -0.03150000
v 0.03149949 0.01995464 -0.03150000
v 0.02074142 0.02321230 -0.03150000
v 0.03156907 0.02059702 -0.03150000
v 0.01930838 0.02194273 -0.03150000
v 0.02118955 0.02406614 -0.03150000
v 0.03177459 0.02120960 -0.03150000
v 0.04449949 0.04753456 -0.03150000
v 0.04749949 0.04453456 -0.03150000
v 0.01840675 0.02160079 -0.03150000
v 0.02142032 0.02500241 -0.03150000
v 0.03210651 0.02176397 -0.03150000
v 0.01744949 0.02148456 -0.03150000
v 0.04309964 0.04753456 -0.03150000
v 0.02142032 0.02596670 -0.03150000
v 0.03254944 0.02223440 -0.03150000
v 0.01649223 0.02160079 -0.03150000
v 0.04198704 0.04765992 -0.03150000
v 0.02118955 0.02690298 -0.03150000
v 0.03308283 0.02259908 -0.03150000
v 0.03368193 0.02284109 -0.03150000
v 0.02074142 0.02775682 -0.03150000
v 0.04093023 0.04802971 -0.03150000
v 0.03998220 0.04862540 -0.03150000
v 0.02671829 0.05096566 -0.03150000
v 0.03919049 0.04941711 -0.03150000
v 0.03859480 0.05036514 -0.03150000
v 0.02737372 0.05170549 -0.03150000
v 0.03822501 0.05142195 -0.03150000
v 0.02590485 0.05040419 -0.03150000
v 0.02010198 0.02847860 -0.03150000
v 0.02783306 0.05258068 -0.03150000
v 0.03809964 0.05253456 -0.03150000
v 0.02498068 0.05005370 -0.03150000
v 0.01930838 0.02902638 -0.03150000
v 0.02806960 0.05354036 -0.03150000
v 0.02399949 0.04993456 -0.03150000
v 0.01840675 0.02936832 -0.03150000
v 0.02806960 0.05452876 -0.03150000
v 0.03809964 0.05903456 -0.03150000
v 0.02301829 0.05005370 -0.03150000
v 0.01744949 0.02948456 -0.03150000
v 0.02783306 0.05548844 -0.03150000
v 0.02209412 0.05040419 -0.03150000
v 0.01649223 0.02936832 -0.03150000
v 0.02737372 0.05636362 -0.03150000
v 0.03784892 0.06125977 -0.03150000
v 0.03710933 0.06337339 -0.03150000
v 0.02128069 0.05096566 -0.03150000
v 0.01559060 0.02902638 -0.03150000
v 0.02671829 0.05710345 -0.03150000
v 0.03591796 0.06526945 -0.03150000
v 0.02062525 0.05170549 -0.03150000
v 0.03433454 0.06685287 -0.03150000
v 0.03243848 0.06804424 -0.03150000
v 0.02590485 0.05766493 -0.03150000
v 0.03032485 0.06878384 -0.03150000
v 0.02809964 0.06903455 -0.03150000
v 0.02498068 0.05801542 -0.03150000
v 0.02399949 0.05813456 -0.03150000
v 0.02301829 0.05801542 -0.03150000
v -0.03150051 0.01353456 -0.03150000
v 0.01559060 0.02194273 -0.03150000
v 0.01479700 0.02249051 -0.03150000
v -0.01898165 0.02667525 -0.03150000
v 0.01415755 0.02321230 -0.03150000
v 0.01370942 0.02406614 -0.03150000
v -0.01048242 0.03582741 -0.03150000
v 0.01370942 0.02690298 -0.03150000
v 0.01415755 0.02775682 -0.03150000
v 0.01347865 0.02596670 -0.03150000
v 0.01347865 0.02500241 -0.03150000
v -0.02905827 0.01929551 -0.03150000
v -0.03139402 0.01602570 -0.03150000
v -0.03150051 0.01499925 -0.03150000
v -0.03107907 0.01700843 -0.03150000
v -0.03056908 0.01790558 -0.03150000
v -0.02988578 0.01867892 -0.03150000
v -0.00386731 0.04642171 -0.03150000
v 0.02016592 0.05258068 -0.03150000
v 0.01479700 0.02847860 -0.03150000
v 0.01507032 0.06903455 -0.03150000
v 0.02209412 0.05766493 -0.03150000
v 0.02128069 0.05710345 -0.03150000
v 0.02062525 0.05636362 -0.03150000
v 0.01185055 0.06868492 -0.03150000
v 0.00062497 0.05807582 -0.03150000
v 0.01992938 0.05354036 -0.03150000
v 0.01992938 0.05452876 -0.03150000
v 0.00878088 0.06765231 -0.03150000
v 0.02016592 0.05548844 -0.03150000
v 0.00182914 0.06108233 -0.03150000
v 0.00600442 0.06598485 -0.03150000
v 0.00365059 0.06376029 -0.03150000
v 0.02399949 0.04993456 -0.03150000
v 0.02498068 0.05005370 -0.03150000
v 0.02399949 0.04993456 -0.03600000
v 0.02498068 0.05005370 -0.03600000
v 0.02498068 0.05005370 -0.03600000
v 0.02590485 0.05040419 -0.03150000
v 0.02590485 0.05040419 -0.03600000
v 0.02498068 0.05005370 -0.03150000
v 0.02590485 0.05040419 -0.03600000
v 0.02671829 0.05096566 -0.03150000
v 0.02671829 0.05096566 -0.03600000
v 0.02590485 0.05040419 -0.03150000
v 0.02671829 0.05096566 -0.03600000
v 0.02737372 0.05170549 -0.03150000
v 0.02737372 0.05170549 -0.03600000
v 0.02671829 0.05096566 -0.03150000
v 0.02737372 0.05170549 -0.03600000
v 0.02783306 0.05258068 -0.03150000
v 0.02783306 0.05258068 -0.03600000
v 0.02737372 0.05170549 -0.03150000
v 0.02783306 0.05258068 -0.03600000
v 0.02806960 0.05354036 -0.03150000
v 0.02806960 0.05354036 -0.03600000
v 0.02783306 0.05258068 -0.03150000
v 0.02806960 0.05354036 -0.03600000
v 0.02806960 0.05452876 -0.03150000
v 0.02806960 0.05452876 -0.03600000
v 0.02806960 0.05354036 -0.03150000
v 0.02806960 0.05452876 -0.03600000
v 0.02783306 0.05548844 -0.03150000
v 0.02783306 0.05548844 -0.03600000
v 0.02806960 0.05452876 -0.03150000
v 0.02783306 0.05548844 -0.03600000
v 0.02737372 0.05636362 -0.03150000
v 0.02737372 0.05636362 -0.03600000
v 0.02783306 0.05548844 -0.03150000
v 0.02737372 0.05636362 -0.03600000
v 0.02671829 0.05710345 -0.03150000
v 0.02671829 0.05710345 -0.03600000
v 0.02737372 0.05636362 -0.03150000
v 0.02671829 0.05710345 -0.03600000
v 0.02590485 0.05766493 -0.03150000
v 0.02590485 0.05766493 -0.03600000
v 0.02671829 0.05710345 -0.03150000
v 0.02590485 0.05766493 -0.03600000
v 0.02498068 0.05801542 -0.03150000
v 0.02498068 0.05801542 -0.03600000
v 0.02590485 0.05766493 -0.03150000
v 0.02498068 0.05801542 -0.03600000
v 0.02399949 0.05813456 -0.03150000
v 0.02399949 0.05813456 -0.03600000
v 0.02498068 0.05801542 -0.03150000
v 0.01744949 0.02148456 -0.03150000
v 0.01840675 0.02160079 -0.03150000
v 0.01744949 0.02148456 -0.03600000
v 0.01840675 0.02160079 -0.03600000
v 0.01840675 0.02160079 -0.03600000
v 0.01930838 0.02194273 -0.03150000
v 0.01930838 0.02194273 -0.03600000
v 0.01840675 0.02160079 -0.03150000
v 0.01930838 0.02194273 -0.03600000
v 0.02010198 0.02249051 -0.03150000
v 0.02010198 0.02249051 -0.03600000
v 0.01930838 0.02194273 -0.03150000
v 0.02010198 0.02249051 -0.03600000
v 0.02074142 0.02321230 -0.03150000
v 0.02074142 0.02321230 -0.03600000
v 0.02010198 0.02249051 -0.03150000
v 0.02074142 0.02321230 -0.03600000
v 0.02118955 0.02406614 -0.03150000
v 0.02118955 0.02406614 -0.03600000
v 0.02074142 0.02321230 -0.03150000
v 0.02118955 0.02406614 -0.03600000
v 0.02142032 0.02500241 -0.03150000
v 0.02142032 0.02500241 -0.03600000
v 0.02118955 0.02406614 -0.03150000
v 0.02142032 0.02500241 -0.03600000
v 0.02142032 0.02596670 -0.03150000
v 0.02142032 0.02596670 -0.03600000
v 0.02142032 0.02500241 -0.03150000
v 0.02142032 0.02596670 -0.03600000
v 0.02118955 0.02690298 -0.03150000
v 0.02118955 0.02690298 -0.03600000
v 0.02142032 0.02596670 -0.03150000
v 0.02118955 0.02690298 -0.03600000
v 0.02074142 0.02775682 -0.03150000
v 0.02074142 0.02775682 -0.03600000
v 0.02118955 0.02690298 -0.03150000
v 0.02074142 0.02775682 -0.03600000
v 0.02010198 0.02847860 -0.03150000
v 0.02010198 0.02847860 -0.03600000
v 0.02074142 0.02775682 -0.03150000
v 0.02010198 0.02847860 -0.03600000
v 0.01930838 0.02902638 -0.03150000
v 0.01930838 0.02902638 -0.03600000
v 0.02010198 0.02847860 -0.03150000
v 0.01930838 0.02902638 -0.03600000
v 0.01840675 0.02936832 -0.03150000
v 0.01840675 0.02936832 -0.03600000
v 0.01930838 0.02902638 -0.03150000
v 0.01840675 0.02936832 -0.03600000
v 0.01744949 0.02948456 -0.03150000
v 0.01744949 0.02948456 -0.03600000
v 0.01840675 0.02936832 -0.03150000
v 0.03149949 0.01353456 0.03600000
v 0.03149949 0.01142061 0.03576182
v 0.03149949 0.01242195 0.03137464
v 0.03149949 0.01353456 0.03150000
v 0.03149949 0.01995464 0.03150000
v 0.03149949 0.01995464 0.03600000
v 0.03149949 0.00962540 -0.02961745
v 0.03149949 0.00497535 -0.03062189
v 0.03149949 0.00610716 -0.03242315
v 0.03149949 0.00761140 -0.03392740
v 0.03149949 0.01041711 -0.03040915
v 0.03149949 0.00941266 -0.03505920
v 0.03149949 0.00902971 -0.02866942
v 0.03149949 0.00427274 -0.02861395
v 0.03149949 0.01136514 -0.03100484
v 0.03149949 0.01142061 -0.03576181
v 0.03149949 0.00865992 -0.02761260
v 0.03149949 0.00403456 -0.02650000
v 0.03149949 0.01242195 -0.03137464
v 0.03149949 0.01353456 -0.03150000
v 0.03149949 0.01353456 -0.03600000
v 0.03149949 0.00853456 -0.02650000
v 0.03149949 0.01995464 -0.03600000
v 0.03149949 0.01995464 -0.03150000
v 0.03149949 0.00853456 0.02650000
v 0.03149949 0.00427274 0.02861395
v 0.03149949 0.00403456 0.02650000
v 0.03149949 0.00865992 0.02761261
v 0.03149949 0.00902971 0.02866942
v 0.03149949 0.00497535 0.03062190
v 0.03149949 0.00962540 0.02961745
v 0.03149949 0.00610716 0.03242316
v 0.03149949 0.01041711 0.03040916
v 0.03149949 0.00761140 0.03392740
v 0.03149949 0.01136514 0.03100485
v 0.03149949 0.00941266 0.03505921
v 0.03149949 0.01995464 -0.03150000
v 0.03149949 0.01995464 -0.03600000
v 0.03156907 0.02059702 -0.03150000
v 0.03156907 0.02059702 -0.03150000
v 0.03156907 0.02059702 -0.03600000
v 0.03177459 0.02120960 -0.03150000
v 0.03156907 0.02059702 -0.03600000
v 0.03177459 0.02120960 -0.03150000
v 0.03177459 0.02120960 -0.03600000
v 0.03210651 0.02176397 -0.03150000
v 0.03177459 0.02120960 -0.03600000
v 0.03210651 0.02176397 -0.03150000
v 0.03210651 0.02176397 -0.03600000
v 0.03254944 0.02223440 -0.03150000
v 0.03210651 0.02176397 -0.03600000
v 0.03254944 0.02223440 -0.03150000
v 0.03254944 0.02223440 -0.03600000
v 0.03308283 0.02259908 -0.03150000
v 0.03254944 0.02223440 -0.03600000
v 0.03308283 0.02259908 -0.03150000
v 0.03308283 0.02259908 -0.03600000
v 0.03368193 0.02284109 -0.03150000
v 0.03308283 0.02259908 -0.03600000
v 0.03368193 0.02284109 -0.03150000
v 0.03368193 0.02284109 -0.03600000
v 0.03431896 0.02294921 -0.03150000
v 0.03368193 0.02284109 -0.03600000
v 0.03431896 0.02294921 -0.03600000
v 0.04468002 0.02357382 -0.03600000
v 0.03431896 0.02294921 -0.03150000
v 0.03431896 0.02294921 -0.03600000
v 0.04468002 0.02357382 -0.03150000
v 0.04749949 0.02656839 -0.03600000
v 0.04749949 0.02656839 -0.03150000
v 0.04742990 0.02592600 -0.03150000
v 0.04742990 0.02592600 -0.03600000
v 0.04742990 0.02592600 -0.03150000
v 0.04722439 0.02531342 -0.03150000
v 0.04742990 0.02592600 -0.03600000
v 0.04722439 0.02531342 -0.03600000
v 0.04722439 0.02531342 -0.03150000
v 0.04689246 0.02475906 -0.03150000
v 0.04722439 0.02531342 -0.03600000
v 0.04689246 0.02475906 -0.03600000
v 0.04689246 0.02475906 -0.03150000
v 0.04644954 0.02428862 -0.03150000
v 0.04689246 0.02475906 -0.03600000
v 0.04644954 0.02428862 -0.03600000
v 0.04644954 0.02428862 -0.03150000
v 0.04591615 0.02392394 -0.03150000
v 0.04644954 0.02428862 -0.03600000
v 0.04591615 0.02392394 -0.03600000
v 0.04591615 0.02392394 -0.03150000
v 0.04531704 0.02368193 -0.03150000
v 0.04591615 0.02392394 -0.03600000
v 0.04531704 0.02368193 -0.03600000
v 0.04468002 0.02357382 -0.03600000
v 0.04531704 0.02368193 -0.03150000
v 0.04468002 0.02357382 -0.03150000
v 0.04531704 0.02368193 -0.03600000
v 0.04749949 0.04453456 -0.03600000
v 0.04749949 0.02656839 -0.03150000
v 0.04749949 0.02656839 -0.03600000
v 0.04749949 0.04453456 -0.03150000
v 0.04516705 0.04745934 -0.03600000
v 0.04449949 0.04753456 -0.03600000
v 0.04449949 0.04753456 -0.03150000
v 0.04516705 0.04745934 -0.03150000
v 0.04580114 0.04723746 -0.03600000
v 0.04516705 0.04745934 -0.03150000
v 0.04580114 0.04723746 -0.03150000
v 0.04516705 0.04745934 -0.03600000
v 0.04636996 0.04688005 -0.03600000
v 0.04580114 0.04723746 -0.03150000
v 0.04636996 0.04688005 -0.03150000
v 0.04580114 0.04723746 -0.03600000
v 0.04684498 0.04640503 -0.03600000
v 0.04636996 0.04688005 -0.03150000
v 0.04684498 0.04640503 -0.03150000
v 0.04636996 0.04688005 -0.03600000
v 0.04720240 0.04583621 -0.03600000
v 0.04684498 0.04640503 -0.03150000
v 0.04720240 0.04583621 -0.03150000
v 0.04684498 0.04640503 -0.03600000
v 0.04742427 0.04520212 -0.03600000
v 0.04720240 0.04583621 -0.03150000
v 0.04742427 0.04520212 -0.03150000
v 0.04720240 0.04583621 -0.03600000
v 0.04749949 0.04453456 -0.03600000
v 0.04742427 0.04520212 -0.03150000
v 0.04749949 0.04453456 -0.03150000
v 0.04742427 0.04520212 -0.03600000
v 0.04309964 0.04753456 -0.03150000
v 0.04309964 0.04753456 -0.03600000
v 0.04198704 0.04765992 -0.03150000
v 0.04198704 0.04765992 -0.03150000
v 0.04198704 0.04765992 -0.03600000
v 0.04093023 0.04802971 -0.03150000
v 0.04198704 0.04765992 -0.03600000
v 0.04093023 0.04802971 -0.03150000
v 0.04093023 0.04802971 -0.03600000
v 0.03998220 0.04862540 -0.03150000
v 0.04093023 0.04802971 -0.03600000
v 0.03998220 0.04862540 -0.03150000
v 0.03998220 0.04862540 -0.03600000
v 0.03919049 0.04941711 -0.03150000
v 0.03998220 0.04862540 -0.03600000
v 0.03919049 0.04941711 -0.03150000
v 0.03919049 0.04941711 -0.03600000
v 0.03859480 0.05036514 -0.03150000
v 0.03919049 0.04941711 -0.03600000
v 0.03859480 0.05036514 -0.03150000
v 0.03859480 0.05036514 -0.03600000
v 0.03822501 0.05142195 -0.03150000
v 0.03859480 0.05036514 -0.03600000
v 0.03822501 0.05142195 -0.03150000
v 0.03822501 0.05142195 -0.03600000
v 0.03809964 0.05253456 -0.03150000
v 0.03822501 0.05142195 -0.03600000
v 0.03809964 0.05253456 -0.03600000
v 0.03809964 0.05903456 -0.03600000
v 0.03809964 0.05253456 -0.03150000
v 0.03809964 0.05253456 -0.03600000
v 0.03809964 0.05903456 -0.03150000
v 0.03032485 0.06878384 -0.03600000
v 0.02809964 0.06903455 -0.03600000
v 0.02809964 0.06903455 -0.03150000
v 0.03032485 0.06878384 -0.03150000
v 0.03243848 0.06804424 -0.03600000
v 0.03032485 0.06878384 -0.03150000
v 0.03243848 0.06804424 -0.03150000
v 0.03032485 0.06878384 -0.03600000
v 0.03433454 0.06685287 -0.03600000
v 0.03243848 0.06804424 -0.03150000
v 0.03433454 0.06685287 -0.03150000
v 0.03243848 0.06804424 -0.03600000
v 0.03591796 0.06526945 -0.03600000
v 0.03433454 0.06685287 -0.03150000
v 0.03591796 0.06526945 -0.03150000
v 0.03433454 0.06685287 -0.03600000
v 0.03710933 0.06337339 -0.03600000
v 0.03591796 0.06526945 -0.03150000
v 0.03710933 0.06337339 -0.03150000
v 0.03591796 0.06526945 -0.03600000
v 0.03784892 0.06125977 -0.03600000
v 0.03710933 0.06337339 -0.03150000
v 0.03784892 0.06125977 -0.03150000
v 0.03710933 0.06337339 -0.03600000
v 0.03809964 0.05903456 -0.03600000
v 0.03784892 0.06125977 -0.03150000
v 0.03809964 0.05903456 -0.03150000
v 0.03784892 0.06125977 -0.03600000
v 0.01507032 0.06903455 -0.03600000
v 0.02809964 0.06903455 -0.03150000
v 0.02809964 0.06903455 -0.03600000
v 0.01507032 0.06903455 -0.03150000
v 0.00182914 0.06108233 -0.03600000
v 0.00062497 0.05807582 -0.03600000
v 0.00062497 0.05807582 -0.03150000
v 0.00182914 0.06108233 -0.03150000
v 0.00365059 0.06376029 -0.03600000
v 0.00182914 0.06108233 -0.03150000
v 0.00365059 0.06376029 -0.03150000
v 0.00182914 0.06108233 -0.03600000
v 0.00600442 0.06598485 -0.03600000
v 0.00365059 0.06376029 -0.03150000
v 0.00600442 0.06598485 -0.03150000
v 0.00365059 0.06376029 -0.03600000
v 0.00878088 0.06765231 -0.03600000
v 0.00600442 0.06598485 -0.03150000
v 0.00878088 0.06765231 -0.03150000
v 0.00600442 0.06598485 -0.03600000
v 0.01185055 0.06868492 -0.03600000
v 0.00878088 0.06765231 -0.03150000
v 0.01185055 0.06868492 -0.03150000
v 0.00878088 0.06765231 -0.03600000
v 0.01507032 0.06903455 -0.03600000
v 0.01185055 0.06868492 -0.03150000
v 0.01507032 0.06903455 -0.03150000
v 0.01185055 0.06868492 -0.03600000
v 0.00062497 0.05807582 -0.03150000
v 0.00062497 0.05807582 -0.03600000
v -0.00386731 0.04642171 -0.03150000
v -0.00386731 0.04642171 -0.03150000
v -0.00386731 0.04642171 -0.03600000
v -0.01048242 0.03582741 -0.03150000
v -0.00386731 0.04642171 -0.03600000
v -0.01048242 0.03582741 -0.03150000
v -0.01048242 0.03582741 -0.03600000
v -0.01898165 0.02667525 -0.03150000
v -0.01048242 0.03582741 -0.03600000
v -0.01898165 0.02667525 -0.03600000
v -0.01898165 0.02667525 -0.03150000
v -0.02905827 0.01929551 -0.03600000
v -0.02905827 0.01929551 -0.03150000
v -0.01898165 0.02667525 -0.03600000
v -0.03139402 0.01602570 -0.03600000
v -0.03150051 0.01499925 -0.03600000
v -0.03150051 0.01499925 -0.03150000
v -0.03139402 0.01602570 -0.03150000
v -0.03107907 0.01700843 -0.03600000
v -0.03139402 0.01602570 -0.03150000
v -0.03107907 0.01700843 -0.03150000
v -0.03139402 0.01602570 -0.03600000
v -0.03056908 0.01790558 -0.03600000
v -0.03107907 0.01700843 -0.03150000
v -0.03056908 0.01790558 -0.03150000
v -0.03107907 0.01700843 -0.03600000
v -0.02988578 0.01867892 -0.03600000
v -0.03056908 0.01790558 -0.03150000
v -0.02988578 0.01867892 -0.03150000
v -0.03056908 0.01790558 -0.03600000
v -0.02905827 0.01929551 -0.03600000
v -0.02988578 0.01867892 -0.03150000
v -0.02905827 0.01929551 -0.03150000
v -0.02988578 0.01867892 -0.03600000
v -0.03150051 0.01353456 -0.03150000
v -0.03150051 0.01242195 -0.03137464
v 0.03149949 0.01353456 -0.03150000
v 0.03149949 0.01242195 -0.03137464
v 0.03149949 0.01242195 -0.03137464
v -0.03150051 0.01136514 -0.03100484
v 0.03149949 0.01136514 -0.03100484
v -0.03150051 0.01242195 -0.03137464
v 0.03149949 0.01136514 -0.03100484
v -0.03150051 0.01041711 -0.03040915
v 0.03149949 0.01041711 -0.03040915
v -0.03150051 0.01136514 -0.03100484
v 0.03149949 0.01041711 -0.03040915
v -0.03150051 0.00962540 -0.02961745
v 0.03149949 0.00962540 -0.02961745
v -0.03150051 0.01041711 -0.03040915
v 0.03149949 0.00962540 -0.02961745
v -0.03150051 0.00902971 -0.02866942
v 0.03149949 0.00902971 -0.02866942
v -0.03150051 0.00962540 -0.02961745
v 0.03149949 0.00865992 -0.02761260
v 0.00517153 0.00853456 -0.02650000
v 0.03149949 0.00853456 -0.02650000
v 0.03149949 0.00902971 -0.02866942
v -0.03150051 0.00865992 -0.02761260
v 0.03149949 0.00865992 -0.02761260
v -0.03150051 0.00902971 -0.02866942
v -0.03150051 0.00865992 -0.02761260
v -0.00517255 0.00853456 -0.02650000
v -0.03150051 0.00853456 -0.02650000
v -0.03107907 0.01700843 -0.03600000
v -0.03150051 0.01499925 -0.03600000
v -0.03139402 0.01602570 -0.03600000
v -0.03056908 0.01790558 -0.03600000
v -0.02988578 0.01867892 -0.03600000
v -0.02905827 0.01929551 -0.03600000
v -0.03150051 0.01353456 -0.03600000
v -0.01898165 0.02667525 -0.03600000
v 0.01479700 0.02249051 -0.03600000
v 0.01415755 0.02321230 -0.03600000
v 0.01559060 0.02194273 -0.03600000
v 0.01370942 0.02406614 -0.03600000
v -0.01048242 0.03582741 -0.03600000
v 0.01649223 0.02160079 -0.03600000
v 0.01347865 0.02500241 -0.03600000
v 0.01347865 0.02596670 -0.03600000
v 0.01370942 0.02690298 -0.03600000
v 0.01415755 0.02775682 -0.03600000
v -0.00386731 0.04642171 -0.03600000
v 0.01479700 0.02847860 -0.03600000
v 0.01559060 0.02902638 -0.03600000
v 0.03149949 0.01353456 -0.03600000
v 0.01744949 0.02148456 -0.03600000
v 0.01930838 0.02194273 -0.03600000
v 0.02010198 0.02249051 -0.03600000
v 0.01840675 0.02160079 -0.03600000
v 0.03149949 0.01995464 -0.03600000
v 0.02074142 0.02321230 -0.03600000
v 0.03156907 0.02059702 -0.03600000
v 0.02118955 0.02406614 -0.03600000
v 0.03177459 0.02120960 -0.03600000
v 0.02142032 0.02500241 -0.03600000
v 0.03210651 0.02176397 -0.03600000
v 0.02142032 0.02596670 -0.03600000
v 0.03254944 0.02223440 -0.03600000
v 0.02118955 0.02690298 -0.03600000
v 0.03308283 0.02259908 -0.03600000
v 0.03368193 0.02284109 -0.03600000
v 0.02074142 0.02775682 -0.03600000
v 0.03431896 0.02294921 -0.03600000
v 0.02128069 0.05096566 -0.03600000
v 0.01649223 0.02936832 -0.03600000
v 0.02062525 0.05170549 -0.03600000
v 0.02209412 0.05040419 -0.03600000
v 0.01744949 0.02948456 -0.03600000
v 0.02016592 0.05258068 -0.03600000
v 0.00062497 0.05807582 -0.03600000
v 0.02301829 0.05005370 -0.03600000
v 0.01840675 0.02936832 -0.03600000
v 0.01992938 0.05354036 -0.03600000
v 0.02399949 0.04993456 -0.03600000
v 0.01930838 0.02902638 -0.03600000
v 0.04749949 0.02656839 -0.03600000
v 0.04468002 0.02357382 -0.03600000
v 0.04531704 0.02368193 -0.03600000
v 0.04591615 0.02392394 -0.03600000
v 0.04644954 0.02428862 -0.03600000
v 0.04689246 0.02475906 -0.03600000
v 0.04722439 0.02531342 -0.03600000
v 0.04742990 0.02592600 -0.03600000
v 0.01992938 0.05452876 -0.03600000
v 0.00182914 0.06108233 -0.03600000
v 0.00365059 0.06376029 -0.03600000
v 0.02498068 0.05005370 -0.03600000
v 0.02010198 0.02847860 -0.03600000
v 0.02016592 0.05548844 -0.03600000
v 0.00600442 0.06598485 -0.03600000
v 0.02590485 0.05040419 -0.03600000
v 0.00878088 0.06765231 -0.03600000
v 0.02062525 0.05636362 -0.03600000
v 0.01185055 0.06868492 -0.03600000
v 0.01507032 0.06903455 -0.03600000
v 0.02128069 0.05710345 -0.03600000
v 0.02209412 0.05766493 -0.03600000
v 0.02301829 0.05801542 -0.03600000
v 0.03998220 0.04862540 -0.03600000
v 0.03919049 0.04941711 -0.03600000
v 0.02671829 0.05096566 -0.03600000
v 0.04093023 0.04802971 -0.03600000
v 0.03859480 0.05036514 -0.03600000
v 0.02737372 0.05170549 -0.03600000
v 0.04198704 0.04765992 -0.03600000
v 0.03822501 0.05142195 -0.03600000
v 0.02783306 0.05258068 -0.03600000
v 0.03809964 0.05253456 -0.03600000
v 0.02806960 0.05354036 -0.03600000
v 0.02806960 0.05452876 -0.03600000
v 0.04749949 0.04453456 -0.03600000
v 0.04309964 0.04753456 -0.03600000
v 0.04449949 0.04753456 -0.03600000
v 0.04742427 0.04520212 -0.03600000
v 0.04580114 0.04723746 -0.03600000
v 0.04516705 0.04745934 -0.03600000
v 0.04684498 0.04640503 -0.03600000
v 0.04720240 0.04583621 -0.03600000
v 0.04636996 0.04688005 -0.03600000
v 0.02809964 0.06903455 -0.03600000
v 0.02399949 0.05813456 -0.03600000
v 0.02498068 0.05801542 -0.03600000
v 0.02590485 0.05766493 -0.03600000
v 0.03809964 0.05903456 -0.03600000
v 0.02783306 0.05548844 -0.03600000
v 0.02737372 0.05636362 -0.03600000
v 0.03784892 0.06125977 -0.03600000
v 0.03032485 0.06878384 -0.03600000
v 0.03710933 0.06337339 -0.03600000
v 0.02671829 0.05710345 -0.03600000
v 0.03243848 0.06804424 -0.03600000
v 0.03433454 0.06685287 -0.03600000
v 0.03591796 0.06526945 -0.03600000
v 0.03149949 0.00403456 0.02650000
v 0.00517153 0.00403456 0.02650000
v 0.01106872 0.00403456 0.02462666
v 0.01638457 0.00403456 0.02145994
v 0.02083990 0.00403456 0.01716617
v 0.02420070 0.00403456 0.01197086
v 0.02629048 0.00403456 0.00614684
v 0.03149949 0.00403456 -0.02650000
v 0.02629048 0.00403456 -0.00614684
v 0.02420070 0.00403456 -0.01197085
v 0.02083990 0.00403456 -0.01716617
v 0.01638457 0.00403456 -0.02145994
v 0.01106872 0.00403456 -0.02462665
v 0.00517153 0.00403456 -0.02650000
v 0.02699949 0.00403456 0.00000000
v 0.03998220 0.04862540 0.03600000
v 0.03431896 0.02294921 0.03600000
v 0.04093023 0.04802971 0.03600000
v 0.03368193 0.02284109 0.03600000
v 0.01185055 0.06868492 0.03600000
v 0.02093059 0.05675336 0.03600000
v 0.01507032 0.06903455 0.03600000
v 0.00062497 0.05807582 0.03600000
v -0.00386731 0.04642171 0.03600000
v 0.02001863 0.05305336 0.03600000
v 0.01989949 0.05403456 0.03600000
v 0.02001863 0.05501575 0.03600000
v 0.00878088 0.06765231 0.03600000
v 0.02036912 0.05593992 0.03600000
v 0.02632855 0.05740879 0.03600000
v 0.02706838 0.05675336 0.03600000
v 0.03591796 0.06526945 0.03600000
v 0.04722439 0.02531342 0.03600000
v 0.04644954 0.02428862 0.03600000
v 0.04689246 0.02475906 0.03600000
v 0.00182914 0.06108233 0.03600000
v 0.04591615 0.02392394 0.03600000
v 0.00600442 0.06598485 0.03600000
v 0.04531704 0.02368193 0.03600000
v 0.00365059 0.06376029 0.03600000
v 0.03433454 0.06685287 0.03600000
v 0.04749949 0.02656839 0.03600000
v 0.04742990 0.02592600 0.03600000
v 0.04468002 0.02357382 0.03600000
v 0.02706838 0.05131575 0.03600000
v 0.03919049 0.04941711 0.03600000
v 0.03859480 0.05036514 0.03600000
v 0.03243848 0.06804424 0.03600000
v 0.03032485 0.06878384 0.03600000
v 0.02545337 0.05786812 0.03600000
v 0.02632855 0.05066032 0.03600000
v 0.02762986 0.05212919 0.03600000
v 0.03822501 0.05142195 0.03600000
v 0.02809964 0.06903455 0.03600000
v 0.02449369 0.05810466 0.03600000
v 0.02350529 0.05810466 0.03600000
v 0.02545337 0.05020099 0.03600000
v 0.02798035 0.05305336 0.03600000
v 0.03809964 0.05253456 0.03600000
v 0.02449369 0.04996445 0.03600000
v 0.03308283 0.02259908 0.03600000
v 0.03254944 0.02223440 0.03600000
v 0.04636996 0.04688005 0.03600000
v 0.04720240 0.04583621 0.03600000
v 0.04684498 0.04640503 0.03600000
v 0.04742427 0.04520212 0.03600000
v -0.01898165 0.02667525 0.03600000
v -0.03150051 0.01353456 0.03600000
v 0.03149949 0.01353456 0.03600000
v 0.02809949 0.05403456 0.03600000
v -0.01048242 0.03582741 0.03600000
v 0.02350529 0.04996445 0.03600000
v 0.03210651 0.02176397 0.03600000
v 0.03156907 0.02059702 0.03600000
v 0.03177459 0.02120960 0.03600000
v 0.03149949 0.01995464 0.03600000
v 0.04516705 0.04745934 0.03600000
v 0.04580114 0.04723746 0.03600000
v 0.02798035 0.05501575 0.03600000
v 0.03809964 0.05903456 0.03600000
v 0.04449949 0.04753456 0.03600000
v -0.02905827 0.01929551 0.03600000
v 0.02254561 0.05020099 0.03600000
v 0.04749949 0.04453456 0.03600000
v -0.03139402 0.01602570 0.03600000
v -0.03150051 0.01499925 0.03600000
v -0.03107907 0.01700843 0.03600000
v 0.04309964 0.04753456 0.03600000
v -0.03056908 0.01790558 0.03600000
v -0.02988578 0.01867892 0.03600000
v 0.02762986 0.05593992 0.03600000
v 0.03784892 0.06125977 0.03600000
v 0.04198704 0.04765992 0.03600000
v 0.02036912 0.05212919 0.03600000
v 0.02093059 0.05131575 0.03600000
v 0.02167042 0.05066032 0.03600000
v 0.02254561 0.05786812 0.03600000
v 0.02167042 0.05740879 0.03600000
v 0.03710933 0.06337339 0.03600000
v 0.03149949 0.01995464 0.03600000
v 0.03149949 0.01995464 0.03150000
v 0.03156907 0.02059702 0.03600000
v 0.03156907 0.02059702 0.03600000
v 0.03156907 0.02059702 0.03150000
v 0.03177459 0.02120960 0.03600000
v 0.03156907 0.02059702 0.03150000
v 0.03177459 0.02120960 0.03600000
v 0.03177459 0.02120960 0.03150000
v 0.03210651 0.02176397 0.03600000
v 0.03177459 0.02120960 0.03150000
v 0.03210651 0.02176397 0.03600000
v 0.03210651 0.02176397 0.03150000
v 0.03254944 0.02223440 0.03600000
v 0.03210651 0.02176397 0.03150000
v 0.03254944 0.02223440 0.03600000
v 0.03254944 0.02223440 0.03150000
v 0.03308283 0.02259908 0.03600000
v 0.03254944 0.02223440 0.03150000
v 0.03308283 0.02259908 0.03600000
v 0.03308283 0.02259908 0.03150000
v 0.03368193 0.02284109 0.03600000
v 0.03308283 0.02259908 0.03150000
v 0.03368193 0.02284109 0.03600000
v 0.03368193 0.02284109 0.03150000
v 0.03431896 0.02294921 0.03600000
v 0.03368193 0.02284109 0.03150000
v 0.03431896 0.02294921 0.03150000
v -0.03107907 0.01700843 0.03150000
v -0.03150051 0.01499925 0.03150000
v -0.03139402 0.01602570 0.03150000
v -0.03056908 0.01790558 0.03150000
v -0.02988578 0.01867892 0.03150000
v -0.02905827 0.01929551 0.03150000
v -0.03150051 0.01353456 0.03150000
v -0.01898165 0.02667525 0.03150000
v 0.01445545 0.02283207 0.03150000
v 0.01517723 0.02219262 0.03150000
v 0.01390766 0.02362566 0.03150000
v 0.01603107 0.02174449 0.03150000
v 0.01356572 0.02452729 0.03150000
v -0.01048242 0.03582741 0.03150000
v 0.01344949 0.02548456 0.03150000
v 0.01356572 0.02644182 0.03150000
v 0.01390766 0.02734345 0.03150000
v -0.00386731 0.04642171 0.03150000
v 0.01445545 0.02813705 0.03150000
v 0.01517723 0.02877649 0.03150000
v 0.03149949 0.01353456 0.03150000
v 0.01886791 0.02174449 0.03150000
v 0.01972175 0.02219262 0.03150000
v 0.01793163 0.02151372 0.03150000
v 0.01696734 0.02151372 0.03150000
v 0.01603107 0.02922462 0.03150000
v 0.03149949 0.01995464 0.03150000
v 0.02044353 0.02283207 0.03150000
v 0.02099131 0.02362566 0.03150000
v 0.03156907 0.02059702 0.03150000
v 0.02133326 0.02452729 0.03150000
v 0.03177459 0.02120960 0.03150000
v 0.02144949 0.02548456 0.03150000
v 0.03210651 0.02176397 0.03150000
v 0.03254944 0.02223440 0.03150000
v 0.02133326 0.02644182 0.03150000
v 0.03308283 0.02259908 0.03150000
v 0.02099131 0.02734345 0.03150000
v 0.03368193 0.02284109 0.03150000
v 0.02044353 0.02813705 0.03150000
v 0.03431896 0.02294921 0.03150000
v 0.02093059 0.05131575 0.03150000
v 0.02167042 0.05066032 0.03150000
v 0.01696734 0.02945539 0.03150000
v 0.02036912 0.05212919 0.03150000
v 0.02254561 0.05020099 0.03150000
v 0.01793163 0.02945539 0.03150000
v 0.02001863 0.05305336 0.03150000
v 0.00062497 0.05807582 0.03150000
v 0.02350529 0.04996445 0.03150000
v 0.01886791 0.02922462 0.03150000
v 0.01989949 0.05403456 0.03150000
v 0.04749949 0.02656839 0.03150000
v 0.04468002 0.02357382 0.03150000
v 0.04531704 0.02368193 0.03150000
v 0.04591615 0.02392394 0.03150000
v 0.04644954 0.02428862 0.03150000
v 0.04689246 0.02475906 0.03150000
v 0.04722439 0.02531342 0.03150000
v 0.04742990 0.02592600 0.03150000
v 0.02449369 0.04996445 0.03150000
v 0.01972175 0.02877649 0.03150000
v 0.02001863 0.05501575 0.03150000
v 0.00365059 0.06376029 0.03150000
v 0.00600442 0.06598485 0.03150000
v 0.00182914 0.06108233 0.03150000
v 0.02545337 0.05020099 0.03150000
v 0.02036912 0.05593992 0.03150000
v 0.00878088 0.06765231 0.03150000
v 0.01185055 0.06868492 0.03150000
v 0.02093059 0.05675336 0.03150000
v 0.01507032 0.06903455 0.03150000
v 0.02167042 0.05740879 0.03150000
v 0.02254561 0.05786812 0.03150000
v 0.02350529 0.05810466 0.03150000
v 0.03998220 0.04862540 0.03150000
v 0.02632855 0.05066032 0.03150000
v 0.03919049 0.04941711 0.03150000
v 0.02706838 0.05131575 0.03150000
v 0.04093023 0.04802971 0.03150000
v 0.03859480 0.05036514 0.03150000
v 0.02762986 0.05212919 0.03150000
v 0.04198704 0.04765992 0.03150000
v 0.03822501 0.05142195 0.03150000
v 0.02798035 0.05305336 0.03150000
v 0.03809964 0.05253456 0.03150000
v 0.02809949 0.05403456 0.03150000
v 0.02798035 0.05501575 0.03150000
v 0.04749949 0.04453456 0.03150000
v 0.04309964 0.04753456 0.03150000
v 0.04449949 0.04753456 0.03150000
v 0.04742427 0.04520212 0.03150000
v 0.04580114 0.04723746 0.03150000
v 0.04516705 0.04745934 0.03150000
v 0.04684498 0.04640503 0.03150000
v 0.04720240 0.04583621 0.03150000
v 0.04636996 0.04688005 0.03150000
v 0.02809964 0.06903455 0.03150000
v 0.02449369 0.05810466 0.03150000
v 0.02545337 0.05786812 0.03150000
v 0.03809964 0.05903456 0.03150000
v 0.02762986 0.05593992 0.03150000
v 0.03784892 0.06125977 0.03150000
v 0.02706838 0.05675336 0.03150000
v 0.03032485 0.06878384 0.03150000
v 0.02632855 0.05740879 0.03150000
v 0.03710933 0.06337339 0.03150000
v 0.03243848 0.06804424 0.03150000
v 0.03591796 0.06526945 0.03150000
v 0.03433454 0.06685287 0.03150000
v 0.00517153 0.00853456 0.02650000
v 0.03149949 0.00865992 0.02761261
v 0.03149949 0.00853456 0.02650000
v -0.03150051 0.00853456 0.02650000
v -0.03150051 0.00865992 0.02761261
v -0.00517255 0.00853456 0.02650000
v 0.03149949 0.00865992 0.02761261
v -0.03150051 0.00902971 0.02866942
v 0.03149949 0.00902971 0.02866942
v -0.03150051 0.00865992 0.02761261
v 0.03149949 0.00902971 0.02866942
v -0.03150051 0.00962540 0.02961745
v 0.03149949 0.00962540 0.02961745
v -0.03150051 0.00902971 0.02866942
v 0.03149949 0.00962540 0.02961745
v -0.03150051 0.01041711 0.03040916
v 0.03149949 0.01041711 0.03040916
v -0.03150051 0.00962540 0.02961745
v 0.03149949 0.01041711 0.03040916
v -0.03150051 0.01136514 0.03100485
v 0.03149949 0.01136514 0.03100485
v -0.03150051 0.01041711 0.03040916
v 0.03149949 0.01136514 0.03100485
v -0.03150051 0.01242195 0.03137464
v 0.03149949 0.01242195 0.03137464
v -0.03150051 0.01136514 0.03100485
v 0.03149949 0.01242195 0.03137464
v -0.03150051 0.01353456 0.03150000
v 0.03149949 0.01353456 0.03150000
v -0.03150051 0.01242195 0.03137464
v 0.01638457 0.00853456 0.02145994
v 0.03149949 0.00853456 0.02650000
v 0.02083990 0.00853456 0.01716617
v 0.02420070 0.00853456 0.01197086
v 0.01106872 0.00853456 0.02462666
v 0.02629048 0.00853456 0.00614684
v 0.00517153 0.00853456 0.02650000
v 0.02699949 0.00853456 0.00000000
v 0.03149949 0.00853456 -0.02650000
v 0.02420070 0.00853456 -0.01197085
v 0.02629048 0.00853456 -0.00614684
v 0.02083990 0.00853456 -0.01716617
v 0.01638457 0.00853456 -0.02145994
v 0.01106872 0.00853456 -0.02462665
v 0.00517153 0.00853456 -0.02650000
v 0.04449949 0.04753456 -0.03150000
v 0.04309964 0.04753456 -0.03600000
v 0.04309964 0.04753456 -0.03150000
v 0.04449949 0.04753456 -0.03600000
v -0.03150051 0.01353456 0.03600000
v -0.03150051 0.01499925 0.03150000
v -0.03150051 0.01353456 0.03150000
v -0.03150051 0.01499925 0.03600000
v -0.03150051 0.00962540 -0.02961745
v -0.03150051 0.00761140 -0.03392740
v -0.03150051 0.00610716 -0.03242315
v -0.03150051 0.01041711 -0.03040915
v -0.03150051 0.00902971 -0.02866942
v -0.03150051 0.00497535 -0.03062189
v -0.03150051 0.01136514 -0.03100484
v -0.03150051 0.00941266 -0.03505920
v -0.03150051 0.00865992 -0.02761260
v -0.03150051 0.00427274 -0.02861395
v -0.03150051 0.01242195 -0.03137464
v -0.03150051 0.01142061 -0.03576181
v -0.03150051 0.00853456 -0.02650000
v -0.03150051 0.00403456 -0.02650000
v -0.03150051 0.01353456 -0.03150000
v -0.03150051 0.01353456 -0.03600000
v -0.03150051 0.01499925 -0.03150000
v -0.03150051 0.01499925 -0.03600000
v -0.03150051 0.00853456 0.02650000
v -0.03150051 0.00403456 0.02650000
v -0.03150051 0.00427274 0.02861395
v -0.03150051 0.00865992 0.02761261
v -0.03150051 0.00497535 0.03062190
v -0.03150051 0.00902971 0.02866942
v -0.03150051 0.00610716 0.03242316
v -0.03150051 0.00962540 0.02961745
v -0.03150051 0.00761140 0.03392740
v -0.03150051 0.01041711 0.03040916
v -0.03150051 0.01136514 0.03100485
v -0.03150051 0.00941266 0.03505921
v -0.03150051 0.01242195 0.03137464
v -0.03150051 0.01142061 0.03576182
v 0.00517153 0.00853456 -0.02650000
v -0.00517255 0.00853456 -0.02650000
v 0.00345942 0.00853456 -0.02677739
v 0.00173303 0.00853456 -0.02694429
v -0.00000051 0.00853456 -0.02700000
v -0.00173405 0.00853456 -0.02694429
v -0.00346044 0.00853456 -0.02677739
v -0.03150051 0.00853456 0.02650000
v -0.00517255 0.00853456 0.02650000
v -0.01106975 0.00853456 0.02462666
v -0.01638560 0.00853456 0.02145994
v -0.02084092 0.00853456 0.01716617
v -0.02420172 0.00853456 0.01197086
v -0.02629151 0.00853456 0.00614684
v -0.03150051 0.00853456 -0.02650000
v -0.02629151 0.00853456 -0.00614684
v -0.02420172 0.00853456 -0.01197085
v -0.02084092 0.00853456 -0.01716617
v -0.01638560 0.00853456 -0.02145994
v -0.01106975 0.00853456 -0.02462665
v -0.00517255 0.00853456 -0.02650000
v -0.02700051 0.00853456 0.00000000
v -0.03150051 0.01353456 -0.03600000
v 0.03149949 0.01353456 -0.03600000
v 0.03149949 0.01142061 -0.03576181
v -0.03150051 0.01142061 -0.03576181
v 0.03149949 0.01142061 -0.03576181
v 0.03149949 0.00941266 -0.03505920
v -0.03150051 0.01142061 -0.03576181
v -0.03150051 0.00941266 -0.03505920
v 0.03149949 0.00941266 -0.03505920
v 0.03149949 0.00761140 -0.03392740
v -0.03150051 0.00941266 -0.03505920
v -0.03150051 0.00761140 -0.03392740
v 0.03149949 0.00761140 -0.03392740
v 0.03149949 0.00610716 -0.03242315
v -0.03150051 0.00761140 -0.03392740
v -0.03150051 0.00610716 -0.03242315
v 0.03149949 0.00610716 -0.03242315
v 0.03149949 0.00497535 -0.03062189
v -0.03150051 0.00610716 -0.03242315
v -0.03150051 0.00497535 -0.03062189
v 0.03149949 0.00497535 -0.03062189
v 0.03149949 0.00427274 -0.02861395
v -0.03150051 0.00497535 -0.03062189
v 0.00517153 0.00403456 -0.02650000
v 0.03149949 0.00427274 -0.02861395
v 0.03149949 0.00403456 -0.02650000
v 0.00517153 0.00403456 -0.02650000
v -0.00000051 0.00404772 -0.02700000
v 0.03149949 0.00427274 -0.02861395
v -0.03150051 0.00427274 -0.02861395
v 0.03149949 0.00427274 -0.02861395
v -0.00000051 0.00404772 -0.02700000
v -0.03150051 0.00427274 -0.02861395
v -0.00517255 0.00403456 -0.02650000
v -0.03150051 0.00427274 -0.02861395
v -0.03150051 0.00403456 -0.02650000
v -0.03150051 0.00427274 -0.02861395
v -0.00517255 0.00403456 -0.02650000
v -0.00000051 0.00853456 0.02700000
v 0.00173303 0.00853456 0.02694429
v -0.00000051 0.00404772 0.02700000
v -0.00000051 0.00404772 0.02700000
v 0.00345942 0.00853456 0.02677740
v 0.00517153 0.00403456 0.02650000
v 0.00173303 0.00853456 0.02694429
v 0.00345942 0.00853456 0.02677740
v 0.00517153 0.00853456 0.02650000
v 0.00517153 0.00403456 0.02650000
v 0.00517153 0.00403456 0.02650000
v 0.01106872 0.00853456 0.02462666
v 0.01106872 0.00403456 0.02462666
v 0.00517153 0.00853456 0.02650000
v 0.01106872 0.00403456 0.02462666
v 0.01638457 0.00853456 0.02145994
v 0.01638457 0.00403456 0.02145994
v 0.01106872 0.00853456 0.02462666
v 0.01638457 0.00403456 0.02145994
v 0.02083990 0.00853456 0.01716617
v 0.02083990 0.00403456 0.01716617
v 0.01638457 0.00853456 0.02145994
v 0.02083990 0.00403456 0.01716617
v 0.02420070 0.00853456 0.01197086
v 0.02420070 0.00403456 0.01197086
v 0.02083990 0.00853456 0.01716617
v 0.02420070 0.00403456 0.01197086
v 0.02629048 0.00853456 0.00614684
v 0.02629048 0.00403456 0.00614684
v 0.02420070 0.00853456 0.01197086
v 0.02629048 0.00403456 0.00614684
v 0.02699949 0.00853456 0.00000000
v 0.02699949 0.00403456 0.00000000
v 0.02629048 0.00853456 0.00614684
v 0.02699949 0.00403456 0.00000000
v 0.02629048 0.00853456 -0.00614684
v 0.02629048 0.00403456 -0.00614684
v 0.02699949 0.00853456 0.00000000
v 0.02629048 0.00403456 -0.00614684
v 0.02420070 0.00853456 -0.01197085
v 0.02420070 0.00403456 -0.01197085
v 0.02629048 0.00853456 -0.00614684
v 0.02420070 0.00403456 -0.01197085
v 0.02083990 0.00853456 -0.01716617
v 0.02083990 0.00403456 -0.01716617
v 0.02420070 0.00853456 -0.01197085
v 0.02083990 0.00403456 -0.01716617
v 0.01638457 0.00853456 -0.02145994
v 0.01638457 0.00403456 -0.02145994
v 0.02083990 0.00853456 -0.01716617
v 0.01638457 0.00403456 -0.02145994
v 0.01106872 0.00853456 -0.02462665
v 0.01106872 0.00403456 -0.02462665
v 0.01106872 0.00403456 -0.02462665
v 0.01106872 0.00853456 -0.02462665
v 0.00517153 0.00403456 -0.02650000
v 0.01638457 0.00853456 -0.02145994
v 0.00517153 0.00853456 -0.02650000
v 0.00517153 0.00403456 -0.02650000
v 0.00345942 0.00853456 -0.02677739
v -0.00000051 0.00404772 -0.02700000
v 0.00517153 0.00853456 -0.02650000
v 0.00345942 0.00853456 -0.02677739
v 0.00517153 0.00403456 -0.02650000
v 0.00173303 0.00853456 -0.02694429
v 0.00173303 0.00853456 -0.02694429
v -0.00000051 0.00853456 -0.02700000
v -0.00000051 0.00404772 -0.02700000
v 0.03149949 0.00427274 0.02861395
v 0.00517153 0.00403456 0.02650000
v 0.03149949 0.00403456 0.02650000
v -0.00000051 0.00404772 0.02700000
v 0.00517153 0.00403456 0.02650000
v 0.03149949 0.00427274 0.02861395
v -0.03150051 0.00427274 0.02861395
v -0.03150051 0.00403456 0.02650000
v -0.00517255 0.00403456 0.02650000
v -0.03150051 0.00427274 0.02861395
v -0.00517255 0.00403456 0.02650000
v -0.03150051 0.00427274 0.02861395
v -0.00000051 0.00404772 0.02700000
v 0.03149949 0.00427274 0.02861395
v -0.03150051 0.00497535 0.03062190
v 0.03149949 0.00427274 0.02861395
v 0.03149949 0.00497535 0.03062190
v -0.03150051 0.00427274 0.02861395
v -0.03150051 0.00610716 0.03242316
v 0.03149949 0.00497535 0.03062190
v 0.03149949 0.00610716 0.03242316
v -0.03150051 0.00497535 0.03062190
v -0.03150051 0.00761140 0.03392740
v 0.03149949 0.00610716 0.03242316
v 0.03149949 0.00761140 0.03392740
v -0.03150051 0.00610716 0.03242316
v -0.03150051 0.00941266 0.03505921
v 0.03149949 0.00761140 0.03392740
v 0.03149949 0.00941266 0.03505921
v -0.03150051 0.00761140 0.03392740
v -0.03150051 0.01142061 0.03576182
v 0.03149949 0.00941266 0.03505921
v 0.03149949 0.01142061 0.03576182
v -0.03150051 0.00941266 0.03505921
v -0.03150051 0.01353456 0.03600000
v 0.03149949 0.01142061 0.03576182
v 0.03149949 0.01353456 0.03600000
v -0.03150051 0.01142061 0.03576182
v 0.02809949 0.05403456 0.03600000
v 0.02798035 0.05501575 0.03600000
v 0.02809949 0.05403456 0.03150000
v 0.02798035 0.05501575 0.03150000
v 0.02798035 0.05501575 0.03150000
v 0.02762986 0.05593992 0.03600000
v 0.02762986 0.05593992 0.03150000
v 0.02798035 0.05501575 0.03600000
v 0.02762986 0.05593992 0.03150000
v 0.02706838 0.05675336 0.03600000
v 0.02706838 0.05675336 0.03150000
v 0.02762986 0.05593992 0.03600000
v 0.02706838 0.05675336 0.03150000
v 0.02632855 0.05740879 0.03600000
v 0.02632855 0.05740879 0.03150000
v 0.02706838 0.05675336 0.03600000
v 0.02632855 0.05740879 0.03150000
v 0.02545337 0.05786812 0.03600000
v 0.02545337 0.05786812 0.03150000
v 0.02632855 0.05740879 0.03600000
v 0.02545337 0.05786812 0.03150000
v 0.02449369 0.05810466 0.03600000
v 0.02449369 0.05810466 0.03150000
v 0.02545337 0.05786812 0.03600000
v 0.02449369 0.05810466 0.03150000
v 0.02350529 0.05810466 0.03600000
v 0.02350529 0.05810466 0.03150000
v 0.02449369 0.05810466 0.03600000
v 0.02350529 0.05810466 0.03150000
v 0.02254561 0.05786812 0.03600000
v 0.02254561 0.05786812 0.03150000
v 0.02350529 0.05810466 0.03600000
v 0.02254561 0.05786812 0.03150000
v 0.02167042 0.05740879 0.03600000
v 0.02167042 0.05740879 0.03150000
v 0.02254561 0.05786812 0.03600000
v 0.02167042 0.05740879 0.03150000
v 0.02093059 0.05675336 0.03600000
v 0.02093059 0.05675336 0.03150000
v 0.02167042 0.05740879 0.03600000
v 0.02093059 0.05675336 0.03150000
v 0.02036912 0.05593992 0.03600000
v 0.02036912 0.05593992 0.03150000
v 0.02093059 0.05675336 0.03600000
v 0.02036912 0.05593992 0.03150000
v 0.02001863 0.05501575 0.03600000
v 0.02001863 0.05501575 0.03150000
v 0.02036912 0.05593992 0.03600000
v 0.02001863 0.05501575 0.03150000
v 0.01989949 0.05403456 0.03600000
v 0.01989949 0.05403456 0.03150000
v 0.02001863 0.05501575 0.03600000
v 0.04468002 0.02357382 0.03150000
v 0.03431896 0.02294921 0.03600000
v 0.03431896 0.02294921 0.03150000
v 0.04468002 0.02357382 0.03600000
v 0.04749949 0.02656839 0.03150000
v 0.04749949 0.02656839 0.03600000
v 0.04742990 0.02592600 0.03600000
v 0.04742990 0.02592600 0.03150000
v 0.04742990 0.02592600 0.03600000
v 0.04722439 0.02531342 0.03600000
v 0.04742990 0.02592600 0.03150000
v 0.04722439 0.02531342 0.03150000
v 0.04722439 0.02531342 0.03600000
v 0.04689246 0.02475906 0.03600000
v 0.04722439 0.02531342 0.03150000
v 0.04689246 0.02475906 0.03150000
v 0.04689246 0.02475906 0.03600000
v 0.04644954 0.02428862 0.03600000
v 0.04689246 0.02475906 0.03150000
v 0.04644954 0.02428862 0.03150000
v 0.04644954 0.02428862 0.03600000
v 0.04591615 0.02392394 0.03600000
v 0.04644954 0.02428862 0.03150000
v 0.04591615 0.02392394 0.03150000
v 0.04591615 0.02392394 0.03600000
v 0.04531704 0.02368193 0.03600000
v 0.04591615 0.02392394 0.03150000
v 0.04531704 0.02368193 0.03150000
v 0.04531704 0.02368193 0.03600000
v 0.04468002 0.02357382 0.03600000
v 0.04531704 0.02368193 0.03150000
v 0.04468002 0.02357382 0.03150000
v 0.04749949 0.04453456 0.03600000
v 0.04749949 0.02656839 0.03600000
v 0.04749949 0.02656839 0.03150000
v 0.04749949 0.04453456 0.03150000
v 0.04516705 0.04745934 0.03150000
v 0.04449949 0.04753456 0.03150000
v 0.04449949 0.04753456 0.03600000
v 0.04516705 0.04745934 0.03600000
v 0.04580114 0.04723746 0.03150000
v 0.04516705 0.04745934 0.03600000
v 0.04580114 0.04723746 0.03600000
v 0.04516705 0.04745934 0.03150000
v 0.04636996 0.04688005 0.03150000
v 0.04580114 0.04723746 0.03600000
v 0.04636996 0.04688005 0.03600000
v 0.04580114 0.04723746 0.03150000
v 0.04684498 0.04640503 0.03150000
v 0.04636996 0.04688005 0.03600000
v 0.04684498 0.04640503 0.03600000
v 0.04636996 0.04688005 0.03150000
v 0.04720240 0.04583621 0.03150000
v 0.04684498 0.04640503 0.03600000
v 0.04720240 0.04583621 0.03600000
v 0.04684498 0.04640503 0.03150000
v 0.04742427 0.04520212 0.03150000
v 0.04720240 0.04583621 0.03600000
v 0.04742427 0.04520212 0.03600000
v 0.04720240 0.04583621 0.03150000
v 0.04749949 0.04453456 0.03150000
v 0.04742427 0.04520212 0.03600000
v 0.04749949 0.04453456 0.03600000
v 0.04742427 0.04520212 0.03150000
v 0.04309964 0.04753456 0.03600000
v 0.04309964 0.04753456 0.03150000
v 0.04198704 0.04765992 0.03600000
v 0.04198704 0.04765992 0.03600000
v 0.04198704 0.04765992 0.03150000
v 0.04093023 0.04802971 0.03600000
v 0.04198704 0.04765992 0.03150000
v 0.04093023 0.04802971 0.03600000
v 0.04093023 0.04802971 0.03150000
v 0.03998220 0.04862540 0.03600000
v 0.04093023 0.04802971 0.03150000
v 0.03998220 0.04862540 0.03600000
v 0.03998220 0.04862540 0.03150000
v 0.03919049 0.04941711 0.03600000
v 0.03998220 0.04862540 0.03150000
v 0.03919049 0.04941711 0.03600000
v 0.03919049 0.04941711 0.03150000
v 0.03859480 0.05036514 0.03600000
v 0.03919049 0.04941711 0.03150000
v 0.03859480 0.05036514 0.03600000
v 0.03859480 0.05036514 0.03150000
v 0.03822501 0.05142195 0.03600000
v 0.03859480 0.05036514 0.03150000
v 0.03822501 0.05142195 0.03600000
v 0.03822501 0.05142195 0.03150000
v 0.03809964 0.05253456 0.03600000
v 0.03822501 0.05142195 0.03150000
v 0.03809964 0.05253456 0.03150000
v 0.03809964 0.05903456 0.03150000
v 0.03809964 0.05253456 0.03600000
v 0.03809964 0.05253456 0.03150000
v 0.03809964 0.05903456 0.03600000
v 0.03032485 0.06878384 0.03150000
v 0.02809964 0.06903455 0.03150000
v 0.02809964 0.06903455 0.03600000
v 0.03032485 0.06878384 0.03600000
v 0.03243848 0.06804424 0.03150000
v 0.03032485 0.06878384 0.03600000
v 0.03243848 0.06804424 0.03600000
v 0.03032485 0.06878384 0.03150000
v 0.03433454 0.06685287 0.03150000
v 0.03243848 0.06804424 0.03600000
v 0.03433454 0.06685287 0.03600000
v 0.03243848 0.06804424 0.03150000
v 0.03591796 0.06526945 0.03150000
v 0.03433454 0.06685287 0.03600000
v 0.03591796 0.06526945 0.03600000
v 0.03433454 0.06685287 0.03150000
v 0.03710933 0.06337339 0.03150000
v 0.03591796 0.06526945 0.03600000
v 0.03710933 0.06337339 0.03600000
v 0.03591796 0.06526945 0.03150000
v 0.03784892 0.06125977 0.03150000
v 0.03710933 0.06337339 0.03600000
v 0.03784892 0.06125977 0.03600000
v 0.03710933 0.06337339 0.03150000
v 0.03809964 0.05903456 0.03150000
v 0.03784892 0.06125977 0.03600000
v 0.03809964 0.05903456 0.03600000
v 0.03784892 0.06125977 0.03150000
v 0.01507032 0.06903455 0.03600000
v 0.02809964 0.06903455 0.03150000
v 0.01507032 0.06903455 0.03150000
v 0.02809964 0.06903455 0.03600000
v 0.00062497 0.05807582 0.03150000
v 0.00062497 0.05807582 0.03600000
v 0.00182914 0.06108233 0.03600000
v 0.00182914 0.06108233 0.03150000
v 0.00182914 0.06108233 0.03600000
v 0.00365059 0.06376029 0.03600000
v 0.00182914 0.06108233 0.03150000
v 0.00365059 0.06376029 0.03150000
v 0.00365059 0.06376029 0.03600000
v 0.00600442 0.06598485 0.03600000
v 0.00365059 0.06376029 0.03150000
v 0.00600442 0.06598485 0.03150000
v 0.00600442 0.06598485 0.03600000
v 0.00878088 0.06765231 0.03600000
v 0.00600442 0.06598485 0.03150000
v 0.00878088 0.06765231 0.03150000
v 0.00878088 0.06765231 0.03600000
v 0.01185055 0.06868492 0.03600000
v 0.00878088 0.06765231 0.03150000
v 0.01185055 0.06868492 0.03150000
v 0.01507032 0.06903455 0.03150000
v 0.01185055 0.06868492 0.03600000
v 0.01507032 0.06903455 0.03600000
v 0.01185055 0.06868492 0.03150000
v 0.00062497 0.05807582 0.03600000
v 0.00062497 0.05807582 0.03150000
v -0.00386731 0.04642171 0.03600000
v -0.00386731 0.04642171 0.03150000
v -0.01048242 0.03582741 0.03600000
v -0.01048242 0.03582741 0.03150000
v -0.01898165 0.02667525 0.03600000
v -0.00386731 0.04642171 0.03600000
v -0.01048242 0.03582741 0.03150000
v -0.01048242 0.03582741 0.03600000
v -0.00386731 0.04642171 0.03150000
v -0.01898165 0.02667525 0.03600000
v -0.01898165 0.02667525 0.03150000
v -0.02905827 0.01929551 0.03600000
v -0.01898165 0.02667525 0.03150000
v -0.02905827 0.01929551 0.03150000
v -0.03139402 0.01602570 0.03150000
v -0.03150051 0.01499925 0.03150000
v -0.03150051 0.01499925 0.03600000
v -0.03139402 0.01602570 0.03600000
v -0.03107907 0.01700843 0.03150000
v -0.03139402 0.01602570 0.03600000
v -0.03107907 0.01700843 0.03600000
v -0.03139402 0.01602570 0.03150000
v -0.03056908 0.01790558 0.03150000
v -0.03107907 0.01700843 0.03600000
v -0.03056908 0.01790558 0.03600000
v -0.03107907 0.01700843 0.03150000
v -0.02988578 0.01867892 0.03150000
v -0.03056908 0.01790558 0.03600000
v -0.02988578 0.01867892 0.03600000
v -0.02988578 0.01867892 0.03150000
v -0.02988578 0.01867892 0.03600000
v -0.02905827 0.01929551 0.03600000
v -0.03056908 0.01790558 0.03150000
v -0.02905827 0.01929551 0.03150000
v 0.02144949 0.02548456 0.03600000
v 0.02133326 0.02644182 0.03600000
v 0.02144949 0.02548456 0.03150000
v 0.02133326 0.02644182 0.03150000
v 0.02133326 0.02644182 0.03150000
v 0.02099131 0.02734345 0.03600000
v 0.02099131 0.02734345 0.03150000
v 0.02133326 0.02644182 0.03600000
v 0.02099131 0.02734345 0.03150000
v 0.02044353 0.02813705 0.03600000
v 0.02044353 0.02813705 0.03150000
v 0.02099131 0.02734345 0.03600000
v 0.02044353 0.02813705 0.03150000
v 0.01972175 0.02877649 0.03600000
v 0.01972175 0.02877649 0.03150000
v 0.02044353 0.02813705 0.03600000
v 0.01972175 0.02877649 0.03150000
v 0.01886791 0.02922462 0.03600000
v 0.01886791 0.02922462 0.03150000
v 0.01972175 0.02877649 0.03600000
v 0.01886791 0.02922462 0.03150000
v 0.01793163 0.02945539 0.03600000
v 0.01793163 0.02945539 0.03150000
v 0.01886791 0.02922462 0.03600000
v 0.01793163 0.02945539 0.03150000
v 0.01696734 0.02945539 0.03600000
v 0.01696734 0.02945539 0.03150000
v 0.01793163 0.02945539 0.03600000
v 0.01696734 0.02945539 0.03150000
v 0.01603107 0.02922462 0.03600000
v 0.01603107 0.02922462 0.03150000
v 0.01696734 0.02945539 0.03600000
v 0.01603107 0.02922462 0.03150000
v 0.01517723 0.02877649 0.03600000
v 0.01517723 0.02877649 0.03150000
v 0.01603107 0.02922462 0.03600000
v 0.01517723 0.02877649 0.03150000
v 0.01445545 0.02813705 0.03600000
v 0.01445545 0.02813705 0.03150000
v 0.01517723 0.02877649 0.03600000
v 0.01445545 0.02813705 0.03150000
v 0.01390766 0.02734345 0.03600000
v 0.01390766 0.02734345 0.03150000
v 0.01445545 0.02813705 0.03600000
v 0.01390766 0.02734345 0.03150000
v 0.01356572 0.02644182 0.03600000
v 0.01356572 0.02644182 0.03150000
v 0.01390766 0.02734345 0.03600000
v 0.01356572 0.02644182 0.03150000
v 0.01344949 0.02548456 0.03600000
v 0.01344949 0.02548456 0.03150000
v 0.01356572 0.02644182 0.03600000
v -0.00517255 0.00853456 0.02650000
v 0.00517153 0.00853456 0.02650000
v -0.00346044 0.00853456 0.02677740
v -0.00173405 0.00853456 0.02694429
v -0.00000051 0.00853456 0.02700000
v 0.00173303 0.00853456 0.02694429
v 0.00345942 0.00853456 0.02677740
v -0.01638560 0.00403456 0.02145994
v -0.03150051 0.00403456 0.02650000
v -0.02084092 0.00403456 0.01716617
v -0.02420172 0.00403456 0.01197086
v -0.01106975 0.00403456 0.02462666
v -0.02629151 0.00403456 0.00614684
v -0.00517255 0.00403456 0.02650000
v -0.02700051 0.00403456 0.00000000
v -0.03150051 0.00403456 -0.02650000
v -0.02629151 0.00403456 -0.00614684
v -0.02420172 0.00403456 -0.01197085
v -0.02084092 0.00403456 -0.01716617
v -0.01638560 0.00403456 -0.02145994
v -0.01106975 0.00403456 -0.02462665
v -0.00517255 0.00403456 -0.02650000
v 0.04449949 0.04753456 0.03600000
v 0.04309964 0.04753456 0.03150000
v 0.04309964 0.04753456 0.03600000
v 0.04449949 0.04753456 0.03150000
v 0.01356572 0.02452729 0.03600000
v 0.01344949 0.02548456 0.03600000
v 0.01344949 0.02548456 -0.04200000
v 0.01356572 0.02452729 -0.04200000
v 0.01390766 0.02362566 0.03600000
v 0.01356572 0.02452729 -0.04200000
v 0.01390766 0.02362566 -0.04200000
v 0.01356572 0.02452729 0.03600000
v 0.01445545 0.02283207 0.03600000
v 0.01390766 0.02362566 -0.04200000
v 0.01445545 0.02283207 -0.04200000
v 0.01390766 0.02362566 0.03600000
v 0.01517723 0.02219262 0.03600000
v 0.01445545 0.02283207 -0.04200000
v 0.01517723 0.02219262 -0.04200000
v 0.01445545 0.02283207 0.03600000
v 0.01603107 0.02174449 0.03600000
v 0.01517723 0.02219262 -0.04200000
v 0.01603107 0.02174449 -0.04200000
v 0.01517723 0.02219262 0.03600000
v 0.01696734 0.02151372 0.03600000
v 0.01603107 0.02174449 -0.04200000
v 0.01696734 0.02151372 -0.04200000
v 0.01603107 0.02174449 0.03600000
v 0.01793163 0.02151372 0.03600000
v 0.01696734 0.02151372 -0.04200000
v 0.01793163 0.02151372 -0.04200000
v 0.01696734 0.02151372 0.03600000
v 0.01886791 0.02174449 0.03600000
v 0.01793163 0.02151372 -0.04200000
v 0.01886791 0.02174449 -0.04200000
v 0.01793163 0.02151372 0.03600000
v 0.01972175 0.02219262 0.03600000
v 0.01886791 0.02174449 -0.04200000
v 0.01972175 0.02219262 -0.04200000
v 0.01886791 0.02174449 0.03600000
v 0.02044353 0.02283207 0.03600000
v 0.01972175 0.02219262 -0.04200000
v 0.02044353 0.02283207 -0.04200000
v 0.01972175 0.02219262 0.03600000
v 0.02099131 0.02362566 0.03600000
v 0.02044353 0.02283207 -0.04200000
v 0.02099131 0.02362566 -0.04200000
v 0.02044353 0.02283207 0.03600000
v 0.02133326 0.02452729 0.03600000
v 0.02099131 0.02362566 -0.04200000
v 0.02133326 0.02452729 -0.04200000
v 0.02099131 0.02362566 0.03600000
v 0.02144949 0.02548456 0.03600000
v 0.02133326 0.02452729 -0.04200000
v 0.02144949 0.02548456 -0.04200000
v 0.02133326 0.02452729 0.03600000
v 0.01697036 0.02153861 -0.04222252
v 0.01696734 0.02151372 -0.04200000
v 0.01603107 0.02174449 -0.04200000
v 0.02123710 0.02455099 -0.04243388
v 0.02123132 0.02548456 -0.04262349
v 0.02135046 0.02548456 -0.04243388
v 0.01392986 0.02363732 -0.04222252
v 0.01356572 0.02452729 -0.04200000
v 0.01359006 0.02453329 -0.04222252
v 0.01392986 0.02363732 -0.04222252
v 0.01366187 0.02455099 -0.04243388
v 0.01399535 0.02367169 -0.04243388
v 0.02112143 0.02457951 -0.04262349
v 0.01697036 0.02153861 -0.04222252
v 0.01606618 0.02183709 -0.04243388
v 0.01697928 0.02161203 -0.04243388
v 0.02123710 0.02455099 -0.04243388
v 0.02090362 0.02367169 -0.04243388
v 0.02079813 0.02372705 -0.04262349
v 0.01603996 0.02176793 -0.04222252
v 0.01390766 0.02362566 -0.04200000
v 0.02112143 0.02457951 -0.04262349
v 0.01603996 0.02176793 -0.04222252
v 0.01359006 0.02453329 -0.04222252
v 0.02130891 0.02453329 -0.04222252
v 0.02142442 0.02548456 -0.04222252
v 0.02133326 0.02452729 -0.04200000
v 0.02130891 0.02453329 -0.04222252
v 0.02135046 0.02548456 -0.04243388
v 0.02142442 0.02548456 -0.04222252
v 0.01452957 0.02289774 -0.04243388
v 0.01399535 0.02367169 -0.04243388
v 0.01410084 0.02372705 -0.04262349
v 0.02130891 0.02453329 -0.04222252
v 0.02133326 0.02452729 -0.04200000
v 0.02099131 0.02362566 -0.04200000
v 0.02123710 0.02455099 -0.04243388
v 0.01791970 0.02161203 -0.04243388
v 0.01699364 0.02173030 -0.04262349
v 0.01790534 0.02173030 -0.04262349
v 0.02096911 0.02363732 -0.04222252
v 0.01697928 0.02161203 -0.04243388
v 0.02130891 0.02453329 -0.04222252
v 0.02096911 0.02363732 -0.04222252
v 0.02090362 0.02367169 -0.04243388
v 0.02123710 0.02455099 -0.04243388
v 0.01879054 0.02194848 -0.04262349
v 0.01790534 0.02173030 -0.04262349
v 0.01788625 0.02188749 -0.04278183
v 0.01461875 0.02297674 -0.04262349
v 0.01530116 0.02237217 -0.04262349
v 0.01461875 0.02297674 -0.04262349
v 0.01473727 0.02308174 -0.04278183
v 0.02144949 0.02548456 -0.04200000
v 0.01873440 0.02209653 -0.04278183
v 0.01432061 0.02471336 -0.04297493
v 0.01422697 0.02548456 -0.04297493
v 0.01444949 0.02548456 -0.04300000
v 0.01950786 0.02250248 -0.04278183
v 0.01873440 0.02209653 -0.04278183
v 0.01866716 0.02227382 -0.04290097
v 0.01539111 0.02250248 -0.04278183
v 0.01940016 0.02265853 -0.04290097
v 0.01453666 0.02476661 -0.04300000
v 0.01616458 0.02209653 -0.04278183
v 0.01549882 0.02265853 -0.04290097
v 0.01623182 0.02227382 -0.04290097
v 0.01539111 0.02250248 -0.04278183
v 0.01411539 0.02466278 -0.04290097
v 0.01401560 0.02548456 -0.04290097
v 0.01422697 0.02548456 -0.04297493
v 0.02001979 0.02320747 -0.04290097
v 0.01940016 0.02265853 -0.04290097
v 0.01928009 0.02283247 -0.04297493
v 0.01986158 0.02334763 -0.04297493
v 0.01703558 0.02207571 -0.04290097
v 0.01623182 0.02227382 -0.04290097
v 0.01630677 0.02247145 -0.04297493
v 0.01432061 0.02471336 -0.04297493
v 0.01706106 0.02228553 -0.04297493
v 0.02030289 0.02398698 -0.04297493
v 0.01986158 0.02334763 -0.04297493
v 0.01969502 0.02349519 -0.04300000
v 0.01459609 0.02398698 -0.04297493
v 0.01453666 0.02476661 -0.04300000
v 0.01479312 0.02409039 -0.04300000
v 0.02010586 0.02409039 -0.04300000
v 0.01783792 0.02228553 -0.04297493
v 0.01708788 0.02250643 -0.04300000
v 0.01781110 0.02250643 -0.04300000
v 0.01432061 0.02471336 -0.04297493
v 0.01792861 0.02153861 -0.04222252
v 0.01697928 0.02161203 -0.04243388
v 0.01791970 0.02161203 -0.04243388
v 0.01706106 0.02228553 -0.04297493
v 0.01393129 0.02461740 -0.04278183
v 0.01382600 0.02548456 -0.04278183
v 0.01401560 0.02548456 -0.04290097
v 0.01447421 0.02284869 -0.04222252
v 0.01445545 0.02283207 -0.04200000
v 0.01390766 0.02362566 -0.04200000
v 0.01792861 0.02153861 -0.04222252
v 0.01793163 0.02151372 -0.04200000
v 0.01696734 0.02151372 -0.04200000
v 0.01447421 0.02284869 -0.04222252
v 0.01399535 0.02367169 -0.04243388
v 0.01452957 0.02289774 -0.04243388
v 0.01392986 0.02363732 -0.04222252
v 0.01697036 0.02153861 -0.04222252
v 0.01392986 0.02363732 -0.04222252
v 0.01411539 0.02466278 -0.04290097
v 0.01697036 0.02153861 -0.04222252
v 0.01883279 0.02183709 -0.04243388
v 0.01791970 0.02161203 -0.04243388
v 0.01790534 0.02173030 -0.04262349
v 0.01523349 0.02227412 -0.04243388
v 0.01461875 0.02297674 -0.04262349
v 0.01530116 0.02237217 -0.04262349
v 0.01440893 0.02388875 -0.04290097
v 0.01411539 0.02466278 -0.04290097
v 0.01432061 0.02471336 -0.04297493
v 0.01459609 0.02398698 -0.04297493
v 0.01452957 0.02289774 -0.04243388
v 0.01879054 0.02194848 -0.04262349
v 0.01610843 0.02194848 -0.04262349
v 0.01530116 0.02237217 -0.04262349
v 0.01539111 0.02250248 -0.04278183
v 0.01503740 0.02334763 -0.04297493
v 0.01479312 0.02409039 -0.04300000
v 0.01520396 0.02349519 -0.04300000
v 0.01356572 0.02452729 -0.04200000
v 0.01344949 0.02548456 -0.04200000
v 0.01347456 0.02548456 -0.04222252
v 0.01959781 0.02237217 -0.04262349
v 0.01879054 0.02194848 -0.04262349
v 0.01873440 0.02209653 -0.04278183
v 0.01616458 0.02209653 -0.04278183
v 0.01459609 0.02398698 -0.04297493
v 0.01950786 0.02250248 -0.04278183
v 0.02016171 0.02308174 -0.04278183
v 0.01940016 0.02265853 -0.04290097
v 0.02001979 0.02320747 -0.04290097
v 0.01950786 0.02250248 -0.04278183
v 0.01701272 0.02188749 -0.04278183
v 0.01616458 0.02209653 -0.04278183
v 0.01623182 0.02227382 -0.04290097
v 0.01377755 0.02457951 -0.04262349
v 0.01366766 0.02548456 -0.04262349
v 0.01382600 0.02548456 -0.04278183
v 0.01703558 0.02207571 -0.04290097
v 0.01393129 0.02461740 -0.04278183
v 0.01786340 0.02207571 -0.04290097
v 0.01703558 0.02207571 -0.04290097
v 0.01706106 0.02228553 -0.04297493
v 0.01424105 0.02380064 -0.04278183
v 0.01393129 0.02461740 -0.04278183
v 0.01411539 0.02466278 -0.04290097
v 0.02049004 0.02388875 -0.04290097
v 0.01986158 0.02334763 -0.04297493
v 0.02030289 0.02398698 -0.04297493
v 0.01783792 0.02228553 -0.04297493
v 0.01440893 0.02388875 -0.04290097
v 0.02001979 0.02320747 -0.04290097
v 0.02057837 0.02471336 -0.04297493
v 0.02010586 0.02409039 -0.04300000
v 0.02036231 0.02476661 -0.04300000
v 0.02057837 0.02471336 -0.04297493
v 0.02036231 0.02476661 -0.04300000
v 0.02044949 0.02548456 -0.04300000
v 0.01859221 0.02247145 -0.04297493
v 0.01781110 0.02250643 -0.04300000
v 0.01851330 0.02267951 -0.04300000
v 0.02067201 0.02548456 -0.04297493
v 0.01783792 0.02228553 -0.04297493
v 0.02030289 0.02398698 -0.04297493
v 0.01487919 0.02320747 -0.04290097
v 0.01440893 0.02388875 -0.04290097
v 0.01459609 0.02398698 -0.04297493
v 0.01885902 0.02176793 -0.04222252
v 0.01791970 0.02161203 -0.04243388
v 0.01883279 0.02183709 -0.04243388
v 0.01503740 0.02334763 -0.04297493
v 0.01519147 0.02221325 -0.04222252
v 0.01517723 0.02219262 -0.04200000
v 0.01445545 0.02283207 -0.04200000
v 0.01885902 0.02176793 -0.04222252
v 0.01793163 0.02151372 -0.04200000
v 0.01792861 0.02153861 -0.04222252
v 0.01886791 0.02174449 -0.04200000
v 0.01447421 0.02284869 -0.04222252
v 0.01519147 0.02221325 -0.04222252
v 0.01447421 0.02284869 -0.04222252
v 0.01452957 0.02289774 -0.04243388
v 0.01561889 0.02283247 -0.04297493
v 0.01520396 0.02349519 -0.04300000
v 0.01574529 0.02301561 -0.04300000
v 0.01792861 0.02153861 -0.04222252
v 0.01523349 0.02227412 -0.04243388
v 0.01966549 0.02227412 -0.04243388
v 0.01879054 0.02194848 -0.04262349
v 0.01959781 0.02237217 -0.04262349
v 0.01883279 0.02183709 -0.04243388
v 0.01606618 0.02183709 -0.04243388
v 0.01530116 0.02237217 -0.04262349
v 0.01610843 0.02194848 -0.04262349
v 0.01503740 0.02334763 -0.04297493
v 0.01523349 0.02227412 -0.04243388
v 0.01366187 0.02455099 -0.04243388
v 0.01354852 0.02548456 -0.04243388
v 0.01366766 0.02548456 -0.04262349
v 0.02028023 0.02297674 -0.04262349
v 0.01959781 0.02237217 -0.04262349
v 0.01950786 0.02250248 -0.04278183
v 0.02016171 0.02308174 -0.04278183
v 0.01377755 0.02457951 -0.04262349
v 0.01699364 0.02173030 -0.04262349
v 0.01616458 0.02209653 -0.04278183
v 0.01701272 0.02188749 -0.04278183
v 0.01610843 0.02194848 -0.04262349
v 0.02065793 0.02380064 -0.04278183
v 0.02016171 0.02308174 -0.04278183
v 0.02001979 0.02320747 -0.04290097
v 0.01788625 0.02188749 -0.04278183
v 0.01703558 0.02207571 -0.04290097
v 0.01786340 0.02207571 -0.04290097
v 0.01410084 0.02372705 -0.04262349
v 0.01393129 0.02461740 -0.04278183
v 0.01424105 0.02380064 -0.04278183
v 0.01377755 0.02457951 -0.04262349
v 0.02049004 0.02388875 -0.04290097
v 0.01701272 0.02188749 -0.04278183
v 0.01473727 0.02308174 -0.04278183
v 0.01424105 0.02380064 -0.04278183
v 0.01440893 0.02388875 -0.04290097
v 0.02078359 0.02466278 -0.04290097
v 0.02057837 0.02471336 -0.04297493
v 0.02067201 0.02548456 -0.04297493
v 0.02088337 0.02548456 -0.04290097
v 0.01487919 0.02320747 -0.04290097
v 0.02078359 0.02466278 -0.04290097
v 0.02049004 0.02388875 -0.04290097
v 0.02030289 0.02398698 -0.04297493
v 0.02057837 0.02471336 -0.04297493
v 0.01970750 0.02221325 -0.04222252
v 0.01885902 0.02176793 -0.04222252
v 0.01883279 0.02183709 -0.04243388
v 0.01970750 0.02221325 -0.04222252
v 0.01972175 0.02219262 -0.04200000
v 0.01886791 0.02174449 -0.04200000
v 0.01866716 0.02227382 -0.04290097
v 0.01783792 0.02228553 -0.04297493
v 0.01859221 0.02247145 -0.04297493
v 0.01966549 0.02227412 -0.04243388
v 0.01786340 0.02207571 -0.04290097
v 0.01549882 0.02265853 -0.04290097
v 0.01487919 0.02320747 -0.04290097
v 0.01503740 0.02334763 -0.04297493
v 0.01885902 0.02176793 -0.04222252
v 0.01928009 0.02283247 -0.04297493
v 0.01851330 0.02267951 -0.04300000
v 0.01915368 0.02301561 -0.04300000
v 0.01561889 0.02283247 -0.04297493
v 0.02036941 0.02289774 -0.04243388
v 0.01959781 0.02237217 -0.04262349
v 0.02028023 0.02297674 -0.04262349
v 0.01630677 0.02247145 -0.04297493
v 0.01561889 0.02283247 -0.04297493
v 0.01574529 0.02301561 -0.04300000
v 0.01966549 0.02227412 -0.04243388
v 0.01638567 0.02267951 -0.04300000
v 0.01859221 0.02247145 -0.04297493
v 0.01603996 0.02176793 -0.04222252
v 0.01603107 0.02174449 -0.04200000
v 0.01517723 0.02219262 -0.04200000
v 0.01519147 0.02221325 -0.04222252
v 0.01359006 0.02453329 -0.04222252
v 0.01347456 0.02548456 -0.04222252
v 0.01354852 0.02548456 -0.04243388
v 0.01603996 0.02176793 -0.04222252
v 0.01519147 0.02221325 -0.04222252
v 0.01523349 0.02227412 -0.04243388
v 0.01366187 0.02455099 -0.04243388
v 0.01606618 0.02183709 -0.04243388
v 0.02079813 0.02372705 -0.04262349
v 0.02028023 0.02297674 -0.04262349
v 0.02016171 0.02308174 -0.04278183
v 0.01359006 0.02453329 -0.04222252
v 0.01697928 0.02161203 -0.04243388
v 0.01606618 0.02183709 -0.04243388
v 0.01610843 0.02194848 -0.04262349
v 0.01699364 0.02173030 -0.04262349
v 0.01399535 0.02367169 -0.04243388
v 0.01366187 0.02455099 -0.04243388
v 0.01377755 0.02457951 -0.04262349
v 0.02065793 0.02380064 -0.04278183
v 0.02096769 0.02461740 -0.04278183
v 0.02088337 0.02548456 -0.04290097
v 0.02107298 0.02548456 -0.04278183
v 0.02078359 0.02466278 -0.04290097
v 0.02096769 0.02461740 -0.04278183
v 0.02065793 0.02380064 -0.04278183
v 0.02049004 0.02388875 -0.04290097
v 0.02078359 0.02466278 -0.04290097
v 0.01410084 0.02372705 -0.04262349
v 0.01790534 0.02173030 -0.04262349
v 0.01699364 0.02173030 -0.04262349
v 0.01701272 0.02188749 -0.04278183
v 0.02042476 0.02284869 -0.04222252
v 0.01972175 0.02219262 -0.04200000
v 0.01970750 0.02221325 -0.04222252
v 0.01788625 0.02188749 -0.04278183
v 0.02044353 0.02283207 -0.04200000
v 0.01461875 0.02297674 -0.04262349
v 0.01410084 0.02372705 -0.04262349
v 0.01424105 0.02380064 -0.04278183
v 0.02042476 0.02284869 -0.04222252
v 0.01966549 0.02227412 -0.04243388
v 0.02036941 0.02289774 -0.04243388
v 0.01473727 0.02308174 -0.04278183
v 0.01970750 0.02221325 -0.04222252
v 0.01539111 0.02250248 -0.04278183
v 0.01487919 0.02320747 -0.04290097
v 0.01549882 0.02265853 -0.04290097
v 0.01873440 0.02209653 -0.04278183
v 0.01788625 0.02188749 -0.04278183
v 0.01786340 0.02207571 -0.04290097
v 0.01473727 0.02308174 -0.04278183
v 0.02090362 0.02367169 -0.04243388
v 0.02036941 0.02289774 -0.04243388
v 0.02028023 0.02297674 -0.04262349
v 0.01866716 0.02227382 -0.04290097
v 0.02079813 0.02372705 -0.04262349
v 0.01940016 0.02265853 -0.04290097
v 0.01866716 0.02227382 -0.04290097
v 0.01859221 0.02247145 -0.04297493
v 0.02112143 0.02457951 -0.04262349
v 0.02107298 0.02548456 -0.04278183
v 0.02123132 0.02548456 -0.04262349
v 0.02096769 0.02461740 -0.04278183
v 0.02112143 0.02457951 -0.04262349
v 0.02079813 0.02372705 -0.04262349
v 0.02065793 0.02380064 -0.04278183
v 0.01623182 0.02227382 -0.04290097
v 0.01561889 0.02283247 -0.04297493
v 0.01630677 0.02247145 -0.04297493
v 0.02096769 0.02461740 -0.04278183
v 0.01549882 0.02265853 -0.04290097
v 0.01928009 0.02283247 -0.04297493
v 0.02096911 0.02363732 -0.04222252
v 0.02044353 0.02283207 -0.04200000
v 0.02042476 0.02284869 -0.04222252
v 0.01706106 0.02228553 -0.04297493
v 0.01638567 0.02267951 -0.04300000
v 0.01708788 0.02250643 -0.04300000
v 0.02099131 0.02362566 -0.04200000
v 0.01986158 0.02334763 -0.04297493
v 0.01915368 0.02301561 -0.04300000
v 0.01969502 0.02349519 -0.04300000
v 0.02096911 0.02363732 -0.04222252
v 0.02042476 0.02284869 -0.04222252
v 0.02036941 0.02289774 -0.04243388
v 0.02090362 0.02367169 -0.04243388
v 0.01928009 0.02283247 -0.04297493
v 0.01630677 0.02247145 -0.04297493
v 0.01479312 0.02409039 -0.04300000
v 0.01574529 0.02301561 -0.04300000
v 0.01520396 0.02349519 -0.04300000
v 0.01781110 0.02250643 -0.04300000
v 0.01638567 0.02267951 -0.04300000
v 0.01708788 0.02250643 -0.04300000
v 0.01915368 0.02301561 -0.04300000
v 0.01851330 0.02267951 -0.04300000
v 0.01520396 0.02747392 -0.04300000
v 0.01453666 0.02620251 -0.04300000
v 0.01479312 0.02687873 -0.04300000
v 0.02010586 0.02409039 -0.04300000
v 0.01969502 0.02349519 -0.04300000
v 0.02036231 0.02476661 -0.04300000
v 0.01453666 0.02476661 -0.04300000
v 0.01708788 0.02846268 -0.04300000
v 0.01574529 0.02795351 -0.04300000
v 0.01638567 0.02828961 -0.04300000
v 0.01969502 0.02747392 -0.04300000
v 0.02036231 0.02620251 -0.04300000
v 0.02044949 0.02548456 -0.04300000
v 0.02010586 0.02687873 -0.04300000
v 0.01851330 0.02828961 -0.04300000
v 0.01915368 0.02795351 -0.04300000
v 0.01781110 0.02846268 -0.04300000
v 0.01444949 0.02548456 -0.04300000
v -0.00000051 0.00683456 0.01800000
v -0.00430819 0.00683456 0.01747696
v -0.00000051 0.00983456 0.01800000
v -0.00430819 0.00983456 0.01747696
v -0.00430819 0.00983456 0.01747696
v -0.00836553 0.00683456 0.01593821
v -0.00836553 0.00983456 0.01593821
v -0.00430819 0.00683456 0.01747696
v -0.00836553 0.00983456 0.01593821
v -0.01193672 0.00683456 0.01347320
v -0.01193672 0.00983456 0.01347320
v -0.00836553 0.00683456 0.01593821
v -0.01193672 0.00983456 0.01347320
v -0.01481422 0.00683456 0.01022517
v -0.01481422 0.00983456 0.01022517
v -0.01193672 0.00683456 0.01347320
v -0.01481422 0.00983456 0.01022517
v -0.01683080 0.00683456 0.00638289
v -0.01683080 0.00983456 0.00638289
v -0.01481422 0.00683456 0.01022517
v -0.01683080 0.00983456 0.00638289
v -0.01786927 0.00683456 0.00216966
v -0.01786927 0.00983456 0.00216966
v -0.01683080 0.00683456 0.00638289
v -0.01786927 0.00983456 0.00216966
v -0.01786927 0.00683456 -0.00216966
v -0.01786927 0.00983456 -0.00216966
v -0.01786927 0.00683456 0.00216966
v -0.01786927 0.00983456 -0.00216966
v -0.01683080 0.00683456 -0.00638289
v -0.01683080 0.00983456 -0.00638289
v -0.01786927 0.00683456 -0.00216966
v -0.01683080 0.00983456 -0.00638289
v -0.01481422 0.00683456 -0.01022516
v -0.01481422 0.00983456 -0.01022516
v -0.01683080 0.00683456 -0.00638289
v -0.01481422 0.00983456 -0.01022516
v -0.01193672 0.00683456 -0.01347319
v -0.01193672 0.00983456 -0.01347319
v -0.01481422 0.00683456 -0.01022516
v -0.01193672 0.00983456 -0.01347319
v -0.00836553 0.00683456 -0.01593821
v -0.00836553 0.00983456 -0.01593821
v -0.01193672 0.00683456 -0.01347319
v -0.00836553 0.00983456 -0.01593821
v -0.00430819 0.00683456 -0.01747695
v -0.00430819 0.00983456 -0.01747695
v -0.00836553 0.00683456 -0.01593821
v -0.00430819 0.00983456 -0.01747695
v -0.00000051 0.00683456 -0.01800000
v -0.00000051 0.00983456 -0.01800000
v -0.00430819 0.00683456 -0.01747695
v -0.00000051 -0.00166544 -0.02700000
v -0.00000051 0.00983456 -0.02700000
v 0.00646101 0.00983456 -0.02621543
v 0.00646101 -0.00166544 -0.02621543
v 0.00646101 0.00983456 -0.02621543
v 0.01254701 0.00983456 -0.02390731
v 0.00646101 -0.00166544 -0.02621543
v 0.01254701 -0.00166544 -0.02390731
v 0.01254701 0.00983456 -0.02390731
v 0.01790380 0.00983456 -0.02020979
v 0.01254701 -0.00166544 -0.02390731
v 0.01790380 -0.00166544 -0.02020979
v 0.01790380 0.00983456 -0.02020979
v 0.02222005 0.00983456 -0.01533775
v 0.01790380 -0.00166544 -0.02020979
v 0.02222005 -0.00166544 -0.01533775
v 0.02222005 0.00983456 -0.01533775
v 0.02524493 0.00983456 -0.00957433
v 0.02222005 -0.00166544 -0.01533775
v 0.02524493 -0.00166544 -0.00957433
v 0.02524493 0.00983456 -0.00957433
v 0.02680263 0.00983456 -0.00325449
v 0.02524493 -0.00166544 -0.00957433
v 0.02680263 -0.00166544 -0.00325449
v 0.02680263 0.00983456 -0.00325449
v 0.02680263 0.00983456 0.00325449
v 0.02680263 -0.00166544 -0.00325449
v 0.02680263 -0.00166544 0.00325449
v 0.02680263 0.00983456 0.00325449
v 0.02524493 0.00983456 0.00957433
v 0.02680263 -0.00166544 0.00325449
v 0.02524493 -0.00166544 0.00957433
v 0.02524493 0.00983456 0.00957433
v 0.02222005 0.00983456 0.01533775
v 0.02524493 -0.00166544 0.00957433
v 0.02222005 -0.00166544 0.01533775
v 0.02222005 0.00983456 0.01533775
v 0.01790380 0.00983456 0.02020979
v 0.02222005 -0.00166544 0.01533775
v 0.01790380 -0.00166544 0.02020979
v 0.01790380 0.00983456 0.02020979
v 0.01254701 0.00983456 0.02390731
v 0.01790380 -0.00166544 0.02020979
v 0.01254701 -0.00166544 0.02390731
v 0.01254701 0.00983456 0.02390731
v 0.00646101 0.00983456 0.02621543
v 0.01254701 -0.00166544 0.02390731
v 0.00646101 -0.00166544 0.02621543
v -0.00000051 -0.00166544 0.02700000
v 0.00646101 0.00983456 0.02621543
v -0.00000051 0.00983456 0.02700000
v 0.00646101 -0.00166544 0.02621543
v -0.00000051 -0.00716544 0.02350000
v -0.00562443 -0.00716544 0.02281713
v -0.00000051 0.00683456 0.02350000
v -0.00562443 0.00683456 0.02281713
v -0.00562443 0.00683456 0.02281713
v -0.01092151 -0.00716544 0.02080822
v -0.01092151 0.00683456 0.02080822
v -0.00562443 -0.00716544 0.02281713
v -0.01092151 0.00683456 0.02080822
v -0.01558389 -0.00716544 0.01759000
v -0.01558389 0.00683456 0.01759000
v -0.01092151 -0.00716544 0.02080822
v -0.01558389 0.00683456 0.01759000
v -0.01934063 -0.00716544 0.01334952
v -0.01934063 0.00683456 0.01334952
v -0.01558389 -0.00716544 0.01759000
v -0.01934063 0.00683456 0.01334952
v -0.02197339 -0.00716544 0.00833322
v -0.02197339 0.00683456 0.00833322
v -0.01934063 -0.00716544 0.01334952
v -0.02197339 0.00683456 0.00833322
v -0.02332917 -0.00716544 0.00283261
v -0.02332917 0.00683456 0.00283261
v -0.02197339 -0.00716544 0.00833322
v -0.02332917 0.00683456 0.00283261
v -0.02332917 -0.00716544 -0.00283261
v -0.02332917 0.00683456 -0.00283261
v -0.02332917 -0.00716544 0.00283261
v -0.02332917 0.00683456 -0.00283261
v -0.02197339 -0.00716544 -0.00833321
v -0.02197339 0.00683456 -0.00833321
v -0.02332917 -0.00716544 -0.00283261
v -0.02197339 0.00683456 -0.00833321
v -0.01934063 -0.00716544 -0.01334952
v -0.01934063 0.00683456 -0.01334952
v -0.02197339 -0.00716544 -0.00833321
v -0.01934063 0.00683456 -0.01334952
v -0.01558389 -0.00716544 -0.01759000
v -0.01558389 0.00683456 -0.01759000
v -0.01934063 -0.00716544 -0.01334952
v -0.01558389 0.00683456 -0.01759000
v -0.01092151 -0.00716544 -0.02080821
v -0.01092151 0.00683456 -0.02080821
v -0.01558389 -0.00716544 -0.01759000
v -0.01092151 0.00683456 -0.02080821
v -0.00562443 -0.00716544 -0.02281713
v -0.00562443 0.00683456 -0.02281713
v -0.01092151 -0.00716544 -0.02080821
v -0.00562443 0.00683456 -0.02281713
v -0.00000051 -0.00716544 -0.02350000
v -0.00000051 0.00683456 -0.02350000
v -0.00562443 -0.00716544 -0.02281713
v -0.00000051 -0.00866544 -0.02600000
v -0.00000051 -0.00166544 -0.02600000
v 0.00622169 -0.00166544 -0.02524449
v 0.00622169 -0.00866544 -0.02524449
v 0.00622169 -0.00166544 -0.02524449
v 0.01208229 -0.00166544 -0.02302185
v 0.00622169 -0.00866544 -0.02524449
v 0.01208229 -0.00866544 -0.02302185
v 0.01208229 -0.00166544 -0.02302185
v 0.01724068 -0.00166544 -0.01946128
v 0.01208229 -0.00866544 -0.02302185
v 0.01724068 -0.00866544 -0.01946128
v 0.01724068 -0.00166544 -0.01946128
v 0.02139707 -0.00166544 -0.01476968
v 0.01724068 -0.00866544 -0.01946128
v 0.02139707 -0.00866544 -0.01476968
v 0.02139707 -0.00166544 -0.01476968
v 0.02430991 -0.00166544 -0.00921972
v 0.02139707 -0.00866544 -0.01476968
v 0.02430991 -0.00866544 -0.00921972
v 0.02430991 -0.00166544 -0.00921972
v 0.02580992 -0.00166544 -0.00313395
v 0.02430991 -0.00866544 -0.00921972
v 0.02580992 -0.00866544 -0.00313395
v 0.02580992 -0.00166544 -0.00313395
v 0.02580992 -0.00166544 0.00313396
v 0.02580992 -0.00866544 -0.00313395
v 0.02580992 -0.00866544 0.00313396
v 0.02580992 -0.00166544 0.00313396
v 0.02430991 -0.00166544 0.00921973
v 0.02580992 -0.00866544 0.00313396
v 0.02430991 -0.00866544 0.00921973
v 0.02430991 -0.00166544 0.00921973
v 0.02139707 -0.00166544 0.01476969
v 0.02430991 -0.00866544 0.00921973
v 0.02139707 -0.00866544 0.01476969
v 0.02139707 -0.00166544 0.01476969
v 0.01724068 -0.00166544 0.01946128
v 0.02139707 -0.00866544 0.01476969
v 0.01724068 -0.00866544 0.01946128
v 0.01724068 -0.00166544 0.01946128
v 0.01208229 -0.00166544 0.02302186
v 0.01724068 -0.00866544 0.01946128
v 0.01208229 -0.00866544 0.02302186
v 0.01208229 -0.00166544 0.02302186
v 0.00622169 -0.00166544 0.02524449
v 0.01208229 -0.00866544 0.02302186
v 0.00622169 -0.00866544 0.02524449
v 0.00622169 -0.00166544 0.02524449
v -0.00000051 -0.00166544 0.02600000
v 0.00622169 -0.00866544 0.02524449
v -0.00000051 -0.00866544 0.02600000
v 0.02410592 -0.00928893 -0.00914236
v 0.02121752 -0.00928893 -0.01464575
v 0.02131557 -0.00909933 -0.01471342
v 0.02421731 -0.00909933 -0.00918461
v 0.01722405 -0.00888796 0.01944251
v 0.02139707 -0.00866544 0.01476969
v 0.01724068 -0.00866544 0.01946128
v 0.00619800 -0.00909933 -0.02514833
v -0.00000051 -0.00909933 -0.02590097
v -0.00000051 -0.00888796 -0.02597493
v 0.02137643 -0.00888796 0.01475544
v 0.02395787 -0.00944727 -0.00908621
v 0.02108721 -0.00944727 -0.01455580
v 0.02121752 -0.00928893 -0.01464575
v 0.02410592 -0.00928893 -0.00914236
v 0.00621569 -0.00888796 -0.02522014
v 0.02075722 -0.00964037 0.01432803
v 0.02337489 -0.00966544 0.00886512
v 0.02358295 -0.00964037 0.00894403
v 0.02378058 -0.00956641 -0.00901898
v 0.02108721 -0.00944727 -0.01455580
v 0.02395787 -0.00944727 -0.00908621
v 0.00616948 -0.00928893 -0.02503266
v -0.00000051 -0.00909933 -0.02590097
v 0.00619800 -0.00909933 -0.02514833
v 0.02057409 -0.00966544 0.01420162
v 0.02093116 -0.00956641 -0.01444809
v 0.02075722 -0.00964037 0.01432803
v 0.02378058 -0.00956641 0.00901898
v 0.02093116 -0.00956641 0.01444810
v -0.00000051 -0.00928893 -0.02578183
v 0.02358295 -0.00964037 0.00894403
v 0.01717501 -0.00909933 0.01938716
v 0.02131557 -0.00909933 0.01471343
v 0.02137643 -0.00888796 0.01475544
v 0.02578503 -0.00888796 -0.00313093
v 0.02430991 -0.00866544 -0.00921972
v 0.02580992 -0.00866544 -0.00313395
v 0.02428647 -0.00888796 -0.00921084
v 0.00613159 -0.00944727 -0.02487892
v -0.00000051 -0.00944727 -0.02562349
v -0.00000051 -0.00928893 -0.02578183
v 0.01722405 -0.00888796 0.01944251
v 0.01709600 -0.00928893 0.01929798
v 0.02131557 -0.00909933 0.01471343
v 0.01717501 -0.00909933 0.01938716
v 0.00616948 -0.00928893 -0.02503266
v 0.02358295 -0.00964037 -0.00894403
v 0.02337489 -0.00966544 -0.00886512
v 0.02057409 -0.00966544 -0.01420162
v 0.02121752 -0.00928893 0.01464575
v 0.02075722 -0.00964037 -0.01432802
v 0.00608621 -0.00956641 -0.02469482
v -0.00000051 -0.00956641 -0.02543388
v -0.00000051 -0.00944727 -0.02562349
v 0.02358295 -0.00964037 -0.00894403
v 0.02075722 -0.00964037 -0.01432802
v 0.02093116 -0.00956641 -0.01444809
v 0.00613159 -0.00944727 -0.02487892
v 0.02378058 -0.00956641 -0.00901898
v 0.01207064 -0.00888796 -0.02299965
v 0.00621569 -0.00888796 -0.02522014
v 0.00622169 -0.00866544 -0.02524449
v 0.01208229 -0.00866544 -0.02302185
v 0.01699100 -0.00944727 0.01917946
v 0.02108721 -0.00944727 0.01455580
v 0.02121752 -0.00928893 0.01464575
v 0.02571161 -0.00909933 -0.00312201
v 0.02421731 -0.00909933 -0.00918461
v 0.02428647 -0.00888796 -0.00921084
v 0.02578503 -0.00888796 -0.00313093
v 0.01709600 -0.00928893 0.01929798
v 0.02559334 -0.00928893 -0.00310765
v 0.02410592 -0.00928893 -0.00914236
v 0.02421731 -0.00909933 -0.00918461
v 0.01686527 -0.00956641 0.01903754
v 0.02093116 -0.00956641 0.01444810
v 0.02108721 -0.00944727 0.01455580
v 0.00603563 -0.00964037 -0.02448960
v 0.00598238 -0.00966544 -0.02427354
v -0.00000051 -0.00966544 -0.02500000
v 0.02571161 -0.00909933 -0.00312201
v 0.00603563 -0.00964037 -0.02448960
v -0.00000051 -0.00964037 -0.02522252
v -0.00000051 -0.00956641 -0.02543388
v -0.00000051 -0.00964037 -0.02522252
v 0.01699100 -0.00944727 0.01917946
v 0.00608621 -0.00956641 -0.02469482
v 0.01207064 -0.00888796 0.02299966
v 0.01724068 -0.00866544 0.01946128
v 0.01208229 -0.00866544 0.02302186
v 0.02543615 -0.00944727 -0.00308857
v 0.02410592 -0.00928893 -0.00914236
v 0.02559334 -0.00928893 -0.00310765
v 0.01203627 -0.00909933 -0.02293417
v 0.00619800 -0.00909933 -0.02514833
v 0.00621569 -0.00888796 -0.02522014
v 0.01722405 -0.00888796 0.01944251
v 0.02395787 -0.00944727 -0.00908621
v 0.01207064 -0.00888796 -0.02299965
v 0.01672511 -0.00964037 0.01887933
v 0.01657755 -0.00966544 0.01871277
v 0.02057409 -0.00966544 0.01420162
v 0.01198090 -0.00928893 -0.02282868
v 0.00616948 -0.00928893 -0.02503266
v 0.00619800 -0.00909933 -0.02514833
v 0.02524793 -0.00956641 -0.00306571
v 0.02395787 -0.00944727 -0.00908621
v 0.02543615 -0.00944727 -0.00308857
v 0.02075722 -0.00964037 0.01432803
v 0.01672511 -0.00964037 0.01887933
v 0.02075722 -0.00964037 0.01432803
v 0.02093116 -0.00956641 0.01444810
v 0.01686527 -0.00956641 0.01903754
v 0.02378058 -0.00956641 -0.00901898
v 0.01203627 -0.00909933 0.02293417
v 0.01722405 -0.00888796 0.01944251
v 0.01207064 -0.00888796 0.02299966
v 0.02578503 -0.00888796 0.00313093
v 0.02580992 -0.00866544 -0.00313395
v 0.02580992 -0.00866544 0.00313396
v 0.01203627 -0.00909933 -0.02293417
v 0.02578503 -0.00888796 -0.00313093
v 0.01717501 -0.00909933 0.01938716
v 0.01190732 -0.00944727 -0.02268847
v 0.00613159 -0.00944727 -0.02487892
v 0.00616948 -0.00928893 -0.02503266
v 0.01198090 -0.00928893 -0.02282868
v 0.02503811 -0.00964037 -0.00304024
v 0.02481721 -0.00966544 -0.00301342
v 0.02337489 -0.00966544 -0.00886512
v 0.01198090 -0.00928893 0.02282868
v 0.01709600 -0.00928893 0.01929798
v 0.01717501 -0.00909933 0.01938716
v 0.02358295 -0.00964037 -0.00894403
v 0.02503811 -0.00964037 -0.00304024
v 0.02358295 -0.00964037 -0.00894403
v 0.02378058 -0.00956641 -0.00901898
v 0.01181920 -0.00956641 -0.02252058
v 0.00608621 -0.00956641 -0.02469482
v 0.00613159 -0.00944727 -0.02487892
v 0.02524793 -0.00956641 -0.00306571
v 0.01190732 -0.00944727 -0.02268847
v 0.01203627 -0.00909933 0.02293417
v 0.02571161 -0.00909933 0.00312202
v 0.02571161 -0.00909933 -0.00312201
v 0.02578503 -0.00888796 -0.00313093
v 0.01722405 -0.00888796 -0.01944251
v 0.01208229 -0.00866544 -0.02302185
v 0.01724068 -0.00866544 -0.01946128
v 0.01190732 -0.00944727 0.02268848
v 0.01699100 -0.00944727 0.01917946
v 0.01709600 -0.00928893 0.01929798
v 0.01198090 -0.00928893 0.02282868
v 0.02578503 -0.00888796 0.00313093
v 0.01207064 -0.00888796 -0.02299965
v 0.02559334 -0.00928893 0.00310766
v 0.02559334 -0.00928893 -0.00310765
v 0.02571161 -0.00909933 -0.00312201
v 0.01181920 -0.00956641 0.02252059
v 0.01686527 -0.00956641 0.01903754
v 0.01699100 -0.00944727 0.01917946
v 0.01172098 -0.00964037 -0.02233343
v 0.01161757 -0.00966544 -0.02213640
v 0.00598238 -0.00966544 -0.02427354
v 0.01172098 -0.00964037 -0.02233343
v 0.00608621 -0.00956641 -0.02469482
v 0.01181920 -0.00956641 -0.02252058
v 0.00603563 -0.00964037 -0.02448960
v 0.01190732 -0.00944727 0.02268848
v 0.02571161 -0.00909933 0.00312202
v 0.00603563 -0.00964037 -0.02448960
v 0.00621569 -0.00888796 0.02522015
v 0.01208229 -0.00866544 0.02302186
v 0.00622169 -0.00866544 0.02524449
v 0.00621569 -0.00888796 0.02522015
v 0.00622169 -0.00866544 0.02524449
v -0.00000051 -0.00888796 0.02597493
v 0.02543615 -0.00944727 0.00308857
v 0.02559334 -0.00928893 -0.00310765
v 0.02559334 -0.00928893 0.00310766
v 0.02543615 -0.00944727 -0.00308857
v 0.01717501 -0.00909933 -0.01938715
v 0.01203627 -0.00909933 -0.02293417
v 0.01207064 -0.00888796 -0.02299965
v 0.01207064 -0.00888796 0.02299966
v 0.01722405 -0.00888796 -0.01944251
v 0.02524793 -0.00956641 0.00306572
v 0.02543615 -0.00944727 -0.00308857
v 0.02543615 -0.00944727 0.00308857
v 0.01172098 -0.00964037 0.02233344
v 0.01161757 -0.00966544 0.02213640
v 0.01657755 -0.00966544 0.01871277
v 0.02524793 -0.00956641 -0.00306571
v 0.01709600 -0.00928893 -0.01929798
v 0.01203627 -0.00909933 -0.02293417
v 0.01717501 -0.00909933 -0.01938715
v 0.01672511 -0.00964037 0.01887933
v 0.01172098 -0.00964037 0.02233344
v 0.01672511 -0.00964037 0.01887933
v 0.01686527 -0.00956641 0.01903754
v 0.01198090 -0.00928893 -0.02282868
v 0.01181920 -0.00956641 0.02252059
v 0.00619800 -0.00909933 0.02514834
v 0.01203627 -0.00909933 0.02293417
v 0.01207064 -0.00888796 0.02299966
v 0.02428647 -0.00888796 0.00921084
v 0.02580992 -0.00866544 0.00313396
v 0.02430991 -0.00866544 0.00921973
v 0.00619800 -0.00909933 0.02514834
v 0.00621569 -0.00888796 0.02522015
v -0.00000051 -0.00888796 0.02597493
v 0.01699100 -0.00944727 -0.01917945
v 0.01190732 -0.00944727 -0.02268847
v 0.01198090 -0.00928893 -0.02282868
v -0.00000051 -0.00909933 0.02590097
v 0.02578503 -0.00888796 0.00313093
v 0.01709600 -0.00928893 -0.01929798
v 0.00621569 -0.00888796 0.02522015
v 0.02503811 -0.00964037 0.00304024
v 0.02481721 -0.00966544 0.00301342
v 0.02481721 -0.00966544 -0.00301342
v 0.02503811 -0.00964037 -0.00304024
v 0.02503811 -0.00964037 0.00304024
v 0.02503811 -0.00964037 -0.00304024
v 0.02524793 -0.00956641 -0.00306571
v 0.00616948 -0.00928893 0.02503266
v -0.00000051 -0.00909933 0.02590097
v -0.00000051 -0.00928893 0.02578183
v 0.01686527 -0.00956641 -0.01903753
v 0.01181920 -0.00956641 -0.02252058
v 0.01190732 -0.00944727 -0.02268847
v 0.02524793 -0.00956641 0.00306572
v 0.01699100 -0.00944727 -0.01917945
v 0.02421731 -0.00909933 0.00918461
v 0.02571161 -0.00909933 0.00312202
v 0.02578503 -0.00888796 0.00313093
v 0.02428647 -0.00888796 0.00921084
v 0.02137643 -0.00888796 -0.01475544
v 0.01724068 -0.00866544 -0.01946128
v 0.02139707 -0.00866544 -0.01476968
v 0.00616948 -0.00928893 0.02503266
v 0.01198090 -0.00928893 0.02282868
v 0.01203627 -0.00909933 0.02293417
v 0.01722405 -0.00888796 -0.01944251
v 0.00619800 -0.00909933 0.02514834
v 0.00619800 -0.00909933 0.02514834
v 0.00613159 -0.00944727 0.02487892
v 0.01198090 -0.00928893 0.02282868
v 0.00616948 -0.00928893 0.02503266
v 0.00613159 -0.00944727 0.02487892
v -0.00000051 -0.00928893 0.02578183
v -0.00000051 -0.00944727 0.02562349
v 0.01672511 -0.00964037 -0.01887933
v 0.01181920 -0.00956641 -0.02252058
v 0.01686527 -0.00956641 -0.01903753
v 0.02410592 -0.00928893 0.00914237
v 0.02559334 -0.00928893 0.00310766
v 0.02571161 -0.00909933 0.00312202
v 0.01190732 -0.00944727 0.02268848
v 0.01672511 -0.00964037 -0.01887933
v 0.01657755 -0.00966544 -0.01871277
v 0.01161757 -0.00966544 -0.02213640
v 0.01172098 -0.00964037 -0.02233343
v 0.01172098 -0.00964037 -0.02233343
v 0.02421731 -0.00909933 0.00918461
v 0.00616948 -0.00928893 0.02503266
v 0.00608621 -0.00956641 0.02469482
v -0.00000051 -0.00944727 0.02562349
v -0.00000051 -0.00956641 0.02543389
v 0.02395787 -0.00944727 0.00908622
v 0.02559334 -0.00928893 0.00310766
v 0.02410592 -0.00928893 0.00914237
v 0.02543615 -0.00944727 0.00308857
v 0.00613159 -0.00944727 0.02487892
v 0.00608621 -0.00956641 0.02469482
v 0.01181920 -0.00956641 0.02252059
v 0.01190732 -0.00944727 0.02268848
v 0.02131557 -0.00909933 -0.01471342
v 0.01722405 -0.00888796 -0.01944251
v 0.02137643 -0.00888796 -0.01475544
v 0.01717501 -0.00909933 -0.01938715
v 0.00613159 -0.00944727 0.02487892
v 0.00603563 -0.00964037 0.02448960
v -0.00000051 -0.00956641 0.02543389
v -0.00000051 -0.00964037 0.02522252
v 0.02378058 -0.00956641 0.00901898
v 0.02543615 -0.00944727 0.00308857
v 0.02395787 -0.00944727 0.00908622
v 0.00603563 -0.00964037 0.02448960
v -0.00000051 -0.00964037 0.02522252
v -0.00000051 -0.00966544 0.02500000
v 0.00598238 -0.00966544 0.02427355
v 0.02121752 -0.00928893 -0.01464575
v 0.01717501 -0.00909933 -0.01938715
v 0.02131557 -0.00909933 -0.01471342
v 0.00603563 -0.00964037 0.02448960
v 0.00598238 -0.00966544 0.02427355
v 0.01161757 -0.00966544 0.02213640
v 0.02524793 -0.00956641 0.00306572
v 0.01172098 -0.00964037 0.02233344
v 0.01709600 -0.00928893 -0.01929798
v 0.00603563 -0.00964037 0.02448960
v 0.01172098 -0.00964037 0.02233344
v 0.01181920 -0.00956641 0.02252059
v 0.00608621 -0.00956641 0.02469482
v 0.02137643 -0.00888796 0.01475544
v 0.02430991 -0.00866544 0.00921973
v 0.02139707 -0.00866544 0.01476969
v -0.00000051 -0.00866544 0.02600000
v 0.00608621 -0.00956641 0.02469482
v 0.02108721 -0.00944727 -0.01455580
v 0.01709600 -0.00928893 -0.01929798
v 0.02121752 -0.00928893 -0.01464575
v 0.01699100 -0.00944727 -0.01917945
v 0.02428647 -0.00888796 0.00921084
v 0.02358295 -0.00964037 0.00894403
v 0.02503811 -0.00964037 0.00304024
v 0.02524793 -0.00956641 0.00306572
v 0.02378058 -0.00956641 0.00901898
v 0.02358295 -0.00964037 0.00894403
v 0.02337489 -0.00966544 0.00886512
v 0.02481721 -0.00966544 0.00301342
v 0.02093116 -0.00956641 -0.01444809
v 0.01699100 -0.00944727 -0.01917945
v 0.02108721 -0.00944727 -0.01455580
v 0.02503811 -0.00964037 0.00304024
v 0.02131557 -0.00909933 0.01471343
v 0.02421731 -0.00909933 0.00918461
v 0.02428647 -0.00888796 0.00921084
v 0.01686527 -0.00956641 -0.01903753
v 0.02428647 -0.00888796 -0.00921084
v 0.02139707 -0.00866544 -0.01476968
v 0.02430991 -0.00866544 -0.00921972
v 0.02137643 -0.00888796 0.01475544
v 0.02137643 -0.00888796 -0.01475544
v 0.02121752 -0.00928893 0.01464575
v 0.02410592 -0.00928893 0.00914237
v 0.02421731 -0.00909933 0.00918461
v 0.02075722 -0.00964037 -0.01432802
v 0.01672511 -0.00964037 -0.01887933
v 0.01686527 -0.00956641 -0.01903753
v 0.02131557 -0.00909933 0.01471343
v 0.02075722 -0.00964037 -0.01432802
v 0.02057409 -0.00966544 -0.01420162
v 0.01657755 -0.00966544 -0.01871277
v 0.01672511 -0.00964037 -0.01887933
v 0.02093116 -0.00956641 -0.01444809
v 0.02421731 -0.00909933 -0.00918461
v 0.02131557 -0.00909933 -0.01471342
v 0.02137643 -0.00888796 -0.01475544
v 0.02108721 -0.00944727 0.01455580
v 0.02410592 -0.00928893 0.00914237
v 0.02121752 -0.00928893 0.01464575
v 0.02395787 -0.00944727 0.00908622
v 0.02428647 -0.00888796 -0.00921084
v 0.00621569 -0.00888796 -0.02522014
v -0.00000051 -0.00866544 -0.02600000
v 0.00622169 -0.00866544 -0.02524449
v 0.02093116 -0.00956641 0.01444810
v 0.02378058 -0.00956641 0.00901898
v 0.02395787 -0.00944727 0.00908622
v 0.02108721 -0.00944727 0.01455580
v -0.00000051 -0.00888796 -0.02597493
v -0.00000051 -0.00966544 0.02100000
v -0.00502614 -0.00966544 0.02038978
v -0.00000051 -0.00716544 0.02100000
v -0.00502614 -0.00716544 0.02038978
v -0.00502614 -0.00716544 0.02038978
v -0.00975970 -0.00966544 0.01859458
v -0.00975970 -0.00716544 0.01859458
v -0.00502614 -0.00966544 0.02038978
v -0.00975970 -0.00716544 0.01859458
v -0.01392609 -0.00966544 0.01571873
v -0.01392609 -0.00716544 0.01571873
v -0.00975970 -0.00966544 0.01859458
v -0.01392609 -0.00716544 0.01571873
v -0.01728317 -0.00966544 0.01192936
v -0.01728317 -0.00716544 0.01192936
v -0.01392609 -0.00966544 0.01571873
v -0.01728317 -0.00716544 0.01192936
v -0.01963585 -0.00966544 0.00744670
v -0.01963585 -0.00716544 0.00744670
v -0.01728317 -0.00966544 0.01192936
v -0.01963585 -0.00716544 0.00744670
v -0.02084740 -0.00966544 0.00253127
v -0.02084740 -0.00716544 0.00253127
v -0.01963585 -0.00966544 0.00744670
v -0.02084740 -0.00716544 0.00253127
v -0.02084740 -0.00966544 -0.00253127
v -0.02084740 -0.00716544 -0.00253127
v -0.02084740 -0.00966544 0.00253127
v -0.02084740 -0.00716544 -0.00253127
v -0.01963585 -0.00966544 -0.00744670
v -0.01963585 -0.00716544 -0.00744670
v -0.02084740 -0.00966544 -0.00253127
v -0.01963585 -0.00716544 -0.00744670
v -0.01728317 -0.00966544 -0.01192936
v -0.01728317 -0.00716544 -0.01192936
v -0.01963585 -0.00966544 -0.00744670
v -0.01728317 -0.00716544 -0.01192936
v -0.01392609 -0.00966544 -0.01571872
v -0.01392609 -0.00716544 -0.01571872
v -0.01728317 -0.00966544 -0.01192936
v -0.01392609 -0.00716544 -0.01571872
v -0.00975970 -0.00966544 -0.01859457
v -0.00975970 -0.00716544 -0.01859457
v -0.01392609 -0.00966544 -0.01571872
v -0.00975970 -0.00716544 -0.01859457
v -0.00502614 -0.00966544 -0.02038978
v -0.00502614 -0.00716544 -0.02038978
v -0.00975970 -0.00966544 -0.01859457
v -0.00502614 -0.00716544 -0.02038978
v -0.00000051 -0.00966544 -0.02100000
v -0.00000051 -0.00716544 -0.02100000
v -0.00502614 -0.00966544 -0.02038978
v -0.00430819 0.00983456 -0.01747695
v -0.01254804 0.00983456 -0.02390731
v -0.00836553 0.00983456 -0.01593821
v 0.02524493 0.00983456 0.00957433
v 0.01682978 0.00983456 0.00638289
v 0.02222005 0.00983456 0.01533775
v 0.01786825 0.00983456 0.00216966
v -0.00646203 0.00983456 -0.02621543
v -0.00000051 0.00983456 -0.01800000
v -0.01193672 0.00983456 0.01347320
v -0.02222108 0.00983456 0.01533775
v -0.01790482 0.00983456 0.02020979
v -0.01481422 0.00983456 0.01022517
v -0.02524595 0.00983456 0.00957433
v -0.00836553 0.00983456 0.01593821
v -0.01254804 0.00983456 0.02390731
v 0.02680263 0.00983456 0.00325449
v 0.01786825 0.00983456 -0.00216966
v -0.01683080 0.00983456 0.00638289
v -0.02680365 0.00983456 0.00325449
v -0.00430819 0.00983456 0.01747696
v -0.00646203 0.00983456 0.02621543
v -0.01786927 0.00983456 0.00216966
v -0.02680365 0.00983456 -0.00325449
v -0.00000051 0.00983456 -0.02700000
v 0.00430717 0.00983456 -0.01747695
v -0.00000051 0.00983456 0.01800000
v -0.00000051 0.00983456 0.02700000
v 0.02680263 0.00983456 -0.00325449
v 0.00646101 0.00983456 -0.02621543
v 0.00836451 0.00983456 -0.01593821
v -0.01786927 0.00983456 -0.00216966
v 0.02524493 0.00983456 -0.00957433
v 0.01682978 0.00983456 -0.00638289
v 0.00430717 0.00983456 0.01747696
v 0.00646101 0.00983456 0.02621543
v 0.01254701 0.00983456 -0.02390731
v 0.01193570 0.00983456 -0.01347319
v 0.02222005 0.00983456 -0.01533775
v 0.01481320 0.00983456 -0.01022516
v -0.01683080 0.00983456 -0.00638289
v -0.02524595 0.00983456 -0.00957433
v 0.01790380 0.00983456 -0.02020979
v 0.00836451 0.00983456 0.01593821
v 0.01254701 0.00983456 0.02390731
v -0.01481422 0.00983456 -0.01022516
v -0.02222108 0.00983456 -0.01533775
v 0.01193570 0.00983456 0.01347320
v 0.01790380 0.00983456 0.02020979
v -0.01193672 0.00983456 -0.01347319
v -0.01790482 0.00983456 -0.02020979
v 0.01481320 0.00983456 0.01022517
v -0.00000051 0.00683456 -0.01800000
v 0.00430717 0.00683456 -0.01747695
v -0.00000051 0.00983456 -0.01800000
v 0.00430717 0.00983456 -0.01747695
v 0.00430717 0.00983456 -0.01747695
v 0.00836451 0.00683456 -0.01593821
v 0.00836451 0.00983456 -0.01593821
v 0.00430717 0.00683456 -0.01747695
v 0.00836451 0.00983456 -0.01593821
v 0.01193570 0.00683456 -0.01347319
v 0.01193570 0.00983456 -0.01347319
v 0.00836451 0.00683456 -0.01593821
v 0.01193570 0.00983456 -0.01347319
v 0.01481320 0.00683456 -0.01022516
v 0.01481320 0.00983456 -0.01022516
v 0.01193570 0.00683456 -0.01347319
v 0.01481320 0.00983456 -0.01022516
v 0.01682978 0.00683456 -0.00638289
v 0.01682978 0.00983456 -0.00638289
v 0.01481320 0.00683456 -0.01022516
v 0.01682978 0.00983456 -0.00638289
v 0.01786825 0.00683456 -0.00216966
v 0.01786825 0.00983456 -0.00216966
v 0.01682978 0.00683456 -0.00638289
v 0.01786825 0.00983456 -0.00216966
v 0.01786825 0.00683456 0.00216966
v 0.01786825 0.00983456 0.00216966
v 0.01786825 0.00683456 -0.00216966
v 0.01786825 0.00983456 0.00216966
v 0.01682978 0.00683456 0.00638289
v 0.01682978 0.00983456 0.00638289
v 0.01786825 0.00683456 0.00216966
v 0.01682978 0.00983456 0.00638289
v 0.01481320 0.00683456 0.01022517
v 0.01481320 0.00983456 0.01022517
v 0.01682978 0.00683456 0.00638289
v 0.01481320 0.00983456 0.01022517
v 0.01193570 0.00683456 0.01347320
v 0.01193570 0.00983456 0.01347320
v 0.01481320 0.00683456 0.01022517
v 0.01193570 0.00983456 0.01347320
v 0.00836451 0.00683456 0.01593821
v 0.00836451 0.00983456 0.01593821
v 0.01193570 0.00683456 0.01347320
v 0.00836451 0.00983456 0.01593821
v 0.00430717 0.00683456 0.01747696
v 0.00430717 0.00983456 0.01747696
v 0.00836451 0.00683456 0.01593821
v 0.00430717 0.00983456 0.01747696
v -0.00000051 0.00683456 0.01800000
v -0.00000051 0.00983456 0.01800000
v 0.00430717 0.00683456 0.01747696
v -0.00000051 -0.00166544 0.02700000
v -0.00000051 0.00983456 0.02700000
v -0.00646203 0.00983456 0.02621543
v -0.00646203 -0.00166544 0.02621543
v -0.00646203 0.00983456 0.02621543
v -0.01254804 0.00983456 0.02390731
v -0.00646203 -0.00166544 0.02621543
v -0.01254804 -0.00166544 0.02390731
v -0.01254804 0.00983456 0.02390731
v -0.01790482 0.00983456 0.02020979
v -0.01254804 -0.00166544 0.02390731
v -0.01790482 -0.00166544 0.02020979
v -0.01790482 0.00983456 0.02020979
v -0.02222108 0.00983456 0.01533775
v -0.01790482 -0.00166544 0.02020979
v -0.02222108 -0.00166544 0.01533775
v -0.02222108 0.00983456 0.01533775
v -0.02524595 0.00983456 0.00957433
v -0.02222108 -0.00166544 0.01533775
v -0.02524595 -0.00166544 0.00957433
v -0.02524595 0.00983456 0.00957433
v -0.02680365 0.00983456 0.00325449
v -0.02524595 -0.00166544 0.00957433
v -0.02680365 -0.00166544 0.00325449
v -0.02680365 0.00983456 0.00325449
v -0.02680365 0.00983456 -0.00325449
v -0.02680365 -0.00166544 0.00325449
v -0.02680365 -0.00166544 -0.00325449
v -0.02680365 0.00983456 -0.00325449
v -0.02524595 0.00983456 -0.00957433
v -0.02680365 -0.00166544 -0.00325449
v -0.02524595 -0.00166544 -0.00957433
v -0.02524595 0.00983456 -0.00957433
v -0.02222108 0.00983456 -0.01533775
v -0.02524595 -0.00166544 -0.00957433
v -0.02222108 -0.00166544 -0.01533775
v -0.02222108 0.00983456 -0.01533775
v -0.01790482 0.00983456 -0.02020979
v -0.02222108 -0.00166544 -0.01533775
v -0.01790482 -0.00166544 -0.02020979
v -0.01790482 0.00983456 -0.02020979
v -0.01254804 0.00983456 -0.02390731
v -0.01790482 -0.00166544 -0.02020979
v -0.01254804 -0.00166544 -0.02390731
v -0.01254804 0.00983456 -0.02390731
v -0.00646203 0.00983456 -0.02621543
v -0.01254804 -0.00166544 -0.02390731
v -0.00646203 -0.00166544 -0.02621543
v -0.00646203 0.00983456 -0.02621543
v -0.00000051 0.00983456 -0.02700000
v -0.00646203 -0.00166544 -0.02621543
v -0.00000051 -0.00166544 -0.02700000
v 0.01786825 0.00683456 -0.00216966
v 0.01682978 0.00683456 -0.00638289
v 0.02197237 0.00683456 -0.00833321
v -0.00562443 0.00683456 0.02281713
v -0.00836553 0.00683456 0.01593821
v -0.00430819 0.00683456 0.01747696
v -0.01092151 0.00683456 0.02080822
v 0.02332815 0.00683456 -0.00283261
v 0.01786825 0.00683456 0.00216966
v -0.01193672 0.00683456 -0.01347319
v -0.01934063 0.00683456 -0.01334952
v -0.01558389 0.00683456 -0.01759000
v -0.01481422 0.00683456 -0.01022516
v -0.02197339 0.00683456 -0.00833321
v -0.00000051 0.00683456 0.02350000
v -0.00000051 0.00683456 0.01800000
v -0.00836553 0.00683456 -0.01593821
v -0.01092151 0.00683456 -0.02080821
v -0.01683080 0.00683456 -0.00638289
v -0.02332917 0.00683456 -0.00283261
v -0.00430819 0.00683456 -0.01747695
v -0.00562443 0.00683456 -0.02281713
v 0.02332815 0.00683456 0.00283261
v 0.01682978 0.00683456 0.00638289
v 0.00562341 0.00683456 0.02281713
v 0.00430717 0.00683456 0.01747696
v -0.01786927 0.00683456 -0.00216966
v -0.02332917 0.00683456 0.00283261
v 0.02197237 0.00683456 0.00833322
v 0.01481320 0.00683456 0.01022517
v -0.00000051 0.00683456 -0.01800000
v -0.00000051 0.00683456 -0.02350000
v 0.01092048 0.00683456 0.02080822
v 0.00836451 0.00683456 0.01593821
v 0.01933961 0.00683456 0.01334952
v 0.01193570 0.00683456 0.01347320
v -0.01786927 0.00683456 0.00216966
v 0.01558287 0.00683456 0.01759000
v -0.02197339 0.00683456 0.00833322
v 0.00430717 0.00683456 -0.01747695
v 0.00562341 0.00683456 -0.02281713
v -0.01683080 0.00683456 0.00638289
v 0.00836451 0.00683456 -0.01593821
v 0.01092048 0.00683456 -0.02080821
v -0.01934063 0.00683456 0.01334952
v -0.01481422 0.00683456 0.01022517
v 0.01193570 0.00683456 -0.01347319
v 0.01558287 0.00683456 -0.01759000
v -0.01558389 0.00683456 0.01759000
v -0.01193672 0.00683456 0.01347320
v 0.01481320 0.00683456 -0.01022516
v 0.01933961 0.00683456 -0.01334952
v -0.00646203 -0.00166544 0.02621543
v -0.01208331 -0.00166544 0.02302186
v -0.00622272 -0.00166544 0.02524449
v -0.01254804 -0.00166544 0.02390731
v 0.02580992 -0.00166544 -0.00313395
v 0.02430991 -0.00166544 -0.00921972
v 0.02524493 -0.00166544 -0.00957433
v -0.01724170 -0.00166544 -0.01946128
v -0.02222108 -0.00166544 -0.01533775
v -0.01790482 -0.00166544 -0.02020979
v 0.02680263 -0.00166544 -0.00325449
v -0.02139809 -0.00166544 -0.01476968
v -0.01208331 -0.00166544 -0.02302185
v -0.01254804 -0.00166544 -0.02390731
v -0.00000051 -0.00166544 0.02700000
v -0.00000051 -0.00166544 0.02600000
v -0.02524595 -0.00166544 -0.00957433
v 0.02580992 -0.00166544 0.00313396
v -0.02431093 -0.00166544 -0.00921972
v 0.02680263 -0.00166544 0.00325449
v -0.00622272 -0.00166544 -0.02524449
v -0.00646203 -0.00166544 -0.02621543
v 0.00646101 -0.00166544 0.02621543
v 0.00622169 -0.00166544 0.02524449
v -0.02680365 -0.00166544 -0.00325449
v -0.02581094 -0.00166544 -0.00313395
v 0.02430991 -0.00166544 0.00921973
v 0.02524493 -0.00166544 0.00957433
v -0.00000051 -0.00166544 -0.02600000
v -0.00000051 -0.00166544 -0.02700000
v -0.02680365 -0.00166544 0.00325449
v 0.02139707 -0.00166544 0.01476969
v -0.02581094 -0.00166544 0.00313396
v 0.01254701 -0.00166544 0.02390731
v 0.01208229 -0.00166544 0.02302186
v 0.00622169 -0.00166544 -0.02524449
v 0.00646101 -0.00166544 -0.02621543
v 0.02222005 -0.00166544 0.01533775
v 0.01724068 -0.00166544 0.01946128
v 0.01790380 -0.00166544 0.02020979
v -0.02524595 -0.00166544 0.00957433
v -0.02431093 -0.00166544 0.00921973
v 0.01208229 -0.00166544 -0.02302185
v 0.01254701 -0.00166544 -0.02390731
v -0.02222108 -0.00166544 0.01533775
v -0.02139809 -0.00166544 0.01476969
v 0.01724068 -0.00166544 -0.01946128
v 0.01790380 -0.00166544 -0.02020979
v -0.01790482 -0.00166544 0.02020979
v -0.01724170 -0.00166544 0.01946128
v 0.02139707 -0.00166544 -0.01476968
v 0.02222005 -0.00166544 -0.01533775
v -0.00000051 -0.00716544 -0.02350000
v 0.00562341 -0.00716544 -0.02281713
v -0.00000051 0.00683456 -0.02350000
v 0.00562341 0.00683456 -0.02281713
v 0.00562341 0.00683456 -0.02281713
v 0.01092048 -0.00716544 -0.02080821
v 0.01092048 0.00683456 -0.02080821
v 0.00562341 -0.00716544 -0.02281713
v 0.01092048 0.00683456 -0.02080821
v 0.01558287 -0.00716544 -0.01759000
v 0.01558287 0.00683456 -0.01759000
v 0.01092048 -0.00716544 -0.02080821
v 0.01558287 0.00683456 -0.01759000
v 0.01933961 -0.00716544 -0.01334952
v 0.01933961 0.00683456 -0.01334952
v 0.01558287 -0.00716544 -0.01759000
v 0.01933961 0.00683456 -0.01334952
v 0.02197237 -0.00716544 -0.00833321
v 0.02197237 0.00683456 -0.00833321
v 0.01933961 -0.00716544 -0.01334952
v 0.02197237 0.00683456 -0.00833321
v 0.02332815 -0.00716544 -0.00283261
v 0.02332815 0.00683456 -0.00283261
v 0.02197237 -0.00716544 -0.00833321
v 0.02332815 0.00683456 -0.00283261
v 0.02332815 -0.00716544 0.00283261
v 0.02332815 0.00683456 0.00283261
v 0.02332815 -0.00716544 -0.00283261
v 0.02332815 0.00683456 0.00283261
v 0.02197237 -0.00716544 0.00833322
v 0.02197237 0.00683456 0.00833322
v 0.02332815 -0.00716544 0.00283261
v 0.02197237 0.00683456 0.00833322
v 0.01933961 -0.00716544 0.01334952
v 0.01933961 0.00683456 0.01334952
v 0.02197237 -0.00716544 0.00833322
v 0.01933961 0.00683456 0.01334952
v 0.01558287 -0.00716544 0.01759000
v 0.01558287 0.00683456 0.01759000
v 0.01933961 -0.00716544 0.01334952
v 0.01558287 0.00683456 0.01759000
v 0.01092048 -0.00716544 0.02080822
v 0.01092048 0.00683456 0.02080822
v 0.01558287 -0.00716544 0.01759000
v 0.01092048 0.00683456 0.02080822
v 0.00562341 -0.00716544 0.02281713
v 0.00562341 0.00683456 0.02281713
v 0.01092048 -0.00716544 0.02080822
v 0.00562341 0.00683456 0.02281713
v -0.00000051 -0.00716544 0.02350000
v -0.00000051 0.00683456 0.02350000
v 0.00562341 -0.00716544 0.02281713
v -0.00000051 -0.00866544 0.02600000
v -0.00000051 -0.00166544 0.02600000
v -0.00622272 -0.00166544 0.02524449
v -0.00622272 -0.00866544 0.02524449
v -0.00622272 -0.00166544 0.02524449
v -0.01208331 -0.00166544 0.02302186
v -0.00622272 -0.00866544 0.02524449
v -0.01208331 -0.00866544 0.02302186
v -0.01208331 -0.00166544 0.02302186
v -0.01724170 -0.00166544 0.01946128
v -0.01208331 -0.00866544 0.02302186
v -0.01724170 -0.00866544 0.01946128
v -0.01724170 -0.00166544 0.01946128
v -0.02139809 -0.00166544 0.01476969
v -0.01724170 -0.00866544 0.01946128
v -0.02139809 -0.00866544 0.01476969
v -0.02139809 -0.00166544 0.01476969
v -0.02431093 -0.00166544 0.00921973
v -0.02139809 -0.00866544 0.01476969
v -0.02431093 -0.00866544 0.00921973
v -0.02431093 -0.00166544 0.00921973
v -0.02581094 -0.00166544 0.00313396
v -0.02431093 -0.00866544 0.00921973
v -0.02581094 -0.00866544 0.00313396
v -0.02581094 -0.00166544 0.00313396
v -0.02581094 -0.00166544 -0.00313395
v -0.02581094 -0.00866544 0.00313396
v -0.02581094 -0.00866544 -0.00313395
v -0.02581094 -0.00166544 -0.00313395
v -0.02431093 -0.00166544 -0.00921972
v -0.02581094 -0.00866544 -0.00313395
v -0.02431093 -0.00866544 -0.00921972
v -0.02431093 -0.00166544 -0.00921972
v -0.02139809 -0.00166544 -0.01476968
v -0.02431093 -0.00866544 -0.00921972
v -0.02139809 -0.00866544 -0.01476968
v -0.02139809 -0.00166544 -0.01476968
v -0.01724170 -0.00166544 -0.01946128
v -0.02139809 -0.00866544 -0.01476968
v -0.01724170 -0.00866544 -0.01946128
v -0.01724170 -0.00166544 -0.01946128
v -0.01208331 -0.00166544 -0.02302185
v -0.01724170 -0.00866544 -0.01946128
v -0.01208331 -0.00866544 -0.02302185
v -0.01208331 -0.00166544 -0.02302185
v -0.00622272 -0.00166544 -0.02524449
v -0.01208331 -0.00866544 -0.02302185
v -0.00622272 -0.00866544 -0.02524449
v -0.00622272 -0.00166544 -0.02524449
v -0.00000051 -0.00166544 -0.02600000
v -0.00622272 -0.00866544 -0.02524449
v -0.00000051 -0.00866544 -0.02600000
v 0.02084637 -0.00716544 0.00253127
v 0.01963483 -0.00716544 0.00744670
v 0.02197237 -0.00716544 0.00833322
v 0.02332815 -0.00716544 0.00283261
v -0.01392609 -0.00716544 0.01571873
v -0.01934063 -0.00716544 0.01334952
v -0.01558389 -0.00716544 0.01759000
v 0.02084637 -0.00716544 -0.00253127
v -0.01728317 -0.00716544 0.01192936
v -0.02197339 -0.00716544 0.00833322
v -0.00000051 -0.00716544 -0.02350000
v -0.00502614 -0.00716544 -0.02038978
v -0.00000051 -0.00716544 -0.02100000
v -0.00562443 -0.00716544 -0.02281713
v -0.00975970 -0.00716544 0.01859458
v -0.01092151 -0.00716544 0.02080822
v 0.02332815 -0.00716544 -0.00283261
v -0.01963585 -0.00716544 0.00744670
v 0.01963483 -0.00716544 -0.00744670
v -0.02332917 -0.00716544 0.00283261
v -0.00502614 -0.00716544 0.02038978
v -0.00562443 -0.00716544 0.02281713
v 0.00562341 -0.00716544 -0.02281713
v 0.00502512 -0.00716544 -0.02038978
v -0.02084740 -0.00716544 0.00253127
v -0.00000051 -0.00716544 0.02100000
v -0.00000051 -0.00716544 0.02350000
v 0.02197237 -0.00716544 -0.00833321
v 0.01728215 -0.00716544 -0.01192936
v -0.02332917 -0.00716544 -0.00283261
v 0.01092048 -0.00716544 -0.02080821
v 0.00975867 -0.00716544 -0.01859457
v -0.02084740 -0.00716544 -0.00253127
v 0.01933961 -0.00716544 -0.01334952
v 0.01392506 -0.00716544 -0.01571872
v 0.00502512 -0.00716544 0.02038978
v 0.00562341 -0.00716544 0.02281713
v 0.01558287 -0.00716544 -0.01759000
v -0.02197339 -0.00716544 -0.00833321
v -0.01963585 -0.00716544 -0.00744670
v 0.00975867 -0.00716544 0.01859458
v 0.01092048 -0.00716544 0.02080822
v -0.01934063 -0.00716544 -0.01334952
v -0.01728317 -0.00716544 -0.01192936
v 0.01392506 -0.00716544 0.01571873
v 0.01558287 -0.00716544 0.01759000
v -0.01558389 -0.00716544 -0.01759000
v -0.01392609 -0.00716544 -0.01571872
v 0.01728215 -0.00716544 0.01192936
v 0.01933961 -0.00716544 0.01334952
v -0.01092151 -0.00716544 -0.02080821
v -0.00975970 -0.00716544 -0.01859457
v -0.02093219 -0.00956641 -0.01444809
v -0.02395889 -0.00944727 -0.00908621
v -0.02108823 -0.00944727 -0.01455580
v -0.00621672 -0.00888796 0.02522015
v -0.00000051 -0.00866544 0.02600000
v -0.00622272 -0.00866544 0.02524449
v -0.02410694 -0.00928893 0.00914237
v -0.02131659 -0.00909933 0.01471343
v -0.02421834 -0.00909933 0.00918461
v -0.00619902 -0.00909933 0.02514834
v -0.00000051 -0.00909933 0.02590097
v -0.00000051 -0.00888796 0.02597493
v -0.01722507 -0.00888796 -0.01944251
v -0.02139809 -0.00866544 -0.01476968
v -0.01724170 -0.00866544 -0.01946128
v -0.02395889 -0.00944727 0.00908622
v -0.02121854 -0.00928893 0.01464575
v -0.02410694 -0.00928893 0.00914237
v -0.00621672 -0.00888796 0.02522015
v -0.02137746 -0.00888796 -0.01475544
v -0.02108823 -0.00944727 0.01455580
v -0.02075824 -0.00964037 -0.01432802
v -0.02378161 -0.00956641 -0.00901898
v -0.02093219 -0.00956641 -0.01444809
v -0.02075824 -0.00964037 -0.01432802
v -0.02337592 -0.00966544 -0.00886512
v -0.02358398 -0.00964037 -0.00894403
v -0.00617051 -0.00928893 0.02503266
v -0.00000051 -0.00928893 0.02578183
v -0.00000051 -0.00909933 0.02590097
v -0.02057511 -0.00966544 -0.01420162
v -0.02378161 -0.00956641 0.00901898
v -0.02108823 -0.00944727 0.01455580
v -0.02395889 -0.00944727 0.00908622
v -0.02093219 -0.00956641 0.01444810
v -0.02358398 -0.00964037 -0.00894403
v -0.01717603 -0.00909933 -0.01938715
v -0.02137746 -0.00888796 -0.01475544
v -0.01722507 -0.00888796 -0.01944251
v -0.02131659 -0.00909933 -0.01471342
v -0.02578605 -0.00888796 0.00313093
v -0.02431093 -0.00866544 0.00921973
v -0.02581094 -0.00866544 0.00313396
v -0.00619902 -0.00909933 0.02514834
v -0.00613261 -0.00944727 0.02487892
v -0.00000051 -0.00944727 0.02562349
v -0.00000051 -0.00928893 0.02578183
v -0.02428749 -0.00888796 0.00921084
v -0.00617051 -0.00928893 0.02503266
v -0.01709703 -0.00928893 -0.01929798
v -0.02121854 -0.00928893 -0.01464575
v -0.02131659 -0.00909933 -0.01471342
v -0.02358398 -0.00964037 0.00894403
v -0.02075824 -0.00964037 0.01432803
v -0.02093219 -0.00956641 0.01444810
v -0.01717603 -0.00909933 -0.01938715
v -0.00608724 -0.00956641 0.02469482
v -0.00000051 -0.00944727 0.02562349
v -0.00613261 -0.00944727 0.02487892
v -0.02358398 -0.00964037 0.00894403
v -0.02337592 -0.00966544 0.00886512
v -0.02057511 -0.00966544 0.01420162
v -0.00000051 -0.00956641 0.02543389
v -0.02075824 -0.00964037 0.01432803
v -0.02378161 -0.00956641 0.00901898
v -0.02571263 -0.00909933 0.00312202
v -0.02421834 -0.00909933 0.00918461
v -0.02428749 -0.00888796 0.00921084
v -0.01699203 -0.00944727 -0.01917945
v -0.02108823 -0.00944727 -0.01455580
v -0.02121854 -0.00928893 -0.01464575
v -0.01207166 -0.00888796 0.02299966
v -0.00622272 -0.00866544 0.02524449
v -0.01208331 -0.00866544 0.02302186
v -0.00621672 -0.00888796 0.02522015
v -0.01709703 -0.00928893 -0.01929798
v -0.02578605 -0.00888796 0.00313093
v -0.02559436 -0.00928893 0.00310766
v -0.02410694 -0.00928893 0.00914237
v -0.02421834 -0.00909933 0.00918461
v -0.00603666 -0.00964037 0.02448960
v -0.00000051 -0.00964037 0.02522252
v -0.00000051 -0.00956641 0.02543389
v -0.01686630 -0.00956641 -0.01903753
v -0.02093219 -0.00956641 -0.01444809
v -0.02108823 -0.00944727 -0.01455580
v -0.00603666 -0.00964037 0.02448960
v -0.00000051 -0.00966544 0.02500000
v -0.00000051 -0.00964037 0.02522252
v -0.01699203 -0.00944727 -0.01917945
v -0.02571263 -0.00909933 0.00312202
v -0.00598340 -0.00966544 0.02427355
v -0.00608724 -0.00956641 0.02469482
v -0.01207166 -0.00888796 -0.02299965
v -0.01724170 -0.00866544 -0.01946128
v -0.01208331 -0.00866544 -0.02302185
v -0.01722507 -0.00888796 -0.01944251
v -0.02543718 -0.00944727 0.00308857
v -0.02410694 -0.00928893 0.00914237
v -0.02559436 -0.00928893 0.00310766
v -0.02395889 -0.00944727 0.00908622
v -0.01203729 -0.00909933 0.02293417
v -0.00621672 -0.00888796 0.02522015
v -0.01207166 -0.00888796 0.02299966
v -0.00619902 -0.00909933 0.02514834
v -0.01672614 -0.00964037 -0.01887933
v -0.01657858 -0.00966544 -0.01871277
v -0.02057511 -0.00966544 -0.01420162
v -0.01198193 -0.00928893 0.02282868
v -0.00617051 -0.00928893 0.02503266
v -0.00619902 -0.00909933 0.02514834
v -0.01672614 -0.00964037 -0.01887933
v -0.02075824 -0.00964037 -0.01432802
v -0.02093219 -0.00956641 -0.01444809
v -0.02075824 -0.00964037 -0.01432802
v -0.02524895 -0.00956641 0.00306572
v -0.02378161 -0.00956641 0.00901898
v -0.02395889 -0.00944727 0.00908622
v -0.01203729 -0.00909933 0.02293417
v -0.01686630 -0.00956641 -0.01903753
v -0.02543718 -0.00944727 0.00308857
v -0.01203729 -0.00909933 -0.02293417
v -0.01722507 -0.00888796 -0.01944251
v -0.01207166 -0.00888796 -0.02299965
v -0.02578605 -0.00888796 -0.00313093
v -0.02581094 -0.00866544 0.00313396
v -0.02581094 -0.00866544 -0.00313395
v -0.01190834 -0.00944727 0.02268848
v -0.00617051 -0.00928893 0.02503266
v -0.01198193 -0.00928893 0.02282868
v -0.02578605 -0.00888796 0.00313093
v -0.00613261 -0.00944727 0.02487892
v -0.01717603 -0.00909933 -0.01938715
v -0.01198193 -0.00928893 -0.02282868
v -0.01709703 -0.00928893 -0.01929798
v -0.01717603 -0.00909933 -0.01938715
v -0.02503913 -0.00964037 0.00304024
v -0.02481823 -0.00966544 0.00301342
v -0.02337592 -0.00966544 0.00886512
v -0.02358398 -0.00964037 0.00894403
v -0.01182023 -0.00956641 0.02252059
v -0.00613261 -0.00944727 0.02487892
v -0.01190834 -0.00944727 0.02268848
v -0.02503913 -0.00964037 0.00304024
v -0.02358398 -0.00964037 0.00894403
v -0.02378161 -0.00956641 0.00901898
v -0.00608724 -0.00956641 0.02469482
v -0.02524895 -0.00956641 0.00306572
v -0.01203729 -0.00909933 -0.02293417
v -0.02571263 -0.00909933 -0.00312201
v -0.02571263 -0.00909933 0.00312202
v -0.02578605 -0.00888796 0.00313093
v -0.01722507 -0.00888796 0.01944251
v -0.01208331 -0.00866544 0.02302186
v -0.01724170 -0.00866544 0.01946128
v -0.01190834 -0.00944727 -0.02268847
v -0.01709703 -0.00928893 -0.01929798
v -0.01198193 -0.00928893 -0.02282868
v -0.01699203 -0.00944727 -0.01917945
v -0.01207166 -0.00888796 0.02299966
v -0.02578605 -0.00888796 -0.00313093
v -0.01182023 -0.00956641 -0.02252058
v -0.01686630 -0.00956641 -0.01903753
v -0.01699203 -0.00944727 -0.01917945
v -0.01172200 -0.00964037 0.02233344
v -0.01161859 -0.00966544 0.02213640
v -0.00598340 -0.00966544 0.02427355
v -0.02559436 -0.00928893 -0.00310765
v -0.02559436 -0.00928893 0.00310766
v -0.02571263 -0.00909933 0.00312202
v -0.00603666 -0.00964037 0.02448960
v -0.01172200 -0.00964037 0.02233344
v -0.00608724 -0.00956641 0.02469482
v -0.01182023 -0.00956641 0.02252059
v -0.01190834 -0.00944727 -0.02268847
v -0.02571263 -0.00909933 -0.00312201
v -0.00621672 -0.00888796 -0.02522014
v -0.00622272 -0.00866544 -0.02524449
v -0.00000051 -0.00866544 -0.02600000
v -0.00603666 -0.00964037 0.02448960
v -0.01717603 -0.00909933 0.01938716
v -0.01207166 -0.00888796 0.02299966
v -0.01722507 -0.00888796 0.01944251
v -0.00621672 -0.00888796 -0.02522014
v -0.01208331 -0.00866544 -0.02302185
v -0.00622272 -0.00866544 -0.02524449
v -0.02543718 -0.00944727 -0.00308857
v -0.02543718 -0.00944727 0.00308857
v -0.02559436 -0.00928893 0.00310766
v -0.00000051 -0.00888796 -0.02597493
v -0.01203729 -0.00909933 0.02293417
v -0.02559436 -0.00928893 -0.00310765
v -0.01207166 -0.00888796 -0.02299965
v -0.02524895 -0.00956641 -0.00306571
v -0.02543718 -0.00944727 0.00308857
v -0.02543718 -0.00944727 -0.00308857
v -0.01172200 -0.00964037 -0.02233343
v -0.01161859 -0.00966544 -0.02213640
v -0.01657858 -0.00966544 -0.01871277
v -0.02524895 -0.00956641 0.00306572
v -0.01672614 -0.00964037 -0.01887933
v -0.01172200 -0.00964037 -0.02233343
v -0.01672614 -0.00964037 -0.01887933
v -0.01686630 -0.00956641 -0.01903753
v -0.01709703 -0.00928893 0.01929798
v -0.01203729 -0.00909933 0.02293417
v -0.01717603 -0.00909933 0.01938716
v -0.01182023 -0.00956641 -0.02252058
v -0.02428749 -0.00888796 -0.00921084
v -0.02581094 -0.00866544 -0.00313395
v -0.02431093 -0.00866544 -0.00921972
v -0.01198193 -0.00928893 0.02282868
v -0.00619902 -0.00909933 -0.02514833
v -0.00621672 -0.00888796 -0.02522014
v -0.00000051 -0.00888796 -0.02597493
v -0.00619902 -0.00909933 -0.02514833
v -0.01203729 -0.00909933 -0.02293417
v -0.01207166 -0.00888796 -0.02299965
v -0.02578605 -0.00888796 -0.00313093
v -0.00000051 -0.00909933 -0.02590097
v -0.01699203 -0.00944727 0.01917946
v -0.01190834 -0.00944727 0.02268848
v -0.01198193 -0.00928893 0.02282868
v -0.01709703 -0.00928893 0.01929798
v -0.00621672 -0.00888796 -0.02522014
v -0.02503913 -0.00964037 -0.00304024
v -0.02481823 -0.00966544 -0.00301342
v -0.02481823 -0.00966544 0.00301342
v -0.02503913 -0.00964037 0.00304024
v -0.01686630 -0.00956641 0.01903754
v -0.01190834 -0.00944727 0.02268848
v -0.01699203 -0.00944727 0.01917946
v -0.02503913 -0.00964037 -0.00304024
v -0.02503913 -0.00964037 0.00304024
v -0.02524895 -0.00956641 0.00306572
v -0.00617051 -0.00928893 -0.02503266
v -0.01203729 -0.00909933 -0.02293417
v -0.00619902 -0.00909933 -0.02514833
v -0.02524895 -0.00956641 -0.00306571
v -0.01182023 -0.00956641 0.02252059
v -0.00617051 -0.00928893 -0.02503266
v -0.00000051 -0.00909933 -0.02590097
v -0.00000051 -0.00928893 -0.02578183
v -0.02421834 -0.00909933 -0.00918461
v -0.02571263 -0.00909933 -0.00312201
v -0.02578605 -0.00888796 -0.00313093
v -0.02428749 -0.00888796 -0.00921084
v -0.02137746 -0.00888796 0.01475544
v -0.01724170 -0.00866544 0.01946128
v -0.02139809 -0.00866544 0.01476969
v -0.00619902 -0.00909933 -0.02514833
v -0.01198193 -0.00928893 -0.02282868
v -0.01722507 -0.00888796 0.01944251
v -0.00613261 -0.00944727 -0.02487892
v -0.00617051 -0.00928893 -0.02503266
v -0.00000051 -0.00928893 -0.02578183
v -0.01672614 -0.00964037 0.01887933
v -0.01182023 -0.00956641 0.02252059
v -0.01686630 -0.00956641 0.01903754
v -0.00000051 -0.00944727 -0.02562349
v -0.02410694 -0.00928893 -0.00914236
v -0.02571263 -0.00909933 -0.00312201
v -0.02421834 -0.00909933 -0.00918461
v -0.01672614 -0.00964037 0.01887933
v -0.01657858 -0.00966544 0.01871277
v -0.01161859 -0.00966544 0.02213640
v -0.02559436 -0.00928893 -0.00310765
v -0.01172200 -0.00964037 0.02233344
v -0.00613261 -0.00944727 -0.02487892
v -0.01190834 -0.00944727 -0.02268847
v -0.01198193 -0.00928893 -0.02282868
v -0.01172200 -0.00964037 0.02233344
v -0.02131659 -0.00909933 0.01471343
v -0.01722507 -0.00888796 0.01944251
v -0.02137746 -0.00888796 0.01475544
v -0.00617051 -0.00928893 -0.02503266
v -0.02395889 -0.00944727 -0.00908621
v -0.02559436 -0.00928893 -0.00310765
v -0.02410694 -0.00928893 -0.00914236
v -0.01717603 -0.00909933 0.01938716
v -0.00608724 -0.00956641 -0.02469482
v -0.00000051 -0.00944727 -0.02562349
v -0.00000051 -0.00956641 -0.02543388
v -0.02543718 -0.00944727 -0.00308857
v -0.00613261 -0.00944727 -0.02487892
v -0.00608724 -0.00956641 -0.02469482
v -0.01182023 -0.00956641 -0.02252058
v -0.01190834 -0.00944727 -0.02268847
v -0.02121854 -0.00928893 0.01464575
v -0.01717603 -0.00909933 0.01938716
v -0.02131659 -0.00909933 0.01471343
v -0.00613261 -0.00944727 -0.02487892
v -0.00603666 -0.00964037 -0.02448960
v -0.00000051 -0.00956641 -0.02543388
v -0.00000051 -0.00964037 -0.02522252
v -0.02378161 -0.00956641 -0.00901898
v -0.02543718 -0.00944727 -0.00308857
v -0.02395889 -0.00944727 -0.00908621
v -0.00603666 -0.00964037 -0.02448960
v -0.00000051 -0.00964037 -0.02522252
v -0.00000051 -0.00966544 -0.02500000
v -0.00598340 -0.00966544 -0.02427354
v -0.02524895 -0.00956641 -0.00306571
v -0.00603666 -0.00964037 -0.02448960
v -0.00598340 -0.00966544 -0.02427354
v -0.01161859 -0.00966544 -0.02213640
v -0.01172200 -0.00964037 -0.02233343
v -0.00603666 -0.00964037 -0.02448960
v -0.01172200 -0.00964037 -0.02233343
v -0.01182023 -0.00956641 -0.02252058
v -0.01709703 -0.00928893 0.01929798
v -0.00608724 -0.00956641 -0.02469482
v -0.00608724 -0.00956641 -0.02469482
v -0.02137746 -0.00888796 -0.01475544
v -0.02431093 -0.00866544 -0.00921972
v -0.02139809 -0.00866544 -0.01476968
v -0.02108823 -0.00944727 0.01455580
v -0.01709703 -0.00928893 0.01929798
v -0.02121854 -0.00928893 0.01464575
v -0.02428749 -0.00888796 -0.00921084
v -0.02358398 -0.00964037 -0.00894403
v -0.02503913 -0.00964037 -0.00304024
v -0.02524895 -0.00956641 -0.00306571
v -0.01699203 -0.00944727 0.01917946
v -0.02358398 -0.00964037 -0.00894403
v -0.02337592 -0.00966544 -0.00886512
v -0.02481823 -0.00966544 -0.00301342
v -0.02503913 -0.00964037 -0.00304024
v -0.02378161 -0.00956641 -0.00901898
v -0.02093219 -0.00956641 0.01444810
v -0.01699203 -0.00944727 0.01917946
v -0.02108823 -0.00944727 0.01455580
v -0.01686630 -0.00956641 0.01903754
v -0.02428749 -0.00888796 0.00921084
v -0.02139809 -0.00866544 0.01476969
v -0.02431093 -0.00866544 0.00921973
v -0.02131659 -0.00909933 -0.01471342
v -0.02428749 -0.00888796 -0.00921084
v -0.02137746 -0.00888796 -0.01475544
v -0.02421834 -0.00909933 -0.00918461
v -0.02137746 -0.00888796 0.01475544
v -0.02121854 -0.00928893 -0.01464575
v -0.02410694 -0.00928893 -0.00914236
v -0.02421834 -0.00909933 -0.00918461
v -0.02075824 -0.00964037 0.01432803
v -0.01672614 -0.00964037 0.01887933
v -0.01686630 -0.00956641 0.01903754
v -0.02093219 -0.00956641 0.01444810
v -0.02075824 -0.00964037 0.01432803
v -0.01657858 -0.00966544 0.01871277
v -0.01672614 -0.00964037 0.01887933
v -0.02057511 -0.00966544 0.01420162
v -0.02131659 -0.00909933 -0.01471342
v -0.02108823 -0.00944727 -0.01455580
v -0.02395889 -0.00944727 -0.00908621
v -0.02410694 -0.00928893 -0.00914236
v -0.02121854 -0.00928893 -0.01464575
v -0.02421834 -0.00909933 0.00918461
v -0.02137746 -0.00888796 0.01475544
v -0.02428749 -0.00888796 0.00921084
v -0.02131659 -0.00909933 0.01471343
v -0.00000051 -0.00888796 0.02597493
v -0.02378161 -0.00956641 -0.00901898
v -0.02121854 -0.00928893 0.01464575
v -0.00000051 -0.00966544 -0.02100000
v 0.00502512 -0.00966544 -0.02038978
v -0.00000051 -0.00716544 -0.02100000
v 0.00502512 -0.00716544 -0.02038978
v 0.00502512 -0.00716544 -0.02038978
v 0.00975867 -0.00966544 -0.01859457
v 0.00975867 -0.00716544 -0.01859457
v 0.00502512 -0.00966544 -0.02038978
v 0.00975867 -0.00716544 -0.01859457
v 0.01392506 -0.00966544 -0.01571872
v 0.01392506 -0.00716544 -0.01571872
v 0.00975867 -0.00966544 -0.01859457
v 0.01392506 -0.00716544 -0.01571872
v 0.01728215 -0.00966544 -0.01192936
v 0.01728215 -0.00716544 -0.01192936
v 0.01392506 -0.00966544 -0.01571872
v 0.01728215 -0.00716544 -0.01192936
v 0.01963483 -0.00966544 -0.00744670
v 0.01963483 -0.00716544 -0.00744670
v 0.01728215 -0.00966544 -0.01192936
v 0.01963483 -0.00716544 -0.00744670
v 0.02084637 -0.00966544 -0.00253127
v 0.02084637 -0.00716544 -0.00253127
v 0.01963483 -0.00966544 -0.00744670
v 0.02084637 -0.00716544 -0.00253127
v 0.02084637 -0.00966544 0.00253127
v 0.02084637 -0.00716544 0.00253127
v 0.02084637 -0.00966544 -0.00253127
v 0.02084637 -0.00716544 0.00253127
v 0.01963483 -0.00966544 0.00744670
v 0.01963483 -0.00716544 0.00744670
v 0.02084637 -0.00966544 0.00253127
v 0.01963483 -0.00716544 0.00744670
v 0.01728215 -0.00966544 0.01192936
v 0.01728215 -0.00716544 0.01192936
v 0.01963483 -0.00966544 0.00744670
v 0.01728215 -0.00716544 0.01192936
v 0.01392506 -0.00966544 0.01571873
v 0.01392506 -0.00716544 0.01571873
v 0.01728215 -0.00966544 0.01192936
v 0.01392506 -0.00716544 0.01571873
v 0.00975867 -0.00966544 0.01859458
v 0.00975867 -0.00716544 0.01859458
v 0.01392506 -0.00966544 0.01571873
v 0.00975867 -0.00716544 0.01859458
v 0.00502512 -0.00966544 0.02038978
v 0.00502512 -0.00716544 0.02038978
v 0.00975867 -0.00966544 0.01859458
v 0.00502512 -0.00716544 0.02038978
v -0.00000051 -0.00966544 0.02100000
v -0.00000051 -0.00716544 0.02100000
v 0.00502512 -0.00966544 0.02038978
v -0.00598340 -0.00966544 0.02427355
v -0.00975970 -0.00966544 0.01859458
v -0.00502614 -0.00966544 0.02038978
v -0.01161859 -0.00966544 0.02213640
v 0.02084637 -0.00966544 -0.00253127
v 0.01963483 -0.00966544 -0.00744670
v 0.02337489 -0.00966544 -0.00886512
v 0.02481721 -0.00966544 -0.00301342
v -0.01392609 -0.00966544 -0.01571872
v -0.02057511 -0.00966544 -0.01420162
v -0.01657858 -0.00966544 -0.01871277
v -0.01728317 -0.00966544 -0.01192936
v -0.02337592 -0.00966544 -0.00886512
v 0.02084637 -0.00966544 0.00253127
v -0.00000051 -0.00966544 0.02500000
v -0.00000051 -0.00966544 0.02100000
v -0.00975970 -0.00966544 -0.01859457
v -0.01161859 -0.00966544 -0.02213640
v -0.01963585 -0.00966544 -0.00744670
v -0.02481823 -0.00966544 -0.00301342
v 0.02481721 -0.00966544 0.00301342
v 0.01963483 -0.00966544 0.00744670
v -0.00502614 -0.00966544 -0.02038978
v -0.00598340 -0.00966544 -0.02427354
v -0.02084740 -0.00966544 -0.00253127
v -0.02481823 -0.00966544 0.00301342
v 0.00598238 -0.00966544 0.02427355
v 0.00502512 -0.00966544 0.02038978
v -0.00000051 -0.00966544 -0.02100000
v -0.00000051 -0.00966544 -0.02500000
v 0.02337489 -0.00966544 0.00886512
v 0.01728215 -0.00966544 0.01192936
v -0.02084740 -0.00966544 0.00253127
v 0.01161757 -0.00966544 0.02213640
v 0.00975867 -0.00966544 0.01859458
v 0.02057409 -0.00966544 0.01420162
v 0.01392506 -0.00966544 0.01571873
v 0.01657755 -0.00966544 0.01871277
v 0.00502512 -0.00966544 -0.02038978
v 0.00598238 -0.00966544 -0.02427354
v -0.02337592 -0.00966544 0.00886512
v -0.01963585 -0.00966544 0.00744670
v 0.00975867 -0.00966544 -0.01859457
v 0.01161757 -0.00966544 -0.02213640
v -0.02057511 -0.00966544 0.01420162
v -0.01728317 -0.00966544 0.01192936
v 0.01392506 -0.00966544 -0.01571872
v 0.01657755 -0.00966544 -0.01871277
v -0.01657858 -0.00966544 0.01871277
v -0.01392609 -0.00966544 0.01571873
v 0.01728215 -0.00966544 -0.01192936
v 0.02057409 -0.00966544 -0.01420162
v 0.04784921 0.02553456 0.01305529
v 0.03955174 0.02553456 0.01773526
v 0.04505146 0.02553456 0.01779055
v 0.04514723 0.02553456 0.00826475
v 0.03964751 0.02553456 0.00820946
v 0.03684977 0.02553456 0.01294471
v 0.04514723 0.02553456 0.00826475
v 0.03964751 0.02203456 0.00820946
v 0.03964751 0.02553456 0.00820946
v 0.04514723 0.02203456 0.00826475
v 0.04784921 0.02553456 0.01305529
v 0.04514723 0.02203456 0.00826475
v 0.04514723 0.02553456 0.00826475
v 0.04784921 0.02203456 0.01305529
v 0.04505146 0.02553456 0.01779055
v 0.04784921 0.02203456 0.01305529
v 0.04784921 0.02553456 0.01305529
v 0.04505146 0.02203456 0.01779055
v 0.03955174 0.02553456 0.01773526
v 0.04505146 0.02203456 0.01779055
v 0.04505146 0.02553456 0.01779055
v 0.03955174 0.02203456 0.01773526
v 0.03684977 0.02553456 0.01294471
v 0.03955174 0.02203456 0.01773526
v 0.03955174 0.02553456 0.01773526
v 0.03684977 0.02203456 0.01294471
v 0.03964751 0.02553456 0.00820946
v 0.03684977 0.02203456 0.01294471
v 0.03684977 0.02553456 0.01294471
v 0.03964751 0.02203456 0.00820946
v 0.04489394 0.02153931 0.00869345
v 0.04485355 0.02153456 0.00876182
v 0.03993114 0.02153456 0.00871233
v 0.04489394 0.02153931 0.00869345
v 0.03993114 0.02153456 0.00871233
v 0.03986192 0.02154968 0.00858961
v 0.04493545 0.02155440 0.00862319
v 0.03986192 0.02154968 0.00858961
v 0.03979243 0.02159843 0.00846641
v 0.04493545 0.02155440 0.00862319
v 0.04489394 0.02153931 0.00869345
v 0.03986192 0.02154968 0.00858961
v 0.04499369 0.02159516 0.00852462
v 0.04493545 0.02155440 0.00862319
v 0.03979243 0.02159843 0.00846641
v 0.04504701 0.02165837 0.00843438
v 0.03979243 0.02159843 0.00846641
v 0.03973620 0.02167138 0.00836670
v 0.04504701 0.02165837 0.00843438
v 0.04499369 0.02159516 0.00852462
v 0.03979243 0.02159843 0.00846641
v 0.04509114 0.02174066 0.00835968
v 0.03973620 0.02167138 0.00836670
v 0.03969545 0.02175639 0.00829446
v 0.04509114 0.02174066 0.00835968
v 0.04504701 0.02165837 0.00843438
v 0.03973620 0.02167138 0.00836670
v 0.04512303 0.02183579 0.00830572
v 0.03969545 0.02175639 0.00829446
v 0.03966688 0.02185297 0.00824379
v 0.04512303 0.02183579 0.00830572
v 0.04509114 0.02174066 0.00835968
v 0.03969545 0.02175639 0.00829446
v 0.04514149 0.02193614 0.00827447
v 0.03966688 0.02185297 0.00824379
v 0.03965211 0.02194481 0.00821763
v 0.04514149 0.02193614 0.00827447
v 0.04512303 0.02183579 0.00830572
v 0.03966688 0.02185297 0.00824379
v 0.04514723 0.02203456 0.00826475
v 0.03965211 0.02194481 0.00821763
v 0.03964751 0.02203456 0.00820946
v 0.04514723 0.02203456 0.00826475
v 0.04514149 0.02193614 0.00827447
v 0.03965211 0.02194481 0.00821763
v 0.04735129 0.02153931 0.01305029
v 0.04485355 0.02153456 0.00876182
v 0.04489394 0.02153931 0.00869345
v 0.04727189 0.02153456 0.01304949
v 0.04743290 0.02155440 0.01305111
v 0.04489394 0.02153931 0.00869345
v 0.04493545 0.02155440 0.00862319
v 0.04735129 0.02153931 0.01305029
v 0.04754738 0.02159516 0.01305226
v 0.04493545 0.02155440 0.00862319
v 0.04499369 0.02159516 0.00852462
v 0.04743290 0.02155440 0.01305111
v 0.04765219 0.02165837 0.01305331
v 0.04499369 0.02159516 0.00852462
v 0.04504701 0.02165837 0.00843438
v 0.04754738 0.02159516 0.01305226
v 0.04773895 0.02174066 0.01305418
v 0.04504701 0.02165837 0.00843438
v 0.04509114 0.02174066 0.00835968
v 0.04765219 0.02165837 0.01305331
v 0.04780163 0.02183579 0.01305482
v 0.04509114 0.02174066 0.00835968
v 0.04512303 0.02183579 0.00830572
v 0.04773895 0.02174066 0.01305418
v 0.04783792 0.02193614 0.01305518
v 0.04512303 0.02183579 0.00830572
v 0.04514149 0.02193614 0.00827447
v 0.04780163 0.02183579 0.01305482
v 0.04784921 0.02203456 0.01305529
v 0.04514149 0.02193614 0.00827447
v 0.04514723 0.02203456 0.00826475
v 0.04783792 0.02193614 0.01305518
v 0.04480684 0.02153931 0.01735683
v 0.04727189 0.02153456 0.01304949
v 0.04735129 0.02153931 0.01305029
v 0.04476783 0.02153456 0.01728767
v 0.04484694 0.02155440 0.01742792
v 0.04735129 0.02153931 0.01305029
v 0.04743290 0.02155440 0.01305111
v 0.04480684 0.02153931 0.01735683
v 0.04490318 0.02159516 0.01752764
v 0.04743290 0.02155440 0.01305111
v 0.04754738 0.02159516 0.01305226
v 0.04484694 0.02155440 0.01742792
v 0.04495467 0.02165837 0.01761894
v 0.04754738 0.02159516 0.01305226
v 0.04765219 0.02165837 0.01305331
v 0.04490318 0.02159516 0.01752764
v 0.04499730 0.02174066 0.01769451
v 0.04765219 0.02165837 0.01305331
v 0.04773895 0.02174066 0.01305418
v 0.04495467 0.02165837 0.01761894
v 0.04502809 0.02183579 0.01774910
v 0.04773895 0.02174066 0.01305418
v 0.04780163 0.02183579 0.01305482
v 0.04499730 0.02174066 0.01769451
v 0.04504592 0.02193614 0.01778071
v 0.04780163 0.02183579 0.01305482
v 0.04783792 0.02193614 0.01305518
v 0.04502809 0.02183579 0.01774910
v 0.04505146 0.02203456 0.01779055
v 0.04783792 0.02193614 0.01305518
v 0.04784921 0.02203456 0.01305529
v 0.04504592 0.02193614 0.01778071
v 0.03980504 0.02153931 0.01730655
v 0.04476783 0.02153456 0.01728767
v 0.04480684 0.02153931 0.01735683
v 0.03984543 0.02153456 0.01723818
v 0.03976352 0.02155440 0.01737681
v 0.04480684 0.02153931 0.01735683
v 0.04484694 0.02155440 0.01742792
v 0.03980504 0.02153931 0.01730655
v 0.03970528 0.02159516 0.01747538
v 0.04484694 0.02155440 0.01742792
v 0.04490318 0.02159516 0.01752764
v 0.03976352 0.02155440 0.01737681
v 0.03965197 0.02165837 0.01756563
v 0.04490318 0.02159516 0.01752764
v 0.04495467 0.02165837 0.01761894
v 0.03970528 0.02159516 0.01747538
v 0.03960783 0.02174066 0.01764032
v 0.04495467 0.02165837 0.01761894
v 0.04499730 0.02174066 0.01769451
v 0.03965197 0.02165837 0.01756563
v 0.03957595 0.02183579 0.01769429
v 0.04499730 0.02174066 0.01769451
v 0.04502809 0.02183579 0.01774910
v 0.03960783 0.02174066 0.01764032
v 0.03955749 0.02193614 0.01772553
v 0.04502809 0.02183579 0.01774910
v 0.04504592 0.02193614 0.01778071
v 0.03957595 0.02183579 0.01769429
v 0.03955174 0.02203456 0.01773526
v 0.04504592 0.02193614 0.01778071
v 0.04505146 0.02203456 0.01779055
v 0.03955749 0.02193614 0.01772553
v 0.03734768 0.02153931 0.01294972
v 0.03984543 0.02153456 0.01723818
v 0.03980504 0.02153931 0.01730655
v 0.03742709 0.02153456 0.01295051
v 0.03726608 0.02155440 0.01294890
v 0.03980504 0.02153931 0.01730655
v 0.03976352 0.02155440 0.01737681
v 0.03734768 0.02153931 0.01294972
v 0.03715160 0.02159516 0.01294775
v 0.03976352 0.02155440 0.01737681
v 0.03970528 0.02159516 0.01747538
v 0.03726608 0.02155440 0.01294890
v 0.03704678 0.02165837 0.01294669
v 0.03970528 0.02159516 0.01747538
v 0.03965197 0.02165837 0.01756563
v 0.03715160 0.02159516 0.01294775
v 0.03696003 0.02174066 0.01294582
v 0.03965197 0.02165837 0.01756563
v 0.03960783 0.02174066 0.01764032
v 0.03704678 0.02165837 0.01294669
v 0.03689735 0.02183579 0.01294519
v 0.03960783 0.02174066 0.01764032
v 0.03957595 0.02183579 0.01769429
v 0.03696003 0.02174066 0.01294582
v 0.03686106 0.02193614 0.01294482
v 0.03957595 0.02183579 0.01769429
v 0.03955749 0.02193614 0.01772553
v 0.03689735 0.02183579 0.01294519
v 0.03684977 0.02203456 0.01294471
v 0.03955749 0.02193614 0.01772553
v 0.03955174 0.02203456 0.01773526
v 0.03686106 0.02193614 0.01294482
v 0.03993114 0.02153456 0.00871233
v 0.03742709 0.02153456 0.01295051
v 0.03734768 0.02153931 0.01294972
v 0.03986192 0.02154968 0.00858961
v 0.03734768 0.02153931 0.01294972
v 0.03726608 0.02155440 0.01294890
v 0.03986192 0.02154968 0.00858961
v 0.03993114 0.02153456 0.00871233
v 0.03734768 0.02153931 0.01294972
v 0.03979243 0.02159843 0.00846641
v 0.03715160 0.02159516 0.01294775
v 0.03704678 0.02165837 0.01294669
v 0.03979243 0.02159843 0.00846641
v 0.03726608 0.02155440 0.01294890
v 0.03715160 0.02159516 0.01294775
v 0.03979243 0.02159843 0.00846641
v 0.03986192 0.02154968 0.00858961
v 0.03726608 0.02155440 0.01294890
v 0.03973620 0.02167138 0.00836670
v 0.03704678 0.02165837 0.01294669
v 0.03696003 0.02174066 0.01294582
v 0.03973620 0.02167138 0.00836670
v 0.03979243 0.02159843 0.00846641
v 0.03704678 0.02165837 0.01294669
v 0.03969545 0.02175639 0.00829446
v 0.03696003 0.02174066 0.01294582
v 0.03689735 0.02183579 0.01294519
v 0.03969545 0.02175639 0.00829446
v 0.03973620 0.02167138 0.00836670
v 0.03696003 0.02174066 0.01294582
v 0.03966688 0.02185297 0.00824379
v 0.03689735 0.02183579 0.01294519
v 0.03686106 0.02193614 0.01294482
v 0.03966688 0.02185297 0.00824379
v 0.03969545 0.02175639 0.00829446
v 0.03689735 0.02183579 0.01294519
v 0.03965211 0.02194481 0.00821763
v 0.03686106 0.02193614 0.01294482
v 0.03684977 0.02203456 0.01294471
v 0.03965211 0.02194481 0.00821763
v 0.03966688 0.02185297 0.00824379
v 0.03686106 0.02193614 0.01294482
v 0.03964751 0.02203456 0.00820946
v 0.03965211 0.02194481 0.00821763
v 0.03684977 0.02203456 0.01294471
v 0.04476783 0.02153456 0.01728767
v 0.03984543 0.02153456 0.01723818
v 0.03742709 0.02153456 0.01295051
v 0.04485355 0.02153456 0.00876182
v 0.03993114 0.02153456 0.00871233
v 0.04727189 0.02153456 0.01304949
v 0.01739949 0.05403456 0.03100000
v 0.01759127 0.05245507 0.03100000
v 0.01739949 0.05403456 0.02650000
v 0.01759127 0.05245507 0.02650000
v 0.01759127 0.05245507 0.02650000
v 0.01815548 0.05096738 0.03100000
v 0.01815548 0.05096738 0.02650000
v 0.01759127 0.05245507 0.03100000
v 0.01815548 0.05096738 0.02650000
v 0.01905932 0.04965795 0.03100000
v 0.01905932 0.04965795 0.02650000
v 0.01815548 0.05096738 0.03100000
v 0.01905932 0.04965795 0.02650000
v 0.02025026 0.04860286 0.03100000
v 0.02025026 0.04860286 0.02650000
v 0.01905932 0.04965795 0.03100000
v 0.02025026 0.04860286 0.02650000
v 0.02165910 0.04786345 0.03100000
v 0.02165910 0.04786345 0.02650000
v 0.02025026 0.04860286 0.03100000
v 0.02165910 0.04786345 0.02650000
v 0.02320395 0.04748268 0.03100000
v 0.02320395 0.04748268 0.02650000
v 0.02165910 0.04786345 0.03100000
v 0.02320395 0.04748268 0.02650000
v 0.02479503 0.04748268 0.03100000
v 0.02479503 0.04748268 0.02650000
v 0.02320395 0.04748268 0.03100000
v 0.02479503 0.04748268 0.02650000
v 0.02633988 0.04786345 0.03100000
v 0.02633988 0.04786345 0.02650000
v 0.02479503 0.04748268 0.03100000
v 0.02633988 0.04786345 0.02650000
v 0.02774871 0.04860286 0.03100000
v 0.02774871 0.04860286 0.02650000
v 0.02633988 0.04786345 0.03100000
v 0.02774871 0.04860286 0.02650000
v 0.02893966 0.04965795 0.03100000
v 0.02893966 0.04965795 0.02650000
v 0.02774871 0.04860286 0.03100000
v 0.02893966 0.04965795 0.02650000
v 0.02984350 0.05096738 0.03100000
v 0.02984350 0.05096738 0.02650000
v 0.02893966 0.04965795 0.03100000
v 0.02984350 0.05096738 0.02650000
v 0.03040770 0.05245507 0.03100000
v 0.03040770 0.05245507 0.02650000
v 0.02984350 0.05096738 0.03100000
v 0.03040770 0.05245507 0.02650000
v 0.03059949 0.05403456 0.03100000
v 0.03059949 0.05403456 0.02650000
v 0.03040770 0.05245507 0.03100000
v -0.02710051 0.06383456 0.03100000
v -0.02695231 0.06261405 0.03100000
v -0.02710051 0.06383456 0.02650000
v -0.02695231 0.06261405 0.02650000
v -0.02695231 0.06261405 0.02650000
v -0.02651634 0.06146447 0.03100000
v -0.02651634 0.06146447 0.02650000
v -0.02695231 0.06261405 0.03100000
v -0.02651634 0.06146447 0.02650000
v -0.02581792 0.06045263 0.03100000
v -0.02581792 0.06045263 0.02650000
v -0.02651634 0.06146447 0.03100000
v -0.02581792 0.06045263 0.02650000
v -0.02489764 0.05963734 0.03100000
v -0.02489764 0.05963734 0.02650000
v -0.02581792 0.06045263 0.03100000
v -0.02489764 0.05963734 0.02650000
v -0.02380900 0.05906598 0.03100000
v -0.02380900 0.05906598 0.02650000
v -0.02489764 0.05963734 0.03100000
v -0.02380900 0.05906598 0.02650000
v -0.02261525 0.05877174 0.03100000
v -0.02261525 0.05877174 0.02650000
v -0.02380900 0.05906598 0.03100000
v -0.02261525 0.05877174 0.02650000
v -0.02138577 0.05877174 0.03100000
v -0.02138577 0.05877174 0.02650000
v -0.02261525 0.05877174 0.03100000
v -0.02138577 0.05877174 0.02650000
v -0.02019203 0.05906598 0.03100000
v -0.02019203 0.05906598 0.02650000
v -0.02138577 0.05877174 0.03100000
v -0.02019203 0.05906598 0.02650000
v -0.01910338 0.05963734 0.03100000
v -0.01910338 0.05963734 0.02650000
v -0.02019203 0.05906598 0.03100000
v -0.01910338 0.05963734 0.02650000
v -0.01818311 0.06045263 0.03100000
v -0.01818311 0.06045263 0.02650000
v -0.01910338 0.05963734 0.03100000
v -0.01818311 0.06045263 0.02650000
v -0.01748469 0.06146447 0.03100000
v -0.01748469 0.06146447 0.02650000
v -0.01818311 0.06045263 0.03100000
v -0.01748469 0.06146447 0.02650000
v -0.01704871 0.06261405 0.03100000
v -0.01704871 0.06261405 0.02650000
v -0.01748469 0.06146447 0.03100000
v -0.01704871 0.06261405 0.02650000
v -0.01690051 0.06383456 0.03100000
v -0.01690051 0.06383456 0.02650000
v -0.01704871 0.06261405 0.03100000
v -0.03689998 0.04675760 -0.03100000
v -0.03454468 0.04398642 -0.02650000
v -0.03689998 0.04675760 -0.02650000
v -0.03454468 0.04398642 -0.03100000
v -0.03865373 0.04994370 -0.03100000
v -0.03689998 0.04675760 -0.02650000
v -0.03865373 0.04994370 -0.02650000
v -0.03689998 0.04675760 -0.03100000
v -0.03973513 0.05341608 -0.03100000
v -0.03865373 0.04994370 -0.02650000
v -0.03973513 0.05341608 -0.02650000
v -0.03865373 0.04994370 -0.03100000
v -0.04010051 0.05703456 -0.03100000
v -0.03973513 0.05341608 -0.02650000
v -0.04010051 0.05703456 -0.02650000
v -0.03973513 0.05341608 -0.03100000
v -0.02200051 0.05873456 -0.02650000
v -0.02200051 0.05873456 -0.03100000
v -0.02322102 0.05888276 -0.02650000
v -0.02322102 0.05888276 -0.02650000
v -0.02322102 0.05888276 -0.03100000
v -0.02437060 0.05931873 -0.02650000
v -0.02322102 0.05888276 -0.03100000
v -0.02437060 0.05931873 -0.02650000
v -0.02437060 0.05931873 -0.03100000
v -0.02538244 0.06001715 -0.02650000
v -0.02437060 0.05931873 -0.03100000
v -0.02538244 0.06001715 -0.02650000
v -0.02538244 0.06001715 -0.03100000
v -0.02619773 0.06093743 -0.02650000
v -0.02538244 0.06001715 -0.03100000
v -0.02619773 0.06093743 -0.02650000
v -0.02619773 0.06093743 -0.03100000
v -0.02676909 0.06202607 -0.02650000
v -0.02619773 0.06093743 -0.03100000
v -0.02676909 0.06202607 -0.02650000
v -0.02676909 0.06202607 -0.03100000
v -0.02706333 0.06321982 -0.02650000
v -0.02676909 0.06202607 -0.03100000
v -0.02706333 0.06321982 -0.02650000
v -0.02706333 0.06321982 -0.03100000
v -0.02706333 0.06444930 -0.02650000
v -0.02706333 0.06321982 -0.03100000
v -0.02706333 0.06444930 -0.02650000
v -0.02706333 0.06444930 -0.03100000
v -0.02676909 0.06564304 -0.02650000
v -0.02706333 0.06444930 -0.03100000
v -0.02676909 0.06564304 -0.02650000
v -0.02676909 0.06564304 -0.03100000
v -0.02619773 0.06673169 -0.02650000
v -0.02676909 0.06564304 -0.03100000
v -0.02619773 0.06673169 -0.02650000
v -0.02619773 0.06673169 -0.03100000
v -0.02538244 0.06765196 -0.02650000
v -0.02619773 0.06673169 -0.03100000
v -0.02538244 0.06765196 -0.02650000
v -0.02538244 0.06765196 -0.03100000
v -0.02437060 0.06835038 -0.02650000
v -0.02538244 0.06765196 -0.03100000
v -0.02437060 0.06835038 -0.02650000
v -0.02437060 0.06835038 -0.03100000
v -0.02322102 0.06878636 -0.02650000
v -0.02437060 0.06835038 -0.03100000
v -0.02322102 0.06878636 -0.02650000
v -0.02322102 0.06878636 -0.03100000
v -0.02200051 0.06893456 -0.02650000
v -0.02322102 0.06878636 -0.03100000
v -0.02200051 0.06893456 -0.03100000
v 0.02399949 0.04743456 -0.03100000
v 0.02242000 0.04762634 -0.03100000
v 0.02399949 0.04743456 -0.02650000
v 0.02242000 0.04762634 -0.02650000
v 0.02242000 0.04762634 -0.02650000
v 0.02242000 0.04762634 -0.03100000
v 0.02093232 0.04819055 -0.02650000
v 0.02093232 0.04819055 -0.02650000
v 0.02093232 0.04819055 -0.03100000
v 0.01962288 0.04909439 -0.02650000
v 0.02093232 0.04819055 -0.03100000
v 0.01962288 0.04909439 -0.02650000
v 0.01962288 0.04909439 -0.03100000
v 0.01856779 0.05028533 -0.02650000
v 0.01962288 0.04909439 -0.03100000
v 0.01856779 0.05028533 -0.02650000
v 0.01856779 0.05028533 -0.03100000
v 0.01782838 0.05169416 -0.02650000
v 0.01856779 0.05028533 -0.03100000
v 0.01782838 0.05169416 -0.02650000
v 0.01782838 0.05169416 -0.03100000
v 0.01744761 0.05323901 -0.02650000
v 0.01782838 0.05169416 -0.03100000
v 0.01744761 0.05323901 -0.02650000
v 0.01744761 0.05323901 -0.03100000
v 0.01744761 0.05483010 -0.02650000
v 0.01744761 0.05323901 -0.03100000
v 0.01744761 0.05483010 -0.02650000
v 0.01744761 0.05483010 -0.03100000
v 0.01782838 0.05637495 -0.02650000
v 0.01744761 0.05483010 -0.03100000
v 0.01782838 0.05637495 -0.02650000
v 0.01782838 0.05637495 -0.03100000
v 0.01856779 0.05778378 -0.02650000
v 0.01782838 0.05637495 -0.03100000
v 0.01856779 0.05778378 -0.02650000
v 0.01856779 0.05778378 -0.03100000
v 0.01962288 0.05897473 -0.02650000
v 0.01856779 0.05778378 -0.03100000
v 0.01962288 0.05897473 -0.02650000
v 0.01962288 0.05897473 -0.03100000
v 0.02093232 0.05987857 -0.02650000
v 0.01962288 0.05897473 -0.03100000
v 0.02093232 0.05987857 -0.02650000
v 0.02093232 0.05987857 -0.03100000
v 0.02242000 0.06044277 -0.02650000
v 0.02093232 0.05987857 -0.03100000
v 0.02242000 0.06044277 -0.02650000
v 0.02242000 0.06044277 -0.03100000
v 0.02399949 0.06063456 -0.02650000
v 0.02242000 0.06044277 -0.03100000
v 0.02399949 0.06063456 -0.03100000
v 0.04234949 0.03003456 0.00950000
v 0.04234949 0.03453456 0.00950000
v 0.04151188 0.03003456 0.00960171
v 0.04151188 0.03003456 0.00960171
v 0.04151188 0.03453456 0.00960171
v 0.04072296 0.03003456 0.00990091
v 0.04151188 0.03453456 0.00960171
v 0.04072296 0.03003456 0.00990091
v 0.04072296 0.03453456 0.00990091
v 0.04002856 0.03003456 0.01038021
v 0.04072296 0.03453456 0.00990091
v 0.04002856 0.03003456 0.01038021
v 0.04002856 0.03453456 0.01038021
v 0.03946904 0.03003456 0.01101178
v 0.04002856 0.03453456 0.01038021
v 0.03946904 0.03003456 0.01101178
v 0.03946904 0.03453456 0.01101178
v 0.03907693 0.03003456 0.01175889
v 0.03946904 0.03453456 0.01101178
v 0.03907693 0.03003456 0.01175889
v 0.03907693 0.03453456 0.01175889
v 0.03887501 0.03003456 0.01257812
v 0.03907693 0.03453456 0.01175889
v 0.03887501 0.03003456 0.01257812
v 0.03887501 0.03453456 0.01257812
v 0.03887501 0.03003456 0.01342188
v 0.03887501 0.03453456 0.01257812
v 0.03887501 0.03003456 0.01342188
v 0.03887501 0.03453456 0.01342188
v 0.03907693 0.03003456 0.01424112
v 0.03887501 0.03453456 0.01342188
v 0.03907693 0.03003456 0.01424112
v 0.03907693 0.03453456 0.01424112
v 0.03946904 0.03003456 0.01498823
v 0.03907693 0.03453456 0.01424112
v 0.03946904 0.03003456 0.01498823
v 0.03946904 0.03453456 0.01498823
v 0.04002856 0.03003456 0.01561979
v 0.03946904 0.03453456 0.01498823
v 0.04002856 0.03003456 0.01561979
v 0.04002856 0.03453456 0.01561979
v 0.04072296 0.03003456 0.01609910
v 0.04002856 0.03453456 0.01561979
v 0.04072296 0.03003456 0.01609910
v 0.04072296 0.03453456 0.01609910
v 0.04151188 0.03003456 0.01639830
v 0.04072296 0.03453456 0.01609910
v 0.04151188 0.03003456 0.01639830
v 0.04151188 0.03453456 0.01639830
v 0.04234949 0.03003456 0.01650000
v 0.04151188 0.03453456 0.01639830
v 0.04234949 0.03453456 0.01650000
v 0.04234949 0.03453456 -0.01650000
v 0.04151188 0.03453456 -0.01639829
v 0.04234949 0.03003456 -0.01650000
v 0.04151188 0.03003456 -0.01639829
v 0.04151188 0.03003456 -0.01639829
v 0.04072296 0.03453456 -0.01609909
v 0.04072296 0.03003456 -0.01609909
v 0.04151188 0.03453456 -0.01639829
v 0.04072296 0.03003456 -0.01609909
v 0.04002856 0.03453456 -0.01561979
v 0.04002856 0.03003456 -0.01561979
v 0.04072296 0.03453456 -0.01609909
v 0.04002856 0.03003456 -0.01561979
v 0.03946904 0.03453456 -0.01498822
v 0.03946904 0.03003456 -0.01498822
v 0.04002856 0.03453456 -0.01561979
v 0.03946904 0.03003456 -0.01498822
v 0.03907693 0.03453456 -0.01424111
v 0.03907693 0.03003456 -0.01424111
v 0.03946904 0.03453456 -0.01498822
v 0.03907693 0.03003456 -0.01424111
v 0.03887501 0.03453456 -0.01342188
v 0.03887501 0.03003456 -0.01342188
v 0.03907693 0.03453456 -0.01424111
v 0.03887501 0.03003456 -0.01342188
v 0.03887501 0.03453456 -0.01257812
v 0.03887501 0.03003456 -0.01257812
v 0.03887501 0.03453456 -0.01342188
v 0.03887501 0.03003456 -0.01257812
v 0.03907693 0.03453456 -0.01175888
v 0.03907693 0.03003456 -0.01175888
v 0.03887501 0.03453456 -0.01257812
v 0.03907693 0.03003456 -0.01175888
v 0.03946904 0.03453456 -0.01101177
v 0.03946904 0.03003456 -0.01101177
v 0.03907693 0.03453456 -0.01175888
v 0.03946904 0.03003456 -0.01101177
v 0.04002856 0.03453456 -0.01038021
v 0.04002856 0.03003456 -0.01038021
v 0.03946904 0.03453456 -0.01101177
v 0.04002856 0.03003456 -0.01038021
v 0.04072296 0.03453456 -0.00990090
v 0.04072296 0.03003456 -0.00990090
v 0.04002856 0.03453456 -0.01038021
v 0.04151188 0.03003456 -0.00960170
v 0.04151188 0.03453456 -0.00960170
v 0.04234949 0.03003456 -0.00950000
v 0.04072296 0.03003456 -0.00990090
v 0.04151188 0.03453456 -0.00960170
v 0.04151188 0.03003456 -0.00960170
v 0.04072296 0.03453456 -0.00990090
v 0.04234949 0.03453456 -0.00950000
v 0.05199949 0.03003456 0.02800000
v 0.04522993 0.03003456 0.01498823
v 0.04562204 0.03003456 0.01424112
v 0.04467042 0.03003456 0.01561979
v 0.04397602 0.03003456 0.00990091
v 0.04397602 0.03003456 -0.00990090
v 0.04467042 0.03003456 -0.01038021
v 0.04397602 0.03003456 0.01609910
v 0.04318709 0.03003456 0.01639830
v 0.04582397 0.03003456 0.01257812
v 0.04582397 0.03003456 -0.01257812
v 0.04234949 0.03003456 0.01650000
v 0.04151316 0.03003456 0.01639861
v 0.05199949 0.03003456 -0.02800000
v 0.04467042 0.03003456 0.01038021
v 0.04522993 0.03003456 -0.01498822
v 0.04467042 0.03003456 -0.01561979
v 0.04562204 0.03003456 0.01175889
v 0.04562204 0.03003456 -0.01175888
v 0.02834316 0.03003456 0.02650000
v 0.04074739 0.03003456 0.01611180
v 0.04010347 0.03003456 0.01568431
v 0.04522993 0.03003456 0.01101178
v 0.04397602 0.03003456 -0.01609909
v 0.03960403 0.03003456 0.01517085
v 0.03926223 0.03003456 0.01464981
v 0.03902366 0.03003456 0.01409055
v 0.03890094 0.03003456 0.01359903
v 0.03885154 0.03003456 0.01312142
v 0.04318709 0.03003456 0.00960171
v 0.04318709 0.03003456 -0.00960170
v 0.04562204 0.03003456 -0.01424111
v 0.03888807 0.03003456 0.01248052
v 0.02834316 0.03003456 -0.02650000
v 0.03909228 0.03003456 0.01171847
v 0.04318709 0.03003456 -0.01639829
v 0.02834316 0.03003456 0.02800000
v 0.04582397 0.03003456 -0.01342188
v 0.04234949 0.03003456 -0.01650000
v 0.04234949 0.03003456 0.00950000
v 0.04234949 0.03003456 -0.00950000
v 0.04191779 0.03003456 -0.01647336
v 0.04191779 0.03003456 0.00952664
v 0.04151316 0.03003456 -0.00960139
v 0.04149251 0.03003456 0.00960654
v 0.04074739 0.03003456 -0.00988820
v 0.02834316 0.03003456 -0.02800000
v 0.04149251 0.03003456 -0.01639346
v 0.04074087 0.03003456 0.00989157
v 0.04010347 0.03003456 -0.01031569
v 0.04074087 0.03003456 -0.01610843
v 0.04004276 0.03003456 -0.01563230
v 0.03947985 0.03003456 -0.01500390
v 0.04004276 0.03003456 0.01036770
v 0.03960403 0.03003456 -0.01082915
v 0.03909228 0.03003456 -0.01428153
v 0.03947985 0.03003456 0.01099610
v 0.03926223 0.03003456 -0.01135019
v 0.03888807 0.03003456 -0.01351948
v 0.03902366 0.03003456 -0.01190945
v 0.03885154 0.03003456 -0.01287858
v 0.03890094 0.03003456 -0.01240097
v 0.04522993 0.03003456 -0.01101177
v 0.04582397 0.03003456 0.01342188
v 0.04234949 0.03003456 -0.00950000
v 0.04234949 0.03453456 -0.00950000
v 0.04318709 0.03003456 -0.00960170
v 0.04318709 0.03453456 -0.00960170
v 0.04318709 0.03003456 -0.00960170
v 0.04397602 0.03453456 -0.00990090
v 0.04397602 0.03003456 -0.00990090
v 0.04318709 0.03453456 -0.00960170
v 0.04397602 0.03003456 -0.00990090
v 0.04467042 0.03453456 -0.01038021
v 0.04467042 0.03003456 -0.01038021
v 0.04397602 0.03453456 -0.00990090
v 0.04467042 0.03003456 -0.01038021
v 0.04522993 0.03453456 -0.01101177
v 0.04522993 0.03003456 -0.01101177
v 0.04467042 0.03453456 -0.01038021
v 0.04522993 0.03003456 -0.01101177
v 0.04562204 0.03453456 -0.01175888
v 0.04562204 0.03003456 -0.01175888
v 0.04522993 0.03453456 -0.01101177
v 0.04562204 0.03003456 -0.01175888
v 0.04582397 0.03453456 -0.01257812
v 0.04582397 0.03003456 -0.01257812
v 0.04562204 0.03453456 -0.01175888
v 0.04582397 0.03003456 -0.01257812
v 0.04582397 0.03453456 -0.01342188
v 0.04582397 0.03003456 -0.01342188
v 0.04582397 0.03453456 -0.01257812
v 0.04582397 0.03003456 -0.01342188
v 0.04562204 0.03453456 -0.01424111
v 0.04562204 0.03003456 -0.01424111
v 0.04582397 0.03453456 -0.01342188
v 0.04562204 0.03003456 -0.01424111
v 0.04522993 0.03453456 -0.01498822
v 0.04522993 0.03003456 -0.01498822
v 0.04562204 0.03453456 -0.01424111
v 0.04522993 0.03003456 -0.01498822
v 0.04467042 0.03453456 -0.01561979
v 0.04467042 0.03003456 -0.01561979
v 0.04522993 0.03453456 -0.01498822
v 0.04467042 0.03003456 -0.01561979
v 0.04397602 0.03453456 -0.01609909
v 0.04397602 0.03003456 -0.01609909
v 0.04467042 0.03453456 -0.01561979
v 0.04397602 0.03003456 -0.01609909
v 0.04318709 0.03453456 -0.01639829
v 0.04318709 0.03003456 -0.01639829
v 0.04397602 0.03453456 -0.01609909
v 0.04318709 0.03003456 -0.01639829
v 0.04234949 0.03453456 -0.01650000
v 0.04234949 0.03003456 -0.01650000
v 0.04318709 0.03453456 -0.01639829
v 0.04234949 0.03003456 0.01650000
v 0.04234949 0.03453456 0.01650000
v 0.04318709 0.03003456 0.01639830
v 0.04318709 0.03003456 0.01639830
v 0.04318709 0.03453456 0.01639830
v 0.04397602 0.03003456 0.01609910
v 0.04318709 0.03453456 0.01639830
v 0.04397602 0.03003456 0.01609910
v 0.04397602 0.03453456 0.01609910
v 0.04467042 0.03003456 0.01561979
v 0.04397602 0.03453456 0.01609910
v 0.04467042 0.03003456 0.01561979
v 0.04467042 0.03453456 0.01561979
v 0.04522993 0.03003456 0.01498823
v 0.04467042 0.03453456 0.01561979
v 0.04522993 0.03003456 0.01498823
v 0.04522993 0.03453456 0.01498823
v 0.04562204 0.03003456 0.01424112
v 0.04522993 0.03453456 0.01498823
v 0.04562204 0.03003456 0.01424112
v 0.04562204 0.03453456 0.01424112
v 0.04582397 0.03003456 0.01342188
v 0.04562204 0.03453456 0.01424112
v 0.04582397 0.03003456 0.01342188
v 0.04582397 0.03453456 0.01342188
v 0.04582397 0.03003456 0.01257812
v 0.04582397 0.03453456 0.01342188
v 0.04582397 0.03003456 0.01257812
v 0.04582397 0.03453456 0.01257812
v 0.04562204 0.03003456 0.01175889
v 0.04582397 0.03453456 0.01257812
v 0.04562204 0.03003456 0.01175889
v 0.04562204 0.03453456 0.01175889
v 0.04522993 0.03003456 0.01101178
v 0.04562204 0.03453456 0.01175889
v 0.04522993 0.03003456 0.01101178
v 0.04522993 0.03453456 0.01101178
v 0.04467042 0.03003456 0.01038021
v 0.04522993 0.03453456 0.01101178
v 0.04467042 0.03003456 0.01038021
v 0.04467042 0.03453456 0.01038021
v 0.04397602 0.03003456 0.00990091
v 0.04467042 0.03453456 0.01038021
v 0.04397602 0.03003456 0.00990091
v 0.04397602 0.03453456 0.00990091
v 0.04318709 0.03003456 0.00960171
v 0.04397602 0.03453456 0.00990091
v 0.04318709 0.03003456 0.00960171
v 0.04318709 0.03453456 0.00960171
v 0.04234949 0.03003456 0.00950000
v 0.04318709 0.03453456 0.00960171
v 0.04234949 0.03453456 0.00950000
v 0.05199949 0.03010977 -0.02866756
v 0.02834316 0.03003456 -0.02800000
v 0.02832377 0.03011529 -0.02869125
v 0.05199949 0.03010977 -0.02866756
v 0.05199949 0.03003456 -0.02800000
v 0.02834316 0.03003456 -0.02800000
v 0.05199949 0.03033165 -0.02930165
v 0.02832377 0.03011529 -0.02869125
v 0.02825984 0.03035268 -0.02934447
v 0.05199949 0.03033165 -0.02930165
v 0.05199949 0.03010977 -0.02866756
v 0.02832377 0.03011529 -0.02869125
v 0.05199949 0.03068906 -0.02987047
v 0.02825984 0.03035268 -0.02934447
v 0.02813679 0.03072832 -0.02991868
v 0.05199949 0.03068906 -0.02987047
v 0.05199949 0.03033165 -0.02930165
v 0.02825984 0.03035268 -0.02934447
v 0.05199949 0.03116409 -0.03034549
v 0.02813679 0.03072832 -0.02991868
v 0.02793759 0.03120893 -0.03038045
v 0.05199949 0.03116409 -0.03034549
v 0.05199949 0.03068906 -0.02987047
v 0.02813679 0.03072832 -0.02991868
v 0.05199949 0.03173291 -0.03070290
v 0.02793759 0.03120893 -0.03038045
v 0.02765009 0.03175141 -0.03071175
v 0.05199949 0.03173291 -0.03070290
v 0.05199949 0.03116409 -0.03034549
v 0.02793759 0.03120893 -0.03038045
v 0.05199949 0.03236699 -0.03092478
v 0.02765009 0.03175141 -0.03071175
v 0.02727483 0.03230651 -0.03091035
v 0.05199949 0.03236699 -0.03092478
v 0.02727483 0.03230651 -0.03091035
v 0.02696517 0.03268104 -0.03097909
v 0.05199949 0.03236699 -0.03092478
v 0.05199949 0.03173291 -0.03070290
v 0.02765009 0.03175141 -0.03071175
v 0.05199949 0.03303456 -0.03100000
v 0.02696517 0.03268104 -0.03097909
v 0.02662070 0.03303456 -0.03100000
v 0.05199949 0.03303456 -0.03100000
v 0.05199949 0.03236699 -0.03092478
v 0.02696517 0.03268104 -0.03097909
v 0.05199949 0.03068906 0.02987047
v 0.05199949 0.03033165 0.02930165
v 0.05199949 0.03497089 0.02574698
v 0.05199949 0.03528758 0.02606367
v 0.05199949 0.03116409 0.03034550
v 0.05199949 0.03653456 -0.02650000
v 0.05199949 0.03303456 -0.03100000
v 0.05199949 0.04503848 -0.03100000
v 0.05199949 0.04503848 -0.02650000
v 0.05199949 0.03608952 -0.02644985
v 0.05199949 0.03566679 -0.02630194
v 0.05199949 0.03528758 -0.02606366
v 0.05199949 0.03236699 -0.03092478
v 0.05199949 0.03173291 -0.03070290
v 0.05199949 0.03116409 -0.03034549
v 0.05199949 0.03068906 -0.02987047
v 0.05199949 0.03497089 -0.02574698
v 0.05199949 0.03033165 -0.02930165
v 0.05199949 0.03010977 -0.02866756
v 0.05199949 0.03003456 -0.02800000
v 0.05199949 0.03473262 -0.02536777
v 0.05199949 0.03458470 -0.02494504
v 0.05199949 0.03453456 -0.02450000
v 0.05199949 0.03453456 0.02450000
v 0.05199949 0.03653456 0.02650000
v 0.05199949 0.04503848 0.02650000
v 0.05199949 0.04503848 0.03100000
v 0.05199949 0.03303456 0.03100000
v 0.05199949 0.03566679 0.02630194
v 0.05199949 0.03608952 0.02644986
v 0.05199949 0.03003456 0.02800000
v 0.05199949 0.03458470 0.02494504
v 0.05199949 0.03473262 0.02536777
v 0.05199949 0.03236699 0.03092479
v 0.05199949 0.03010977 0.02866756
v 0.05199949 0.03173291 0.03070291
v 0.02833779 0.03005753 0.02837096
v 0.05199949 0.03003456 0.02800000
v 0.05199949 0.03010977 0.02866756
v 0.02833779 0.03005753 0.02837096
v 0.02834316 0.03003456 0.02800000
v 0.05199949 0.03003456 0.02800000
v 0.02832116 0.03012581 0.02873418
v 0.05199949 0.03010977 0.02866756
v 0.05199949 0.03033165 0.02930165
v 0.02832116 0.03012581 0.02873418
v 0.02833779 0.03005753 0.02837096
v 0.05199949 0.03010977 0.02866756
v 0.02825386 0.03037308 0.02938442
v 0.05199949 0.03033165 0.02930165
v 0.05199949 0.03068906 0.02987047
v 0.02825386 0.03037308 0.02938442
v 0.02832116 0.03012581 0.02873418
v 0.05199949 0.03033165 0.02930165
v 0.02812599 0.03075775 0.02995354
v 0.05199949 0.03068906 0.02987047
v 0.05199949 0.03116409 0.03034550
v 0.02812599 0.03075775 0.02995354
v 0.02825386 0.03037308 0.02938442
v 0.05199949 0.03068906 0.02987047
v 0.02792115 0.03124387 0.03040682
v 0.05199949 0.03116409 0.03034550
v 0.05199949 0.03173291 0.03070291
v 0.02792115 0.03124387 0.03040682
v 0.02812599 0.03075775 0.02995354
v 0.05199949 0.03116409 0.03034550
v 0.02762767 0.03178863 0.03072906
v 0.05199949 0.03173291 0.03070291
v 0.05199949 0.03236699 0.03092479
v 0.02762767 0.03178863 0.03072906
v 0.02792115 0.03124387 0.03040682
v 0.05199949 0.03173291 0.03070291
v 0.02719987 0.03240296 0.03093276
v 0.05199949 0.03236699 0.03092479
v 0.05199949 0.03303456 0.03100000
v 0.02719987 0.03240296 0.03093276
v 0.02762767 0.03178863 0.03072906
v 0.05199949 0.03236699 0.03092479
v 0.02662070 0.03303456 0.03100000
v 0.02834316 0.03497089 -0.02574698
v 0.02834316 0.03528758 -0.02606366
v 0.02834316 0.03003456 -0.02650000
v 0.02834316 0.03566679 -0.02630194
v 0.02834316 0.03473262 -0.02536777
v 0.02834316 0.03608952 -0.02644985
v 0.02834316 0.03458470 -0.02494504
v 0.02834316 0.03453456 -0.02450000
v 0.02834316 0.03653456 -0.02650000
v 0.02834316 0.03453456 0.02450000
v 0.02834316 0.03003456 0.02650000
v 0.02834316 0.03458470 0.02494504
v 0.02834316 0.03473262 0.02536777
v 0.02834316 0.03497089 0.02574698
v 0.02834316 0.03528758 0.02606367
v 0.02834316 0.03566679 0.02630194
v 0.02834316 0.03608952 0.02644986
v 0.02834316 0.03653456 0.02650000
v 0.04151188 0.03453456 0.00960171
v 0.04151188 0.03453456 -0.00960170
v 0.04072296 0.03453456 -0.00990090
v 0.04072296 0.03453456 0.00990091
v 0.03946904 0.03453456 -0.01498822
v 0.04002856 0.03453456 -0.01561979
v 0.02834316 0.03453456 -0.02450000
v 0.04072296 0.03453456 -0.01609909
v 0.04234949 0.03453456 0.00950000
v 0.03907693 0.03453456 -0.01424111
v 0.04234949 0.03453456 -0.00950000
v 0.04151188 0.03453456 -0.01639829
v 0.04318709 0.03453456 0.00960171
v 0.04318709 0.03453456 -0.00960170
v 0.03887501 0.03453456 -0.01342188
v 0.02834316 0.03453456 0.02450000
v 0.03887501 0.03453456 0.01257812
v 0.03907693 0.03453456 0.01175889
v 0.03887501 0.03453456 0.01342188
v 0.03887501 0.03453456 -0.01257812
v 0.03907693 0.03453456 0.01424112
v 0.04397602 0.03453456 0.00990091
v 0.04397602 0.03453456 -0.00990090
v 0.03946904 0.03453456 0.01498823
v 0.03907693 0.03453456 -0.01175888
v 0.05199949 0.03453456 -0.02450000
v 0.04234949 0.03453456 -0.01650000
v 0.04318709 0.03453456 -0.01639829
v 0.04467042 0.03453456 0.01038021
v 0.04467042 0.03453456 -0.01038021
v 0.04397602 0.03453456 -0.01609909
v 0.04002856 0.03453456 0.01561979
v 0.04522993 0.03453456 0.01101178
v 0.04522993 0.03453456 -0.01101177
v 0.04467042 0.03453456 -0.01561979
v 0.04072296 0.03453456 0.01609910
v 0.04562204 0.03453456 0.01175889
v 0.04562204 0.03453456 -0.01175888
v 0.04522993 0.03453456 -0.01498822
v 0.04151188 0.03453456 0.01639830
v 0.04562204 0.03453456 -0.01424111
v 0.04582397 0.03453456 -0.01342188
v 0.04582397 0.03453456 -0.01257812
v 0.05199949 0.03453456 0.02450000
v 0.04318709 0.03453456 0.01639830
v 0.04234949 0.03453456 0.01650000
v 0.04397602 0.03453456 0.01609910
v 0.04467042 0.03453456 0.01561979
v 0.04522993 0.03453456 0.01498823
v 0.04562204 0.03453456 0.01424112
v 0.04582397 0.03453456 0.01342188
v 0.04582397 0.03453456 0.01257812
v 0.04002856 0.03453456 0.01038021
v 0.04002856 0.03453456 -0.01038021
v 0.03946904 0.03453456 -0.01101177
v 0.03946904 0.03453456 0.01101178
v 0.04599949 0.05103848 -0.03100000
v 0.04733461 0.05088805 -0.03100000
v 0.04860279 0.05044429 -0.03100000
v 0.04974043 0.04972947 -0.03100000
v 0.05069048 0.04877942 -0.03100000
v 0.05140530 0.04764178 -0.03100000
v 0.05184906 0.04637361 -0.03100000
v 0.05199949 0.04503848 -0.03100000
v 0.04541510 0.05103848 -0.03100000
v 0.04424559 0.05112396 -0.03100000
v 0.05199949 0.03303456 -0.03100000
v 0.04312653 0.05147430 -0.03100000
v 0.02662070 0.03303456 -0.03100000
v 0.02837610 0.04909439 -0.03100000
v 0.04211705 0.05207097 -0.03100000
v 0.02943118 0.05028533 -0.03100000
v 0.04127055 0.05288244 -0.03100000
v 0.02706666 0.04819055 -0.03100000
v 0.02544755 0.03389966 -0.03100000
v 0.03017060 0.05169416 -0.03100000
v 0.04063176 0.05386581 -0.03100000
v 0.02557897 0.04762634 -0.03100000
v 0.02410042 0.03445634 -0.03100000
v 0.03055137 0.05323901 -0.03100000
v 0.04023446 0.05496908 -0.03100000
v 0.00682008 0.02988737 -0.03100000
v 0.00645577 0.02935184 -0.03100000
v 0.00598502 0.02890697 -0.03100000
v 0.00542975 0.02857352 -0.03100000
v 0.02399949 0.04743456 -0.03100000
v 0.02265880 0.03467175 -0.03100000
v 0.00481585 0.02836702 -0.03100000
v 0.00417193 0.02829710 -0.03100000
v 0.00731751 0.03061876 -0.03100000
v 0.03055137 0.05483010 -0.03100000
v 0.04009964 0.05613393 -0.03100000
v 0.02242000 0.04762634 -0.03100000
v 0.02120778 0.03453317 -0.03100000
v 0.03017060 0.05637495 -0.03100000
v 0.03984892 0.06125977 -0.03100000
v 0.04009964 0.05903456 -0.03100000
v 0.02093232 0.04819055 -0.03100000
v 0.02943118 0.05778378 -0.03100000
v 0.03791796 0.06526945 -0.03100000
v 0.03910933 0.06337339 -0.03100000
v 0.01962288 0.04909439 -0.03100000
v 0.00955654 0.03196460 -0.03100000
v 0.03633454 0.06685287 -0.03100000
v 0.02837610 0.05897473 -0.03100000
v -0.00284428 0.02829710 -0.03100000
v 0.00796024 0.03122643 -0.03100000
v 0.01856779 0.05028533 -0.03100000
v -0.00383335 0.02834613 -0.03100000
v -0.00333942 0.02830937 -0.03100000
v -0.00432486 0.02840731 -0.03100000
v 0.03443848 0.06804424 -0.03100000
v 0.01782838 0.05169416 -0.03100000
v 0.00871834 0.03168212 -0.03100000
v 0.01744761 0.05323901 -0.03100000
v 0.03232485 0.06878384 -0.03100000
v 0.02706666 0.05987857 -0.03100000
v 0.03009964 0.06903455 -0.03100000
v 0.02557897 0.06044277 -0.03100000
v 0.02399949 0.06063456 -0.03100000
v 0.02033282 0.06903455 -0.03100000
v 0.02242000 0.06044277 -0.03100000
v 0.02093232 0.05987857 -0.03100000
v 0.01820423 0.06926373 -0.03100000
v 0.01962288 0.05897473 -0.03100000
v 0.01617320 0.06994074 -0.03100000
v 0.01856779 0.05778378 -0.03100000
v 0.01433282 0.07103455 -0.03100000
v 0.01782838 0.05637495 -0.03100000
v 0.01153282 0.07313456 -0.03100000
v 0.00553282 0.07513456 -0.03100000
v 0.00969245 0.07422838 -0.03100000
v 0.01744761 0.05483010 -0.03100000
v 0.00766141 0.07490539 -0.03100000
v -0.01861859 0.06001715 -0.03100000
v -0.01535963 0.03130481 -0.03100000
v -0.01780330 0.06093743 -0.03100000
v -0.01963042 0.05931873 -0.03100000
v -0.02551514 0.03650360 -0.03100000
v -0.01723193 0.06202607 -0.03100000
v -0.02078000 0.05888276 -0.03100000
v -0.01693770 0.06321982 -0.03100000
v -0.02200051 0.05873456 -0.03100000
v -0.03431786 0.04376128 -0.03100000
v -0.01693770 0.06444930 -0.03100000
v -0.02322102 0.05888276 -0.03100000
v -0.01723193 0.06564304 -0.03100000
v -0.02437060 0.05931873 -0.03100000
v -0.03446828 0.04391218 -0.03100000
v -0.03454468 0.04398642 -0.03100000
v -0.03439267 0.04383713 -0.03100000
v -0.03689998 0.04675760 -0.03100000
v -0.01780330 0.06673169 -0.03100000
v -0.02538244 0.06001715 -0.03100000
v -0.01861859 0.06765196 -0.03100000
v -0.03865373 0.04994370 -0.03100000
v -0.03973513 0.05341608 -0.03100000
v -0.02619773 0.06093743 -0.03100000
v -0.04010051 0.05703456 -0.03100000
v -0.02676909 0.06202607 -0.03100000
v -0.02200051 0.07513456 -0.03100000
v -0.02200051 0.06893456 -0.03100000
v -0.02322102 0.06878636 -0.03100000
v -0.01963042 0.06835038 -0.03100000
v -0.02078000 0.06878636 -0.03100000
v -0.03964671 0.06106219 -0.03100000
v -0.02602814 0.07468076 -0.03100000
v -0.02437060 0.06835038 -0.03100000
v -0.03830805 0.06488786 -0.03100000
v -0.02706333 0.06321982 -0.03100000
v -0.02985381 0.07334209 -0.03100000
v -0.02538244 0.06765196 -0.03100000
v -0.02619773 0.06673169 -0.03100000
v -0.03615166 0.06831973 -0.03100000
v -0.02676909 0.06564304 -0.03100000
v -0.02706333 0.06444930 -0.03100000
v -0.03328568 0.07118571 -0.03100000
v 0.02120778 0.03453317 -0.02650000
v 0.02120778 0.03453317 -0.03100000
v 0.02253388 0.03467376 -0.02650000
v 0.02253388 0.03467376 -0.02650000
v 0.02265880 0.03467175 -0.03100000
v 0.02385828 0.03451798 -0.02650000
v 0.02120778 0.03453317 -0.03100000
v 0.02265880 0.03467175 -0.03100000
v 0.02253388 0.03467376 -0.02650000
v 0.02385828 0.03451798 -0.02650000
v 0.02410042 0.03445634 -0.03100000
v 0.02511556 0.03407351 -0.02650000
v 0.02265880 0.03467175 -0.03100000
v 0.02410042 0.03445634 -0.03100000
v 0.02385828 0.03451798 -0.02650000
v 0.02511556 0.03407351 -0.02650000
v 0.02544755 0.03389966 -0.03100000
v 0.02624361 0.03336231 -0.02650000
v 0.02410042 0.03445634 -0.03100000
v 0.02544755 0.03389966 -0.03100000
v 0.02511556 0.03407351 -0.02650000
v 0.02624361 0.03336231 -0.02650000
v 0.02662070 0.03303456 -0.03100000
v 0.02718672 0.03241951 -0.02650000
v 0.02544755 0.03389966 -0.03100000
v 0.02662070 0.03303456 -0.03100000
v 0.02624361 0.03336231 -0.02650000
v 0.02662070 0.03303456 -0.03100000
v 0.02696517 0.03268104 -0.03097909
v 0.02718672 0.03241951 -0.02650000
v 0.02696517 0.03268104 -0.03097909
v 0.02727483 0.03230651 -0.03091035
v 0.02718672 0.03241951 -0.02650000
v 0.02727483 0.03230651 -0.03091035
v 0.02765009 0.03175141 -0.03071175
v 0.02718672 0.03241951 -0.02650000
v 0.02789828 0.03129169 -0.02650000
v 0.02834316 0.03003456 -0.02800000
v 0.02834316 0.03003456 -0.02650000
v 0.02718672 0.03241951 -0.02650000
v 0.02793759 0.03120893 -0.03038045
v 0.02789828 0.03129169 -0.02650000
v 0.02765009 0.03175141 -0.03071175
v 0.02793759 0.03120893 -0.03038045
v 0.02718672 0.03241951 -0.02650000
v 0.02789828 0.03129169 -0.02650000
v 0.02832377 0.03011529 -0.02869125
v 0.02834316 0.03003456 -0.02800000
v 0.02793759 0.03120893 -0.03038045
v 0.02813679 0.03072832 -0.02991868
v 0.02789828 0.03129169 -0.02650000
v 0.02789828 0.03129169 -0.02650000
v 0.02825984 0.03035268 -0.02934447
v 0.02832377 0.03011529 -0.02869125
v 0.02813679 0.03072832 -0.02991868
v 0.02825984 0.03035268 -0.02934447
v 0.02789828 0.03129169 -0.02650000
v -0.00284428 0.02829710 0.03100000
v -0.00383335 0.02834613 0.03100000
v -0.00333942 0.02830937 0.03100000
v -0.00432486 0.02840731 0.03100000
v -0.02581792 0.06045263 0.03100000
v -0.04002343 0.05536589 0.03100000
v -0.03912440 0.05117091 0.03100000
v -0.02489764 0.05963734 0.03100000
v -0.03726330 0.04730536 0.03100000
v -0.03454468 0.04398642 0.03100000
v -0.02651634 0.06146447 0.03100000
v -0.03990987 0.05965463 0.03100000
v -0.02380900 0.05906598 0.03100000
v -0.03439267 0.04383713 0.03100000
v -0.03431786 0.04376128 0.03100000
v -0.03446828 0.04391218 0.03100000
v -0.02695231 0.06261405 0.03100000
v -0.03879011 0.06379617 0.03100000
v -0.02261525 0.05877174 0.03100000
v -0.02551514 0.03650360 0.03100000
v 0.00682008 0.02988737 0.03100000
v 0.00417193 0.02829710 0.03100000
v 0.00481585 0.02836702 0.03100000
v 0.00542975 0.02857352 0.03100000
v 0.00598502 0.02890697 0.03100000
v 0.00645577 0.02935184 0.03100000
v -0.02710051 0.06383456 0.03100000
v -0.03672705 0.06755782 0.03100000
v -0.02138577 0.05877174 0.03100000
v 0.00731751 0.03061876 0.03100000
v -0.02695231 0.06505507 0.03100000
v -0.03383661 0.07072823 0.03100000
v -0.02019203 0.05906598 0.03100000
v -0.01535963 0.03130481 0.03100000
v 0.00796024 0.03122643 0.03100000
v -0.02651634 0.06620464 0.03100000
v -0.01910338 0.05963734 0.03100000
v -0.01818311 0.06045263 0.03100000
v -0.03028118 0.07312930 0.03100000
v -0.02581792 0.06721648 0.03100000
v -0.02489764 0.06803178 0.03100000
v -0.02626052 0.07462610 0.03100000
v -0.02380900 0.06860314 0.03100000
v -0.02261525 0.06889737 0.03100000
v -0.02200051 0.07513456 0.03100000
v -0.02138577 0.06889737 0.03100000
v -0.02019203 0.06860314 0.03100000
v -0.01910338 0.06803178 0.03100000
v -0.01818311 0.06721648 0.03100000
v 0.02025026 0.04860286 0.03100000
v 0.01905932 0.04965795 0.03100000
v 0.00955654 0.03196460 0.03100000
v 0.02120778 0.03453317 0.03100000
v 0.01815548 0.05096738 0.03100000
v 0.00871834 0.03168212 0.03100000
v 0.02165910 0.04786345 0.03100000
v 0.01759127 0.05245507 0.03100000
v -0.01748469 0.06146447 0.03100000
v 0.02320395 0.04748268 0.03100000
v 0.02265880 0.03467175 0.03100000
v 0.01739949 0.05403456 0.03100000
v -0.01704871 0.06261405 0.03100000
v 0.02479503 0.04748268 0.03100000
v 0.02410042 0.03445634 0.03100000
v 0.01759127 0.05561404 0.03100000
v 0.02633988 0.04786345 0.03100000
v 0.02544755 0.03389966 0.03100000
v 0.02774871 0.04860286 0.03100000
v 0.02662070 0.03303456 0.03100000
v 0.02893966 0.04965795 0.03100000
v 0.00553282 0.07513456 0.03100000
v -0.01690051 0.06383456 0.03100000
v -0.01748469 0.06620464 0.03100000
v -0.01704871 0.06505507 0.03100000
v 0.00969245 0.07422838 0.03100000
v 0.00766141 0.07490539 0.03100000
v 0.01153282 0.07313456 0.03100000
v 0.01433282 0.07103455 0.03100000
v 0.01815548 0.05710173 0.03100000
v 0.01617320 0.06994074 0.03100000
v 0.01905932 0.05841117 0.03100000
v 0.01820423 0.06926373 0.03100000
v 0.02025026 0.05946625 0.03100000
v 0.02165910 0.06020567 0.03100000
v 0.02033282 0.06903455 0.03100000
v 0.02320395 0.06058644 0.03100000
v 0.02479503 0.06058644 0.03100000
v 0.04127055 0.05288244 0.03100000
v 0.03040770 0.05245507 0.03100000
v 0.02984350 0.05096738 0.03100000
v 0.04211705 0.05207097 0.03100000
v 0.04063176 0.05386581 0.03100000
v 0.03059949 0.05403456 0.03100000
v 0.04312653 0.05147430 0.03100000
v 0.05199949 0.03303456 0.03100000
v 0.04023446 0.05496908 0.03100000
v 0.04424559 0.05112396 0.03100000
v 0.04009964 0.05613393 0.03100000
v 0.03040770 0.05561404 0.03100000
v 0.05199949 0.04503848 0.03100000
v 0.04599949 0.05103848 0.03100000
v 0.04541510 0.05103848 0.03100000
v 0.05184906 0.04637361 0.03100000
v 0.05140530 0.04764178 0.03100000
v 0.03009964 0.06903455 0.03100000
v 0.02633988 0.06020567 0.03100000
v 0.02774871 0.05946625 0.03100000
v 0.04009964 0.05903456 0.03100000
v 0.02984350 0.05710173 0.03100000
v 0.04974043 0.04972947 0.03100000
v 0.04860279 0.05044429 0.03100000
v 0.04733461 0.05088805 0.03100000
v 0.05069048 0.04877942 0.03100000
v 0.03984892 0.06125977 0.03100000
v 0.03232485 0.06878384 0.03100000
v 0.03910933 0.06337339 0.03100000
v 0.02893966 0.05841117 0.03100000
v 0.03443848 0.06804424 0.03100000
v 0.03791796 0.06526945 0.03100000
v 0.03633454 0.06685287 0.03100000
v 0.05184906 0.04637361 0.03100000
v 0.05199949 0.04503848 0.02650000
v 0.05184906 0.04637361 0.02650000
v 0.05199949 0.04503848 0.03100000
v 0.05140530 0.04764178 0.03100000
v 0.05184906 0.04637361 0.02650000
v 0.05140530 0.04764178 0.02650000
v 0.05184906 0.04637361 0.03100000
v 0.05069048 0.04877942 0.03100000
v 0.05140530 0.04764178 0.02650000
v 0.05069048 0.04877942 0.02650000
v 0.05140530 0.04764178 0.03100000
v 0.04974043 0.04972947 0.03100000
v 0.05069048 0.04877942 0.02650000
v 0.04974043 0.04972947 0.02650000
v 0.05069048 0.04877942 0.03100000
v 0.04860279 0.05044429 0.03100000
v 0.04974043 0.04972947 0.02650000
v 0.04860279 0.05044429 0.02650000
v 0.04974043 0.04972947 0.03100000
v 0.04733461 0.05088805 0.03100000
v 0.04860279 0.05044429 0.02650000
v 0.04733461 0.05088805 0.02650000
v 0.04860279 0.05044429 0.03100000
v 0.04599949 0.05103848 0.03100000
v 0.04733461 0.05088805 0.02650000
v 0.04599949 0.05103848 0.02650000
v 0.04733461 0.05088805 0.03100000
v -0.00333942 0.02830937 0.02650000
v -0.00383335 0.02834613 0.02650000
v -0.00432486 0.02840731 0.02650000
v -0.00284428 0.02829710 0.02650000
v -0.02581792 0.06045263 0.02650000
v -0.03912440 0.05117091 0.02650000
v -0.04002343 0.05536589 0.02650000
v -0.02489764 0.05963734 0.02650000
v -0.03726330 0.04730536 0.02650000
v -0.03454468 0.04398642 0.02650000
v -0.02651634 0.06146447 0.02650000
v -0.03990987 0.05965463 0.02650000
v -0.02380900 0.05906598 0.02650000
v -0.03446828 0.04391218 0.02650000
v -0.03439267 0.04383713 0.02650000
v -0.03431786 0.04376128 0.02650000
v -0.02695231 0.06261405 0.02650000
v -0.03879011 0.06379617 0.02650000
v -0.02261525 0.05877174 0.02650000
v -0.02551514 0.03650360 0.02650000
v 0.00682008 0.02988737 0.02650000
v 0.00481585 0.02836702 0.02650000
v 0.00417193 0.02829710 0.02650000
v 0.00542975 0.02857352 0.02650000
v 0.00598502 0.02890697 0.02650000
v 0.00645577 0.02935184 0.02650000
v -0.02710051 0.06383456 0.02650000
v -0.03672705 0.06755782 0.02650000
v -0.02138577 0.05877174 0.02650000
v 0.00731751 0.03061876 0.02650000
v -0.02695231 0.06505507 0.02650000
v -0.03383661 0.07072823 0.02650000
v -0.02019203 0.05906598 0.02650000
v -0.01535963 0.03130481 0.02650000
v 0.00796024 0.03122643 0.02650000
v -0.02651634 0.06620464 0.02650000
v -0.01910338 0.05963734 0.02650000
v -0.01818311 0.06045263 0.02650000
v -0.03028118 0.07312930 0.02650000
v -0.02581792 0.06721648 0.02650000
v -0.02489764 0.06803178 0.02650000
v -0.02626052 0.07462610 0.02650000
v -0.02380900 0.06860314 0.02650000
v -0.02261525 0.06889737 0.02650000
v -0.02200051 0.07513456 0.02650000
v -0.02138577 0.06889737 0.02650000
v -0.02019203 0.06860314 0.02650000
v -0.01910338 0.06803178 0.02650000
v -0.01818311 0.06721648 0.02650000
v 0.02834316 0.03653456 0.02650000
v 0.02385828 0.03451798 0.02650000
v 0.02253388 0.03467376 0.02650000
v 0.02511556 0.03407351 0.02650000
v 0.02624361 0.03336231 0.02650000
v 0.02718672 0.03241951 0.02650000
v 0.02789828 0.03129169 0.02650000
v 0.02834316 0.03003456 0.02650000
v 0.02025026 0.04860286 0.02650000
v 0.00955654 0.03196460 0.02650000
v 0.01905932 0.04965795 0.02650000
v 0.02120778 0.03453317 0.02650000
v 0.01815548 0.05096738 0.02650000
v 0.00871834 0.03168212 0.02650000
v 0.02165910 0.04786345 0.02650000
v 0.01759127 0.05245507 0.02650000
v -0.01748469 0.06146447 0.02650000
v 0.02320395 0.04748268 0.02650000
v 0.01739949 0.05403456 0.02650000
v -0.01704871 0.06261405 0.02650000
v 0.02479503 0.04748268 0.02650000
v 0.01759127 0.05561404 0.02650000
v 0.02633988 0.04786345 0.02650000
v 0.02774871 0.04860286 0.02650000
v 0.02893966 0.04965795 0.02650000
v 0.00553282 0.07513456 0.02650000
v -0.01690051 0.06383456 0.02650000
v -0.01748469 0.06620464 0.02650000
v -0.01704871 0.06505507 0.02650000
v 0.00969245 0.07422838 0.02650000
v 0.00766141 0.07490539 0.02650000
v 0.01153282 0.07313456 0.02650000
v 0.01433282 0.07103455 0.02650000
v 0.01815548 0.05710173 0.02650000
v 0.01617320 0.06994074 0.02650000
v 0.01905932 0.05841117 0.02650000
v 0.01820423 0.06926373 0.02650000
v 0.02025026 0.05946625 0.02650000
v 0.02165910 0.06020567 0.02650000
v 0.02033282 0.06903455 0.02650000
v 0.02320395 0.06058644 0.02650000
v 0.02479503 0.06058644 0.02650000
v 0.04127055 0.05288244 0.02650000
v 0.02984350 0.05096738 0.02650000
v 0.03040770 0.05245507 0.02650000
v 0.04211705 0.05207097 0.02650000
v 0.04063176 0.05386581 0.02650000
v 0.03059949 0.05403456 0.02650000
v 0.04312653 0.05147430 0.02650000
v 0.04023446 0.05496908 0.02650000
v 0.04424559 0.05112396 0.02650000
v 0.05199949 0.03653456 0.02650000
v 0.04009964 0.05613393 0.02650000
v 0.03040770 0.05561404 0.02650000
v 0.05199949 0.04503848 0.02650000
v 0.04541510 0.05103848 0.02650000
v 0.04599949 0.05103848 0.02650000
v 0.05184906 0.04637361 0.02650000
v 0.05140530 0.04764178 0.02650000
v 0.04860279 0.05044429 0.02650000
v 0.04733461 0.05088805 0.02650000
v 0.03009964 0.06903455 0.02650000
v 0.02633988 0.06020567 0.02650000
v 0.02774871 0.05946625 0.02650000
v 0.04009964 0.05903456 0.02650000
v 0.02984350 0.05710173 0.02650000
v 0.05069048 0.04877942 0.02650000
v 0.04974043 0.04972947 0.02650000
v 0.03232485 0.06878384 0.02650000
v 0.03984892 0.06125977 0.02650000
v 0.03910933 0.06337339 0.02650000
v 0.02893966 0.05841117 0.02650000
v 0.03443848 0.06804424 0.02650000
v 0.03791796 0.06526945 0.02650000
v 0.03633454 0.06685287 0.02650000
v 0.02834316 0.03453456 0.02450000
v 0.02834316 0.03458470 0.02494504
v 0.05199949 0.03453456 0.02450000
v 0.05199949 0.03458470 0.02494504
v 0.05199949 0.03458470 0.02494504
v 0.02834316 0.03473262 0.02536777
v 0.05199949 0.03473262 0.02536777
v 0.02834316 0.03458470 0.02494504
v 0.05199949 0.03473262 0.02536777
v 0.02834316 0.03497089 0.02574698
v 0.05199949 0.03497089 0.02574698
v 0.02834316 0.03473262 0.02536777
v 0.05199949 0.03497089 0.02574698
v 0.02834316 0.03528758 0.02606367
v 0.05199949 0.03528758 0.02606367
v 0.02834316 0.03497089 0.02574698
v 0.05199949 0.03528758 0.02606367
v 0.02834316 0.03566679 0.02630194
v 0.05199949 0.03566679 0.02630194
v 0.02834316 0.03528758 0.02606367
v 0.05199949 0.03566679 0.02630194
v 0.02834316 0.03608952 0.02644986
v 0.05199949 0.03608952 0.02644986
v 0.02834316 0.03566679 0.02630194
v 0.05199949 0.03608952 0.02644986
v 0.02834316 0.03653456 0.02650000
v 0.05199949 0.03653456 0.02650000
v 0.02834316 0.03608952 0.02644986
v 0.05199949 0.03653456 -0.02650000
v 0.02834316 0.03653456 -0.02650000
v 0.05199949 0.03608952 -0.02644985
v 0.05199949 0.03608952 -0.02644985
v 0.02834316 0.03608952 -0.02644985
v 0.05199949 0.03566679 -0.02630194
v 0.02834316 0.03608952 -0.02644985
v 0.05199949 0.03566679 -0.02630194
v 0.02834316 0.03566679 -0.02630194
v 0.05199949 0.03528758 -0.02606366
v 0.02834316 0.03566679 -0.02630194
v 0.05199949 0.03528758 -0.02606366
v 0.02834316 0.03528758 -0.02606366
v 0.05199949 0.03497089 -0.02574698
v 0.02834316 0.03528758 -0.02606366
v 0.05199949 0.03497089 -0.02574698
v 0.02834316 0.03497089 -0.02574698
v 0.05199949 0.03473262 -0.02536777
v 0.02834316 0.03497089 -0.02574698
v 0.05199949 0.03473262 -0.02536777
v 0.02834316 0.03473262 -0.02536777
v 0.05199949 0.03458470 -0.02494504
v 0.02834316 0.03473262 -0.02536777
v 0.05199949 0.03458470 -0.02494504
v 0.02834316 0.03458470 -0.02494504
v 0.05199949 0.03453456 -0.02450000
v 0.02834316 0.03458470 -0.02494504
v 0.02834316 0.03453456 -0.02450000
v -0.00284428 0.02829710 -0.02650000
v -0.00383335 0.02834613 -0.02650000
v -0.00333942 0.02830937 -0.02650000
v -0.00432486 0.02840731 -0.02650000
v -0.02538244 0.06001715 -0.02650000
v -0.03973513 0.05341608 -0.02650000
v -0.03865373 0.04994370 -0.02650000
v -0.03689998 0.04675760 -0.02650000
v -0.02619773 0.06093743 -0.02650000
v -0.04010051 0.05703456 -0.02650000
v -0.02437060 0.05931873 -0.02650000
v -0.03454468 0.04398642 -0.02650000
v -0.03439267 0.04383713 -0.02650000
v -0.03431786 0.04376128 -0.02650000
v -0.03446828 0.04391218 -0.02650000
v -0.02676909 0.06202607 -0.02650000
v -0.03830805 0.06488786 -0.02650000
v -0.03964671 0.06106219 -0.02650000
v -0.02322102 0.05888276 -0.02650000
v -0.02706333 0.06321982 -0.02650000
v -0.03615166 0.06831973 -0.02650000
v 0.00682008 0.02988737 -0.02650000
v 0.00417193 0.02829710 -0.02650000
v 0.00481585 0.02836702 -0.02650000
v 0.00542975 0.02857352 -0.02650000
v 0.00598502 0.02890697 -0.02650000
v 0.00645577 0.02935184 -0.02650000
v -0.02200051 0.05873456 -0.02650000
v -0.02551514 0.03650360 -0.02650000
v -0.02706333 0.06444930 -0.02650000
v 0.00731751 0.03061876 -0.02650000
v -0.02078000 0.05888276 -0.02650000
v -0.02676909 0.06564304 -0.02650000
v -0.03328568 0.07118571 -0.02650000
v 0.00796024 0.03122643 -0.02650000
v -0.01963042 0.05931873 -0.02650000
v -0.01535963 0.03130481 -0.02650000
v -0.02619773 0.06673169 -0.02650000
v -0.01861859 0.06001715 -0.02650000
v -0.01780330 0.06093743 -0.02650000
v -0.02985381 0.07334209 -0.02650000
v -0.02538244 0.06765196 -0.02650000
v -0.02437060 0.06835038 -0.02650000
v -0.02602814 0.07468076 -0.02650000
v -0.02322102 0.06878636 -0.02650000
v -0.02200051 0.07513456 -0.02650000
v -0.02200051 0.06893456 -0.02650000
v -0.02078000 0.06878636 -0.02650000
v -0.01963042 0.06835038 -0.02650000
v -0.01861859 0.06765196 -0.02650000
v 0.02834316 0.03653456 -0.02650000
v 0.02789828 0.03129169 -0.02650000
v 0.02834316 0.03003456 -0.02650000
v 0.02718672 0.03241951 -0.02650000
v 0.02624361 0.03336231 -0.02650000
v 0.02511556 0.03407351 -0.02650000
v 0.02385828 0.03451798 -0.02650000
v 0.02253388 0.03467376 -0.02650000
v 0.01962288 0.04909439 -0.02650000
v 0.00955654 0.03196460 -0.02650000
v 0.02120778 0.03453317 -0.02650000
v 0.01856779 0.05028533 -0.02650000
v 0.02093232 0.04819055 -0.02650000
v 0.01782838 0.05169416 -0.02650000
v 0.00871834 0.03168212 -0.02650000
v 0.02242000 0.04762634 -0.02650000
v 0.01744761 0.05323901 -0.02650000
v -0.01723193 0.06202607 -0.02650000
v 0.02399949 0.04743456 -0.02650000
v 0.01744761 0.05483010 -0.02650000
v 0.02557897 0.04762634 -0.02650000
v 0.02706666 0.04819055 -0.02650000
v 0.02837610 0.04909439 -0.02650000
v 0.02943118 0.05028533 -0.02650000
v 0.00553282 0.07513456 -0.02650000
v -0.01780330 0.06673169 -0.02650000
v -0.01723193 0.06564304 -0.02650000
v -0.01693770 0.06444930 -0.02650000
v -0.01693770 0.06321982 -0.02650000
v 0.01782838 0.05637495 -0.02650000
v 0.00969245 0.07422838 -0.02650000
v 0.00766141 0.07490539 -0.02650000
v 0.01153282 0.07313456 -0.02650000
v 0.01433282 0.07103455 -0.02650000
v 0.01856779 0.05778378 -0.02650000
v 0.01617320 0.06994074 -0.02650000
v 0.01962288 0.05897473 -0.02650000
v 0.01820423 0.06926373 -0.02650000
v 0.02093232 0.05987857 -0.02650000
v 0.02033282 0.06903455 -0.02650000
v 0.02242000 0.06044277 -0.02650000
v 0.02399949 0.06063456 -0.02650000
v 0.04127055 0.05288244 -0.02650000
v 0.03017060 0.05169416 -0.02650000
v 0.04211705 0.05207097 -0.02650000
v 0.04063176 0.05386581 -0.02650000
v 0.03055137 0.05323901 -0.02650000
v 0.04312653 0.05147430 -0.02650000
v 0.04023446 0.05496908 -0.02650000
v 0.03055137 0.05483010 -0.02650000
v 0.04424559 0.05112396 -0.02650000
v 0.05199949 0.03653456 -0.02650000
v 0.04009964 0.05613393 -0.02650000
v 0.03017060 0.05637495 -0.02650000
v 0.05199949 0.04503848 -0.02650000
v 0.04599949 0.05103848 -0.02650000
v 0.04541510 0.05103848 -0.02650000
v 0.05184906 0.04637361 -0.02650000
v 0.04733461 0.05088805 -0.02650000
v 0.03009964 0.06903455 -0.02650000
v 0.02557897 0.06044277 -0.02650000
v 0.02706666 0.05987857 -0.02650000
v 0.04009964 0.05903456 -0.02650000
v 0.04974043 0.04972947 -0.02650000
v 0.05140530 0.04764178 -0.02650000
v 0.05069048 0.04877942 -0.02650000
v 0.04860279 0.05044429 -0.02650000
v 0.03984892 0.06125977 -0.02650000
v 0.02943118 0.05778378 -0.02650000
v 0.03232485 0.06878384 -0.02650000
v 0.02837610 0.05897473 -0.02650000
v 0.03910933 0.06337339 -0.02650000
v 0.03443848 0.06804424 -0.02650000
v 0.03633454 0.06685287 -0.02650000
v 0.03791796 0.06526945 -0.02650000
v 0.04599949 0.05103848 -0.03100000
v 0.04599949 0.05103848 -0.02650000
v 0.04733461 0.05088805 -0.02650000
v 0.04733461 0.05088805 -0.03100000
v 0.04733461 0.05088805 -0.02650000
v 0.04860279 0.05044429 -0.02650000
v 0.04733461 0.05088805 -0.03100000
v 0.04860279 0.05044429 -0.03100000
v 0.04860279 0.05044429 -0.02650000
v 0.04974043 0.04972947 -0.02650000
v 0.04860279 0.05044429 -0.03100000
v 0.04974043 0.04972947 -0.03100000
v 0.04974043 0.04972947 -0.02650000
v 0.05069048 0.04877942 -0.02650000
v 0.04974043 0.04972947 -0.03100000
v 0.05069048 0.04877942 -0.03100000
v 0.05069048 0.04877942 -0.02650000
v 0.05140530 0.04764178 -0.02650000
v 0.05069048 0.04877942 -0.03100000
v 0.05140530 0.04764178 -0.03100000
v 0.05140530 0.04764178 -0.02650000
v 0.05184906 0.04637361 -0.02650000
v 0.05140530 0.04764178 -0.03100000
v 0.05184906 0.04637361 -0.03100000
v 0.05199949 0.04503848 -0.03100000
v 0.05184906 0.04637361 -0.02650000
v 0.05199949 0.04503848 -0.02650000
v 0.05184906 0.04637361 -0.03100000
v 0.02833779 0.03005753 0.02837096
v 0.02789828 0.03129169 0.02650000
v 0.02834316 0.03003456 0.02800000
v 0.02834316 0.03003456 0.02800000
v 0.02789828 0.03129169 0.02650000
v 0.02834316 0.03003456 0.02650000
v 0.02833779 0.03005753 0.02837096
v 0.02832116 0.03012581 0.02873418
v 0.02789828 0.03129169 0.02650000
v 0.02825386 0.03037308 0.02938442
v 0.02825386 0.03037308 0.02938442
v 0.02812599 0.03075775 0.02995354
v 0.02789828 0.03129169 0.02650000
v 0.02789828 0.03129169 0.02650000
v 0.02792115 0.03124387 0.03040682
v 0.02718672 0.03241951 0.02650000
v 0.02812599 0.03075775 0.02995354
v 0.02792115 0.03124387 0.03040682
v 0.02789828 0.03129169 0.02650000
v 0.02792115 0.03124387 0.03040682
v 0.02762767 0.03178863 0.03072906
v 0.02718672 0.03241951 0.02650000
v 0.02762767 0.03178863 0.03072906
v 0.02719987 0.03240296 0.03093276
v 0.02718672 0.03241951 0.02650000
v 0.02718672 0.03241951 0.02650000
v 0.02662070 0.03303456 0.03100000
v 0.02624361 0.03336231 0.02650000
v 0.02719987 0.03240296 0.03093276
v 0.02662070 0.03303456 0.03100000
v 0.02718672 0.03241951 0.02650000
v 0.02624361 0.03336231 0.02650000
v 0.02544755 0.03389966 0.03100000
v 0.02511556 0.03407351 0.02650000
v 0.02662070 0.03303456 0.03100000
v 0.02544755 0.03389966 0.03100000
v 0.02624361 0.03336231 0.02650000
v 0.02511556 0.03407351 0.02650000
v 0.02410042 0.03445634 0.03100000
v 0.02385828 0.03451798 0.02650000
v 0.02544755 0.03389966 0.03100000
v 0.02410042 0.03445634 0.03100000
v 0.02511556 0.03407351 0.02650000
v 0.02385828 0.03451798 0.02650000
v 0.02265880 0.03467175 0.03100000
v 0.02253388 0.03467376 0.02650000
v 0.02410042 0.03445634 0.03100000
v 0.02265880 0.03467175 0.03100000
v 0.02385828 0.03451798 0.02650000
v 0.02253388 0.03467376 0.02650000
v 0.02120778 0.03453317 0.03100000
v 0.02120778 0.03453317 0.02650000
v 0.02265880 0.03467175 0.03100000
v 0.02120778 0.03453317 0.03100000
v 0.02253388 0.03467376 0.02650000
v 0.02399949 0.06063456 -0.02650000
v 0.02399949 0.06063456 -0.03100000
v 0.02557897 0.06044277 -0.02650000
v 0.02557897 0.06044277 -0.02650000
v 0.02557897 0.06044277 -0.03100000
v 0.02706666 0.05987857 -0.02650000
v 0.02557897 0.06044277 -0.03100000
v 0.02706666 0.05987857 -0.02650000
v 0.02706666 0.05987857 -0.03100000
v 0.02837610 0.05897473 -0.02650000
v 0.02706666 0.05987857 -0.03100000
v 0.02837610 0.05897473 -0.02650000
v 0.02837610 0.05897473 -0.03100000
v 0.02943118 0.05778378 -0.02650000
v 0.02837610 0.05897473 -0.03100000
v 0.02943118 0.05778378 -0.02650000
v 0.02943118 0.05778378 -0.03100000
v 0.03017060 0.05637495 -0.02650000
v 0.02943118 0.05778378 -0.03100000
v 0.03017060 0.05637495 -0.02650000
v 0.03017060 0.05637495 -0.03100000
v 0.03055137 0.05483010 -0.02650000
v 0.03017060 0.05637495 -0.03100000
v 0.03055137 0.05483010 -0.02650000
v 0.03055137 0.05483010 -0.03100000
v 0.03055137 0.05323901 -0.02650000
v 0.03055137 0.05483010 -0.03100000
v 0.03055137 0.05323901 -0.02650000
v 0.03055137 0.05323901 -0.03100000
v 0.03017060 0.05169416 -0.02650000
v 0.03055137 0.05323901 -0.03100000
v 0.03017060 0.05169416 -0.02650000
v 0.03017060 0.05169416 -0.03100000
v 0.02943118 0.05028533 -0.02650000
v 0.03017060 0.05169416 -0.03100000
v 0.02943118 0.05028533 -0.02650000
v 0.02943118 0.05028533 -0.03100000
v 0.02837610 0.04909439 -0.02650000
v 0.02943118 0.05028533 -0.03100000
v 0.02837610 0.04909439 -0.02650000
v 0.02837610 0.04909439 -0.03100000
v 0.02706666 0.04819055 -0.02650000
v 0.02837610 0.04909439 -0.03100000
v 0.02706666 0.04819055 -0.02650000
v 0.02706666 0.04819055 -0.03100000
v 0.02557897 0.04762634 -0.02650000
v 0.02706666 0.04819055 -0.03100000
v 0.02557897 0.04762634 -0.02650000
v 0.02557897 0.04762634 -0.03100000
v 0.02399949 0.04743456 -0.02650000
v 0.02557897 0.04762634 -0.03100000
v 0.02399949 0.04743456 -0.03100000
v -0.02200051 0.06893456 -0.02650000
v -0.02200051 0.06893456 -0.03100000
v -0.02078000 0.06878636 -0.02650000
v -0.02078000 0.06878636 -0.02650000
v -0.02078000 0.06878636 -0.03100000
v -0.01963042 0.06835038 -0.02650000
v -0.02078000 0.06878636 -0.03100000
v -0.01963042 0.06835038 -0.02650000
v -0.01963042 0.06835038 -0.03100000
v -0.01861859 0.06765196 -0.02650000
v -0.01963042 0.06835038 -0.03100000
v -0.01861859 0.06765196 -0.02650000
v -0.01861859 0.06765196 -0.03100000
v -0.01780330 0.06673169 -0.02650000
v -0.01861859 0.06765196 -0.03100000
v -0.01780330 0.06673169 -0.02650000
v -0.01780330 0.06673169 -0.03100000
v -0.01723193 0.06564304 -0.02650000
v -0.01780330 0.06673169 -0.03100000
v -0.01723193 0.06564304 -0.02650000
v -0.01723193 0.06564304 -0.03100000
v -0.01693770 0.06444930 -0.02650000
v -0.01723193 0.06564304 -0.03100000
v -0.01693770 0.06444930 -0.02650000
v -0.01693770 0.06444930 -0.03100000
v -0.01693770 0.06321982 -0.02650000
v -0.01693770 0.06444930 -0.03100000
v -0.01693770 0.06321982 -0.02650000
v -0.01693770 0.06321982 -0.03100000
v -0.01723193 0.06202607 -0.02650000
v -0.01693770 0.06321982 -0.03100000
v -0.01723193 0.06202607 -0.02650000
v -0.01723193 0.06202607 -0.03100000
v -0.01780330 0.06093743 -0.02650000
v -0.01723193 0.06202607 -0.03100000
v -0.01780330 0.06093743 -0.02650000
v -0.01780330 0.06093743 -0.03100000
v -0.01861859 0.06001715 -0.02650000
v -0.01780330 0.06093743 -0.03100000
v -0.01861859 0.06001715 -0.02650000
v -0.01861859 0.06001715 -0.03100000
v -0.01963042 0.05931873 -0.02650000
v -0.01861859 0.06001715 -0.03100000
v -0.01963042 0.05931873 -0.02650000
v -0.01963042 0.05931873 -0.03100000
v -0.02078000 0.05888276 -0.02650000
v -0.01963042 0.05931873 -0.03100000
v -0.02078000 0.05888276 -0.02650000
v -0.02078000 0.05888276 -0.03100000
v -0.02200051 0.05873456 -0.02650000
v -0.02078000 0.05888276 -0.03100000
v -0.02200051 0.05873456 -0.03100000
v 0.04541510 0.05103848 -0.02650000
v 0.04541510 0.05103848 -0.03100000
v 0.04424559 0.05112396 -0.02650000
v 0.04424559 0.05112396 -0.02650000
v 0.04424559 0.05112396 -0.03100000
v 0.04312653 0.05147430 -0.02650000
v 0.04424559 0.05112396 -0.03100000
v 0.04312653 0.05147430 -0.02650000
v 0.04312653 0.05147430 -0.03100000
v 0.04211705 0.05207097 -0.02650000
v 0.04312653 0.05147430 -0.03100000
v 0.04211705 0.05207097 -0.02650000
v 0.04211705 0.05207097 -0.03100000
v 0.04127055 0.05288244 -0.02650000
v 0.04211705 0.05207097 -0.03100000
v 0.04127055 0.05288244 -0.02650000
v 0.04127055 0.05288244 -0.03100000
v 0.04063176 0.05386581 -0.02650000
v 0.04127055 0.05288244 -0.03100000
v 0.04063176 0.05386581 -0.02650000
v 0.04063176 0.05386581 -0.03100000
v 0.04023446 0.05496908 -0.02650000
v 0.04063176 0.05386581 -0.03100000
v 0.04023446 0.05496908 -0.02650000
v 0.04023446 0.05496908 -0.03100000
v 0.04009964 0.05613393 -0.02650000
v 0.04023446 0.05496908 -0.03100000
v 0.04009964 0.05613393 -0.03100000
v 0.04009964 0.05903456 -0.03100000
v 0.04009964 0.05613393 -0.02650000
v 0.04009964 0.05613393 -0.03100000
v 0.04009964 0.05903456 -0.02650000
v 0.03232485 0.06878384 -0.03100000
v 0.03009964 0.06903455 -0.02650000
v 0.03232485 0.06878384 -0.02650000
v 0.03009964 0.06903455 -0.03100000
v 0.03443848 0.06804424 -0.03100000
v 0.03232485 0.06878384 -0.02650000
v 0.03443848 0.06804424 -0.02650000
v 0.03232485 0.06878384 -0.03100000
v 0.03633454 0.06685287 -0.03100000
v 0.03443848 0.06804424 -0.02650000
v 0.03633454 0.06685287 -0.02650000
v 0.03443848 0.06804424 -0.03100000
v 0.03791796 0.06526945 -0.03100000
v 0.03633454 0.06685287 -0.02650000
v 0.03791796 0.06526945 -0.02650000
v 0.03633454 0.06685287 -0.03100000
v 0.03910933 0.06337339 -0.03100000
v 0.03791796 0.06526945 -0.02650000
v 0.03910933 0.06337339 -0.02650000
v 0.03791796 0.06526945 -0.03100000
v 0.03984892 0.06125977 -0.03100000
v 0.03910933 0.06337339 -0.02650000
v 0.03984892 0.06125977 -0.02650000
v 0.03910933 0.06337339 -0.03100000
v 0.04009964 0.05903456 -0.03100000
v 0.03984892 0.06125977 -0.02650000
v 0.04009964 0.05903456 -0.02650000
v 0.03984892 0.06125977 -0.03100000
v 0.02033282 0.06903455 -0.02650000
v 0.03009964 0.06903455 -0.03100000
v 0.02033282 0.06903455 -0.03100000
v 0.03009964 0.06903455 -0.02650000
v 0.02033282 0.06903455 -0.02650000
v 0.02033282 0.06903455 -0.03100000
v 0.01820423 0.06926373 -0.02650000
v 0.01820423 0.06926373 -0.02650000
v 0.01820423 0.06926373 -0.03100000
v 0.01617320 0.06994074 -0.02650000
v 0.01820423 0.06926373 -0.03100000
v 0.01617320 0.06994074 -0.02650000
v 0.01617320 0.06994074 -0.03100000
v 0.01433282 0.07103455 -0.02650000
v 0.01617320 0.06994074 -0.03100000
v 0.01433282 0.07103455 -0.03100000
v 0.01153282 0.07313456 -0.02650000
v 0.01433282 0.07103455 -0.03100000
v 0.01153282 0.07313456 -0.03100000
v 0.01433282 0.07103455 -0.02650000
v 0.00553282 0.07513456 -0.03100000
v 0.00553282 0.07513456 -0.02650000
v 0.00766141 0.07490539 -0.02650000
v 0.00766141 0.07490539 -0.03100000
v 0.00766141 0.07490539 -0.02650000
v 0.00969245 0.07422838 -0.02650000
v 0.00766141 0.07490539 -0.03100000
v 0.00969245 0.07422838 -0.03100000
v 0.00969245 0.07422838 -0.02650000
v 0.01153282 0.07313456 -0.02650000
v 0.00969245 0.07422838 -0.03100000
v 0.01153282 0.07313456 -0.03100000
v -0.02200051 0.07513456 -0.02650000
v 0.00553282 0.07513456 -0.03100000
v -0.02200051 0.07513456 -0.03100000
v 0.00553282 0.07513456 -0.02650000
v -0.03964671 0.06106219 -0.03100000
v -0.04010051 0.05703456 -0.03100000
v -0.04010051 0.05703456 -0.02650000
v -0.03964671 0.06106219 -0.02650000
v -0.03830805 0.06488786 -0.03100000
v -0.03964671 0.06106219 -0.02650000
v -0.03830805 0.06488786 -0.02650000
v -0.03964671 0.06106219 -0.03100000
v -0.03615166 0.06831973 -0.03100000
v -0.03830805 0.06488786 -0.02650000
v -0.03615166 0.06831973 -0.02650000
v -0.03830805 0.06488786 -0.03100000
v -0.03328568 0.07118571 -0.03100000
v -0.03615166 0.06831973 -0.02650000
v -0.03328568 0.07118571 -0.02650000
v -0.03615166 0.06831973 -0.03100000
v -0.02985381 0.07334209 -0.03100000
v -0.03328568 0.07118571 -0.02650000
v -0.02985381 0.07334209 -0.02650000
v -0.03328568 0.07118571 -0.03100000
v -0.02602814 0.07468076 -0.03100000
v -0.02985381 0.07334209 -0.02650000
v -0.02602814 0.07468076 -0.02650000
v -0.02985381 0.07334209 -0.03100000
v -0.02200051 0.07513456 -0.03100000
v -0.02602814 0.07468076 -0.02650000
v -0.02200051 0.07513456 -0.02650000
v -0.02602814 0.07468076 -0.03100000
v -0.01535963 0.03130481 -0.03100000
v -0.00432486 0.02840731 -0.02650000
v -0.01535963 0.03130481 -0.02650000
v -0.00432486 0.02840731 -0.03100000
v -0.02551514 0.03650360 -0.03100000
v -0.02551514 0.03650360 -0.02650000
v -0.03431786 0.04376128 -0.02650000
v -0.02551514 0.03650360 -0.03100000
v -0.01535963 0.03130481 -0.02650000
v -0.02551514 0.03650360 -0.02650000
v -0.01535963 0.03130481 -0.03100000
v -0.03431786 0.04376128 -0.03100000
v 0.00417193 0.02829710 -0.02650000
v -0.00284428 0.02829710 -0.03100000
v 0.00417193 0.02829710 -0.03100000
v -0.00284428 0.02829710 -0.02650000
v 0.00682008 0.02988737 -0.03100000
v 0.00682008 0.02988737 -0.02650000
v 0.00645577 0.02935184 -0.02650000
v 0.00645577 0.02935184 -0.03100000
v 0.00645577 0.02935184 -0.02650000
v 0.00598502 0.02890697 -0.02650000
v 0.00645577 0.02935184 -0.03100000
v 0.00598502 0.02890697 -0.03100000
v 0.00598502 0.02890697 -0.02650000
v 0.00542975 0.02857352 -0.02650000
v 0.00598502 0.02890697 -0.03100000
v 0.00542975 0.02857352 -0.03100000
v 0.00542975 0.02857352 -0.02650000
v 0.00481585 0.02836702 -0.02650000
v 0.00542975 0.02857352 -0.03100000
v 0.00481585 0.02836702 -0.03100000
v 0.00481585 0.02836702 -0.02650000
v 0.00417193 0.02829710 -0.02650000
v 0.00481585 0.02836702 -0.03100000
v 0.00417193 0.02829710 -0.03100000
v 0.00731751 0.03061876 -0.03100000
v 0.00731751 0.03061876 -0.02650000
v 0.00731751 0.03061876 -0.02650000
v 0.00796024 0.03122643 -0.03100000
v 0.00796024 0.03122643 -0.02650000
v 0.00731751 0.03061876 -0.03100000
v 0.00796024 0.03122643 -0.02650000
v 0.00871834 0.03168212 -0.03100000
v 0.00871834 0.03168212 -0.02650000
v 0.00796024 0.03122643 -0.03100000
v 0.00871834 0.03168212 -0.02650000
v 0.00955654 0.03196460 -0.03100000
v 0.00955654 0.03196460 -0.02650000
v 0.00871834 0.03168212 -0.03100000
v 0.02120778 0.03453317 -0.02650000
v 0.00955654 0.03196460 -0.03100000
v 0.02120778 0.03453317 -0.03100000
v 0.00955654 0.03196460 -0.02650000
v -0.01690051 0.06383456 0.03100000
v -0.01704871 0.06505507 0.03100000
v -0.01690051 0.06383456 0.02650000
v -0.01704871 0.06505507 0.02650000
v -0.01704871 0.06505507 0.02650000
v -0.01748469 0.06620464 0.03100000
v -0.01748469 0.06620464 0.02650000
v -0.01704871 0.06505507 0.03100000
v -0.01748469 0.06620464 0.02650000
v -0.01818311 0.06721648 0.03100000
v -0.01818311 0.06721648 0.02650000
v -0.01748469 0.06620464 0.03100000
v -0.01818311 0.06721648 0.02650000
v -0.01910338 0.06803178 0.03100000
v -0.01910338 0.06803178 0.02650000
v -0.01818311 0.06721648 0.03100000
v -0.01910338 0.06803178 0.02650000
v -0.02019203 0.06860314 0.03100000
v -0.02019203 0.06860314 0.02650000
v -0.01910338 0.06803178 0.03100000
v -0.02019203 0.06860314 0.02650000
v -0.02138577 0.06889737 0.03100000
v -0.02138577 0.06889737 0.02650000
v -0.02019203 0.06860314 0.03100000
v -0.02138577 0.06889737 0.02650000
v -0.02261525 0.06889737 0.03100000
v -0.02261525 0.06889737 0.02650000
v -0.02138577 0.06889737 0.03100000
v -0.02261525 0.06889737 0.02650000
v -0.02380900 0.06860314 0.03100000
v -0.02380900 0.06860314 0.02650000
v -0.02261525 0.06889737 0.03100000
v -0.02380900 0.06860314 0.02650000
v -0.02489764 0.06803178 0.03100000
v -0.02489764 0.06803178 0.02650000
v -0.02380900 0.06860314 0.03100000
v -0.02489764 0.06803178 0.02650000
v -0.02581792 0.06721648 0.03100000
v -0.02581792 0.06721648 0.02650000
v -0.02489764 0.06803178 0.03100000
v -0.02581792 0.06721648 0.02650000
v -0.02651634 0.06620464 0.03100000
v -0.02651634 0.06620464 0.02650000
v -0.02581792 0.06721648 0.03100000
v -0.02651634 0.06620464 0.02650000
v -0.02695231 0.06505507 0.03100000
v -0.02695231 0.06505507 0.02650000
v -0.02651634 0.06620464 0.03100000
v -0.02695231 0.06505507 0.02650000
v -0.02710051 0.06383456 0.03100000
v -0.02710051 0.06383456 0.02650000
v -0.02695231 0.06505507 0.03100000
v 0.03059949 0.05403456 0.03100000
v 0.03040770 0.05561404 0.03100000
v 0.03059949 0.05403456 0.02650000
v 0.03040770 0.05561404 0.02650000
v 0.03040770 0.05561404 0.02650000
v 0.02984350 0.05710173 0.03100000
v 0.02984350 0.05710173 0.02650000
v 0.03040770 0.05561404 0.03100000
v 0.02984350 0.05710173 0.02650000
v 0.02893966 0.05841117 0.03100000
v 0.02893966 0.05841117 0.02650000
v 0.02984350 0.05710173 0.03100000
v 0.02893966 0.05841117 0.02650000
v 0.02774871 0.05946625 0.03100000
v 0.02774871 0.05946625 0.02650000
v 0.02893966 0.05841117 0.03100000
v 0.02774871 0.05946625 0.02650000
v 0.02633988 0.06020567 0.03100000
v 0.02633988 0.06020567 0.02650000
v 0.02774871 0.05946625 0.03100000
v 0.02633988 0.06020567 0.02650000
v 0.02479503 0.06058644 0.03100000
v 0.02479503 0.06058644 0.02650000
v 0.02633988 0.06020567 0.03100000
v 0.02479503 0.06058644 0.02650000
v 0.02320395 0.06058644 0.03100000
v 0.02320395 0.06058644 0.02650000
v 0.02479503 0.06058644 0.03100000
v 0.02320395 0.06058644 0.02650000
v 0.02165910 0.06020567 0.03100000
v 0.02165910 0.06020567 0.02650000
v 0.02320395 0.06058644 0.03100000
v 0.02165910 0.06020567 0.02650000
v 0.02025026 0.05946625 0.03100000
v 0.02025026 0.05946625 0.02650000
v 0.02165910 0.06020567 0.03100000
v 0.02025026 0.05946625 0.02650000
v 0.01905932 0.05841117 0.03100000
v 0.01905932 0.05841117 0.02650000
v 0.02025026 0.05946625 0.03100000
v 0.01905932 0.05841117 0.02650000
v 0.01815548 0.05710173 0.03100000
v 0.01815548 0.05710173 0.02650000
v 0.01905932 0.05841117 0.03100000
v 0.01815548 0.05710173 0.02650000
v 0.01759127 0.05561404 0.03100000
v 0.01759127 0.05561404 0.02650000
v 0.01815548 0.05710173 0.03100000
v 0.01759127 0.05561404 0.02650000
v 0.01739949 0.05403456 0.03100000
v 0.01739949 0.05403456 0.02650000
v 0.01759127 0.05561404 0.03100000
v 0.00955654 0.03196460 0.02650000
v 0.02120778 0.03453317 0.02650000
v 0.02120778 0.03453317 0.03100000
v 0.00955654 0.03196460 0.03100000
v 0.00955654 0.03196460 0.02650000
v 0.00955654 0.03196460 0.03100000
v 0.00871834 0.03168212 0.02650000
v 0.00871834 0.03168212 0.02650000
v 0.00871834 0.03168212 0.03100000
v 0.00796024 0.03122643 0.02650000
v 0.00871834 0.03168212 0.03100000
v 0.00796024 0.03122643 0.02650000
v 0.00796024 0.03122643 0.03100000
v 0.00731751 0.03061876 0.02650000
v 0.00796024 0.03122643 0.03100000
v 0.00731751 0.03061876 0.02650000
v 0.00731751 0.03061876 0.03100000
v 0.00682008 0.02988737 0.02650000
v 0.00731751 0.03061876 0.03100000
v 0.00682008 0.02988737 0.03100000
v 0.00417193 0.02829710 0.03100000
v 0.00417193 0.02829710 0.02650000
v 0.00481585 0.02836702 0.02650000
v 0.00481585 0.02836702 0.03100000
v 0.00481585 0.02836702 0.02650000
v 0.00542975 0.02857352 0.02650000
v 0.00481585 0.02836702 0.03100000
v 0.00542975 0.02857352 0.03100000
v 0.00542975 0.02857352 0.02650000
v 0.00598502 0.02890697 0.02650000
v 0.00542975 0.02857352 0.03100000
v 0.00598502 0.02890697 0.03100000
v 0.00598502 0.02890697 0.02650000
v 0.00645577 0.02935184 0.02650000
v 0.00598502 0.02890697 0.03100000
v 0.00645577 0.02935184 0.03100000
v 0.00645577 0.02935184 0.02650000
v 0.00645577 0.02935184 0.03100000
v -0.00284428 0.02829710 0.03100000
v 0.00417193 0.02829710 0.02650000
v 0.00417193 0.02829710 0.03100000
v -0.00284428 0.02829710 0.02650000
v -0.02551514 0.03650360 0.03100000
v -0.03431786 0.04376128 0.02650000
v -0.02551514 0.03650360 0.02650000
v -0.03431786 0.04376128 0.03100000
v -0.01535963 0.03130481 0.03100000
v -0.02551514 0.03650360 0.02650000
v -0.01535963 0.03130481 0.02650000
v -0.02551514 0.03650360 0.03100000
v -0.00432486 0.02840731 0.03100000
v -0.01535963 0.03130481 0.02650000
v -0.00432486 0.02840731 0.02650000
v -0.01535963 0.03130481 0.03100000
v -0.02626052 0.07462610 0.03100000
v -0.02200051 0.07513456 0.02650000
v -0.02626052 0.07462610 0.02650000
v -0.02200051 0.07513456 0.03100000
v -0.03028118 0.07312930 0.03100000
v -0.02626052 0.07462610 0.02650000
v -0.03028118 0.07312930 0.02650000
v -0.02626052 0.07462610 0.03100000
v -0.03383661 0.07072823 0.03100000
v -0.03028118 0.07312930 0.02650000
v -0.03383661 0.07072823 0.02650000
v -0.03028118 0.07312930 0.03100000
v -0.03672705 0.06755782 0.03100000
v -0.03383661 0.07072823 0.02650000
v -0.03672705 0.06755782 0.02650000
v -0.03383661 0.07072823 0.03100000
v -0.03879011 0.06379617 0.03100000
v -0.03672705 0.06755782 0.02650000
v -0.03879011 0.06379617 0.02650000
v -0.03672705 0.06755782 0.03100000
v -0.03990987 0.05965463 0.03100000
v -0.03879011 0.06379617 0.02650000
v -0.03990987 0.05965463 0.02650000
v -0.03879011 0.06379617 0.03100000
v -0.04002343 0.05536589 0.03100000
v -0.03990987 0.05965463 0.02650000
v -0.04002343 0.05536589 0.02650000
v -0.03990987 0.05965463 0.03100000
v -0.03912440 0.05117091 0.03100000
v -0.04002343 0.05536589 0.02650000
v -0.03912440 0.05117091 0.02650000
v -0.04002343 0.05536589 0.03100000
v -0.03726330 0.04730536 0.03100000
v -0.03912440 0.05117091 0.02650000
v -0.03726330 0.04730536 0.02650000
v -0.03726330 0.04730536 0.03100000
v -0.03726330 0.04730536 0.02650000
v -0.03454468 0.04398642 0.02650000
v -0.03912440 0.05117091 0.03100000
v -0.03454468 0.04398642 0.03100000
v 0.00553282 0.07513456 0.03100000
v -0.02200051 0.07513456 0.02650000
v -0.02200051 0.07513456 0.03100000
v 0.00553282 0.07513456 0.02650000
v 0.01153282 0.07313456 0.03100000
v 0.01153282 0.07313456 0.02650000
v 0.00969245 0.07422838 0.02650000
v 0.00969245 0.07422838 0.03100000
v 0.00969245 0.07422838 0.02650000
v 0.00766141 0.07490539 0.02650000
v 0.00969245 0.07422838 0.03100000
v 0.00766141 0.07490539 0.03100000
v 0.00553282 0.07513456 0.03100000
v 0.00766141 0.07490539 0.02650000
v 0.00553282 0.07513456 0.02650000
v 0.00766141 0.07490539 0.03100000
v 0.01433282 0.07103455 0.03100000
v 0.01153282 0.07313456 0.02650000
v 0.01153282 0.07313456 0.03100000
v 0.01433282 0.07103455 0.02650000
v 0.01433282 0.07103455 0.03100000
v 0.01617320 0.06994074 0.03100000
v 0.01433282 0.07103455 0.02650000
v 0.01617320 0.06994074 0.02650000
v 0.01617320 0.06994074 0.02650000
v 0.01820423 0.06926373 0.03100000
v 0.01820423 0.06926373 0.02650000
v 0.01617320 0.06994074 0.03100000
v 0.01820423 0.06926373 0.02650000
v 0.02033282 0.06903455 0.03100000
v 0.02033282 0.06903455 0.02650000
v 0.01820423 0.06926373 0.03100000
v 0.03009964 0.06903455 0.03100000
v 0.02033282 0.06903455 0.02650000
v 0.02033282 0.06903455 0.03100000
v 0.03009964 0.06903455 0.02650000
v 0.03984892 0.06125977 0.03100000
v 0.04009964 0.05903456 0.02650000
v 0.03984892 0.06125977 0.02650000
v 0.04009964 0.05903456 0.03100000
v 0.03910933 0.06337339 0.03100000
v 0.03984892 0.06125977 0.02650000
v 0.03910933 0.06337339 0.02650000
v 0.03984892 0.06125977 0.03100000
v 0.03791796 0.06526945 0.03100000
v 0.03910933 0.06337339 0.02650000
v 0.03791796 0.06526945 0.02650000
v 0.03910933 0.06337339 0.03100000
v 0.03633454 0.06685287 0.03100000
v 0.03791796 0.06526945 0.02650000
v 0.03633454 0.06685287 0.02650000
v 0.03791796 0.06526945 0.03100000
v 0.03443848 0.06804424 0.03100000
v 0.03633454 0.06685287 0.02650000
v 0.03443848 0.06804424 0.02650000
v 0.03633454 0.06685287 0.03100000
v 0.03232485 0.06878384 0.03100000
v 0.03443848 0.06804424 0.02650000
v 0.03232485 0.06878384 0.02650000
v 0.03443848 0.06804424 0.03100000
v 0.03009964 0.06903455 0.03100000
v 0.03232485 0.06878384 0.02650000
v 0.03009964 0.06903455 0.02650000
v 0.03232485 0.06878384 0.03100000
v 0.04009964 0.05903456 0.03100000
v 0.04009964 0.05613393 0.02650000
v 0.04009964 0.05903456 0.02650000
v 0.04009964 0.05613393 0.03100000
v 0.04009964 0.05613393 0.02650000
v 0.04009964 0.05613393 0.03100000
v 0.04023446 0.05496908 0.02650000
v 0.04023446 0.05496908 0.02650000
v 0.04023446 0.05496908 0.03100000
v 0.04063176 0.05386581 0.02650000
v 0.04023446 0.05496908 0.03100000
v 0.04063176 0.05386581 0.02650000
v 0.04063176 0.05386581 0.03100000
v 0.04127055 0.05288244 0.02650000
v 0.04063176 0.05386581 0.03100000
v 0.04127055 0.05288244 0.02650000
v 0.04127055 0.05288244 0.03100000
v 0.04211705 0.05207097 0.02650000
v 0.04127055 0.05288244 0.03100000
v 0.04211705 0.05207097 0.02650000
v 0.04211705 0.05207097 0.03100000
v 0.04312653 0.05147430 0.02650000
v 0.04211705 0.05207097 0.03100000
v 0.04312653 0.05147430 0.02650000
v 0.04312653 0.05147430 0.03100000
v 0.04424559 0.05112396 0.02650000
v 0.04312653 0.05147430 0.03100000
v 0.04424559 0.05112396 0.02650000
v 0.04424559 0.05112396 0.03100000
v 0.04541510 0.05103848 0.02650000
v 0.04424559 0.05112396 0.03100000
v 0.04541510 0.05103848 0.03100000
v 0.04599949 0.05103848 0.02650000
v 0.04541510 0.05103848 0.03100000
v 0.04599949 0.05103848 0.03100000
v 0.04541510 0.05103848 0.02650000
v 0.04599949 0.05103848 -0.02650000
v 0.04541510 0.05103848 -0.03100000
v 0.04541510 0.05103848 -0.02650000
v 0.04599949 0.05103848 -0.03100000
v -0.03454468 0.04398642 -0.03100000
v -0.03446828 0.04391218 -0.03100000
v -0.03454468 0.04398642 -0.02650000
v -0.03446828 0.04391218 -0.02650000
v -0.03446828 0.04391218 -0.02650000
v -0.03439267 0.04383713 -0.03100000
v -0.03439267 0.04383713 -0.02650000
v -0.03446828 0.04391218 -0.03100000
v -0.03439267 0.04383713 -0.02650000
v -0.03431786 0.04376128 -0.03100000
v -0.03431786 0.04376128 -0.02650000
v -0.03439267 0.04383713 -0.03100000
v -0.00333942 0.02830937 -0.03100000
v -0.00284428 0.02829710 -0.02650000
v -0.00333942 0.02830937 -0.02650000
v -0.00284428 0.02829710 -0.03100000
v -0.00383335 0.02834613 -0.03100000
v -0.00333942 0.02830937 -0.02650000
v -0.00383335 0.02834613 -0.02650000
v -0.00333942 0.02830937 -0.03100000
v -0.00432486 0.02840731 -0.03100000
v -0.00383335 0.02834613 -0.02650000
v -0.00432486 0.02840731 -0.02650000
v -0.00383335 0.02834613 -0.03100000
v -0.00432486 0.02840731 0.03100000
v -0.00432486 0.02840731 0.02650000
v -0.00383335 0.02834613 0.02650000
v -0.00383335 0.02834613 0.03100000
v -0.00383335 0.02834613 0.02650000
v -0.00333942 0.02830937 0.02650000
v -0.00383335 0.02834613 0.03100000
v -0.00333942 0.02830937 0.03100000
v -0.00333942 0.02830937 0.02650000
v -0.00284428 0.02829710 0.02650000
v -0.00333942 0.02830937 0.03100000
v -0.00284428 0.02829710 0.03100000
v -0.03431786 0.04376128 0.03100000
v -0.03439267 0.04383713 0.03100000
v -0.03431786 0.04376128 0.02650000
v -0.03439267 0.04383713 0.02650000
v -0.03439267 0.04383713 0.02650000
v -0.03446828 0.04391218 0.03100000
v -0.03446828 0.04391218 0.02650000
v -0.03439267 0.04383713 0.03100000
v -0.03446828 0.04391218 0.02650000
v -0.03454468 0.04398642 0.03100000
v -0.03454468 0.04398642 0.02650000
v -0.03446828 0.04391218 0.03100000
v 0.04252698 0.05457824 -0.01763445
v 0.04331921 0.05458399 -0.01752016
v 0.04252634 0.05458312 -0.01762363
v 0.04253459 0.05452005 -0.01778677
v 0.04337230 0.05449678 -0.01775801
v 0.04332782 0.05456733 -0.01755689
v 0.04273946 0.05548456 -0.01679743
v 0.04307205 0.05546586 -0.01675795
v 0.04306867 0.05548456 -0.01675234
v 0.04273946 0.05548456 -0.01679743
v 0.04312100 0.05522150 -0.01685838
v 0.04307205 0.05546586 -0.01675795
v 0.04253459 0.05452005 -0.01778677
v 0.04332782 0.05456733 -0.01755689
v 0.04252698 0.05457824 -0.01763445
v 0.04277882 0.05442211 -0.01815557
v 0.04337277 0.05449617 -0.01776026
v 0.04337230 0.05449678 -0.01775801
v 0.04277882 0.05442211 -0.01815557
v 0.04340274 0.05446468 -0.01790740
v 0.04337277 0.05449617 -0.01776026
v 0.04277882 0.05442211 -0.01815557
v 0.04340296 0.05446450 -0.01790851
v 0.04340274 0.05446468 -0.01790740
v 0.04277882 0.05442211 -0.01815557
v 0.04343068 0.05444869 -0.01805422
v 0.04340296 0.05446450 -0.01790851
v 0.04312427 0.05520669 -0.01686619
v 0.04312100 0.05522150 -0.01685838
v 0.04273946 0.05548456 -0.01679743
v 0.04277882 0.05442211 -0.01815557
v 0.04337230 0.05449678 -0.01775801
v 0.04253459 0.05452005 -0.01778677
v 0.04253885 0.05448752 -0.01790401
v 0.04277882 0.05442211 -0.01815557
v 0.04253459 0.05452005 -0.01778677
v 0.04253990 0.05447948 -0.01794014
v 0.04277882 0.05442211 -0.01815557
v 0.04253885 0.05448752 -0.01790401
v 0.04254391 0.05444880 -0.01818118
v 0.04277882 0.05442211 -0.01815557
v 0.04253990 0.05447948 -0.01794014
v 0.04241275 0.05545110 -0.01683145
v 0.04273946 0.05548456 -0.01679743
v 0.04240837 0.05548456 -0.01682031
v 0.04243678 0.05526753 -0.01690959
v 0.04273946 0.05548456 -0.01679743
v 0.04241275 0.05545110 -0.01683145
v 0.04244496 0.05520501 -0.01694320
v 0.04273946 0.05548456 -0.01679743
v 0.04243678 0.05526753 -0.01690959
v 0.04245964 0.05509279 -0.01701365
v 0.04315457 0.05507730 -0.01694420
v 0.04312427 0.05520669 -0.01686619
v 0.04245964 0.05509279 -0.01701365
v 0.04312427 0.05520669 -0.01686619
v 0.04273946 0.05548456 -0.01679743
v 0.04245964 0.05509279 -0.01701365
v 0.04273946 0.05548456 -0.01679743
v 0.04244496 0.05520501 -0.01694320
v 0.04247826 0.05495051 -0.01712526
v 0.04318690 0.05495365 -0.01703785
v 0.04315457 0.05507730 -0.01694420
v 0.04245964 0.05509279 -0.01701365
v 0.04248066 0.05493222 -0.01714180
v 0.04318975 0.05494340 -0.01704663
v 0.04318690 0.05495365 -0.01703785
v 0.04248066 0.05493222 -0.01714180
v 0.04318690 0.05495365 -0.01703785
v 0.04247826 0.05495051 -0.01712526
v 0.04249625 0.05481301 -0.01726511
v 0.04323027 0.05480934 -0.01717916
v 0.04318975 0.05494340 -0.01704663
v 0.04249625 0.05481301 -0.01726511
v 0.04323317 0.05480049 -0.01718924
v 0.04323027 0.05480934 -0.01717916
v 0.04249625 0.05481301 -0.01726511
v 0.04318975 0.05494340 -0.01704663
v 0.04248066 0.05493222 -0.01714180
v 0.04250589 0.05473940 -0.01735770
v 0.04327672 0.05467990 -0.01734875
v 0.04323317 0.05480049 -0.01718924
v 0.04250589 0.05473940 -0.01735770
v 0.04323317 0.05480049 -0.01718924
v 0.04249625 0.05481301 -0.01726511
v 0.04250985 0.05470916 -0.01740044
v 0.04327978 0.05467226 -0.01736057
v 0.04327672 0.05467990 -0.01734875
v 0.04250985 0.05470916 -0.01740044
v 0.04327672 0.05467990 -0.01734875
v 0.04250589 0.05473940 -0.01735770
v 0.04252634 0.05458312 -0.01762363
v 0.04331921 0.05458399 -0.01752016
v 0.04327978 0.05467226 -0.01736057
v 0.04252634 0.05458312 -0.01762363
v 0.04327978 0.05467226 -0.01736057
v 0.04250985 0.05470916 -0.01740044
v 0.04252698 0.05457824 -0.01763445
v 0.04332782 0.05456733 -0.01755689
v 0.04331921 0.05458399 -0.01752016
v 0.04437343 0.05510121 -0.01665064
v 0.04482944 0.05532661 -0.01621884
v 0.04434683 0.05548446 -0.01636887
v 0.04437343 0.05510121 -0.01665064
v 0.04434683 0.05548446 -0.01636887
v 0.04425208 0.05535701 -0.01649001
v 0.04386285 0.05530325 -0.01666493
v 0.04312100 0.05522150 -0.01685838
v 0.04312427 0.05520669 -0.01686619
v 0.04386285 0.05530325 -0.01666493
v 0.04312427 0.05520669 -0.01686619
v 0.04315457 0.05507730 -0.01694420
v 0.04386285 0.05530325 -0.01666493
v 0.04425208 0.05535701 -0.01649001
v 0.04380873 0.05548466 -0.01658704
v 0.04386285 0.05530325 -0.01666493
v 0.04380873 0.05548466 -0.01658704
v 0.04312100 0.05522150 -0.01685838
v 0.04451198 0.05489606 -0.01685762
v 0.04508770 0.05498146 -0.01650037
v 0.04502445 0.05504783 -0.01642753
v 0.04434683 0.05548446 -0.01636887
v 0.04482944 0.05532661 -0.01621884
v 0.04475036 0.05548470 -0.01614387
v 0.04451198 0.05489606 -0.01685762
v 0.04513644 0.05493667 -0.01655786
v 0.04508770 0.05498146 -0.01650037
v 0.04451198 0.05489606 -0.01685762
v 0.04502445 0.05504783 -0.01642753
v 0.04437343 0.05510121 -0.01665064
v 0.04396238 0.05504443 -0.01683534
v 0.04437343 0.05510121 -0.01665064
v 0.04425208 0.05535701 -0.01649001
v 0.04386285 0.05530325 -0.01666493
v 0.04396238 0.05504443 -0.01683534
v 0.04315457 0.05507730 -0.01694420
v 0.04318690 0.05495365 -0.01703785
v 0.04396238 0.05504443 -0.01683534
v 0.04318690 0.05495365 -0.01703785
v 0.04318975 0.05494340 -0.01704663
v 0.04396238 0.05504443 -0.01683534
v 0.04318975 0.05494340 -0.01704663
v 0.04323027 0.05480934 -0.01717916
v 0.04396238 0.05504443 -0.01683534
v 0.04386285 0.05530325 -0.01666493
v 0.04315457 0.05507730 -0.01694420
v 0.04464539 0.05476089 -0.01707382
v 0.04525179 0.05485080 -0.01669822
v 0.04513644 0.05493667 -0.01655786
v 0.04464539 0.05476089 -0.01707382
v 0.04528564 0.05483076 -0.01674051
v 0.04525179 0.05485080 -0.01669822
v 0.04464539 0.05476089 -0.01707382
v 0.04513644 0.05493667 -0.01655786
v 0.04451198 0.05489606 -0.01685762
v 0.04407361 0.05483551 -0.01705456
v 0.04323027 0.05480934 -0.01717916
v 0.04323317 0.05480049 -0.01718924
v 0.04407361 0.05483551 -0.01705456
v 0.04323317 0.05480049 -0.01718924
v 0.04327672 0.05467990 -0.01734875
v 0.04407361 0.05483551 -0.01705456
v 0.04327672 0.05467990 -0.01734875
v 0.04327978 0.05467226 -0.01736057
v 0.04407361 0.05483551 -0.01705456
v 0.04396238 0.05504443 -0.01683534
v 0.04323027 0.05480934 -0.01717916
v 0.04407361 0.05483551 -0.01705456
v 0.04437343 0.05510121 -0.01665064
v 0.04396238 0.05504443 -0.01683534
v 0.04451198 0.05489606 -0.01685762
v 0.04476890 0.05468311 -0.01728683
v 0.04540506 0.05477738 -0.01689346
v 0.04528564 0.05483076 -0.01674051
v 0.04476890 0.05468311 -0.01728683
v 0.04544030 0.05476663 -0.01693965
v 0.04540506 0.05477738 -0.01689346
v 0.04476890 0.05468311 -0.01728683
v 0.04549797 0.05475389 -0.01701630
v 0.04544030 0.05476663 -0.01693965
v 0.04476890 0.05468311 -0.01728683
v 0.04455783 0.05459705 -0.01772006
v 0.04491423 0.05464666 -0.01755242
v 0.04476890 0.05468311 -0.01728683
v 0.04491423 0.05464666 -0.01755242
v 0.04549797 0.05475389 -0.01701630
v 0.04476890 0.05468311 -0.01728683
v 0.04528564 0.05483076 -0.01674051
v 0.04464539 0.05476089 -0.01707382
v 0.04307205 0.05546586 -0.01675795
v 0.04380873 0.05548466 -0.01658704
v 0.04306867 0.05548456 -0.01675234
v 0.04417897 0.05469647 -0.01728330
v 0.04327978 0.05467226 -0.01736057
v 0.04331921 0.05458399 -0.01752016
v 0.04417897 0.05469647 -0.01728330
v 0.04331921 0.05458399 -0.01752016
v 0.04332782 0.05456733 -0.01755689
v 0.04417897 0.05469647 -0.01728330
v 0.04451198 0.05489606 -0.01685762
v 0.04407361 0.05483551 -0.01705456
v 0.04417897 0.05469647 -0.01728330
v 0.04407361 0.05483551 -0.01705456
v 0.04327978 0.05467226 -0.01736057
v 0.04464539 0.05476089 -0.01707382
v 0.04427522 0.05461492 -0.01750851
v 0.04337230 0.05449678 -0.01775801
v 0.04419049 0.05454755 -0.01785995
v 0.04427522 0.05461492 -0.01750851
v 0.04332782 0.05456733 -0.01755689
v 0.04337230 0.05449678 -0.01775801
v 0.04312100 0.05522150 -0.01685838
v 0.04380873 0.05548466 -0.01658704
v 0.04307205 0.05546586 -0.01675795
v 0.04427522 0.05461492 -0.01750851
v 0.04419049 0.05454755 -0.01785995
v 0.04455783 0.05459705 -0.01772006
v 0.04427522 0.05461492 -0.01750851
v 0.04476890 0.05468311 -0.01728683
v 0.04464539 0.05476089 -0.01707382
v 0.04427522 0.05461492 -0.01750851
v 0.04417897 0.05469647 -0.01728330
v 0.04332782 0.05456733 -0.01755689
v 0.04417897 0.05469647 -0.01728330
v 0.04427522 0.05461492 -0.01750851
v 0.04491423 0.05464666 -0.01755242
v 0.04558698 0.05474631 -0.01713718
v 0.04549797 0.05475389 -0.01701630
v 0.04337277 0.05449617 -0.01776026
v 0.04419049 0.05454755 -0.01785995
v 0.04337230 0.05449678 -0.01775801
v 0.04340274 0.05446468 -0.01790740
v 0.04419049 0.05454755 -0.01785995
v 0.04337277 0.05449617 -0.01776026
v 0.04340296 0.05446450 -0.01790851
v 0.04419049 0.05454755 -0.01785995
v 0.04340274 0.05446468 -0.01790740
v 0.04343068 0.05444869 -0.01805422
v 0.04419049 0.05454755 -0.01785995
v 0.04340296 0.05446450 -0.01790851
v 0.04425208 0.05535701 -0.01649001
v 0.04434683 0.05548446 -0.01636887
v 0.04380873 0.05548466 -0.01658704
v 0.04437343 0.05510121 -0.01665064
v 0.04490394 0.05520449 -0.01629522
v 0.04482944 0.05532661 -0.01621884
v 0.04437343 0.05510121 -0.01665064
v 0.04491913 0.05518221 -0.01631135
v 0.04490394 0.05520449 -0.01629522
v 0.04437343 0.05510121 -0.01665064
v 0.04502445 0.05504783 -0.01642753
v 0.04491913 0.05518221 -0.01631135
v 0.05734949 0.03003456 -0.01791275
v 0.05734949 0.02553456 0.01791275
v 0.05734949 0.02553456 -0.01791275
v 0.05734949 0.03003456 0.01791275
v 0.04072296 0.02553456 -0.01609909
v 0.03084949 0.02553456 -0.02930000
v 0.03284949 0.02553456 -0.03130000
v 0.03240445 0.02553456 0.03124986
v 0.03084949 0.02553456 0.02930000
v 0.03284949 0.02553456 0.03130000
v 0.04171834 0.02553456 0.00955738
v 0.04151188 0.02553456 -0.00960170
v 0.04234949 0.02553456 -0.00950000
v 0.04768709 0.02553456 0.01639830
v 0.04847602 0.02553456 0.01609910
v 0.05679910 0.02553456 0.01993765
v 0.03104755 0.02553456 0.03016777
v 0.03089963 0.02553456 0.02974504
v 0.04002856 0.02553456 -0.01561979
v 0.04100333 0.02553456 0.00976923
v 0.03160251 0.02553456 0.03086366
v 0.03198172 0.02553456 0.03110194
v 0.03946904 0.02553456 -0.01498822
v 0.04072296 0.02553456 -0.00990090
v 0.03907693 0.02553456 -0.01424111
v 0.03128583 0.02553456 0.03054698
v 0.04898437 0.02553456 -0.03130000
v 0.04939737 0.02553456 -0.03125689
v 0.04979258 0.02553456 -0.03112943
v 0.03887501 0.02553456 -0.01257812
v 0.05015294 0.02553456 -0.03092310
v 0.03907693 0.02553456 -0.01175888
v 0.05046292 0.02553456 -0.03064680
v 0.03894085 0.02553456 0.01220551
v 0.03887501 0.02553456 -0.01342188
v 0.05070918 0.02553456 -0.03031244
v 0.04024949 0.02553456 0.01020000
v 0.04002856 0.02553456 -0.01038021
v 0.03967243 0.02553456 0.01074537
v 0.03946904 0.02553456 -0.01101177
v 0.05734949 0.02553456 -0.01791275
v 0.05679910 0.02553456 -0.01993764
v 0.05710165 0.02553456 -0.01929886
v 0.03923073 0.02553456 0.01141150
v 0.05728704 0.02553456 -0.01861680
v 0.04972993 0.02553456 -0.01498822
v 0.04917042 0.02553456 -0.01561979
v 0.05734949 0.02553456 0.01791275
v 0.04972993 0.02553456 -0.01101177
v 0.04847602 0.02553456 -0.01609909
v 0.05012204 0.02553456 -0.01424111
v 0.04917042 0.02553456 0.01038021
v 0.04917042 0.02553456 -0.01038021
v 0.04768709 0.02553456 -0.01639829
v 0.04972993 0.02553456 0.01101178
v 0.05032397 0.02553456 -0.01342188
v 0.04847602 0.02553456 0.00990091
v 0.04847602 0.02553456 -0.00990090
v 0.04684949 0.02553456 -0.01650000
v 0.05012204 0.02553456 0.01175889
v 0.05032397 0.02553456 -0.01257812
v 0.05070918 0.02553456 0.03031245
v 0.04768709 0.02553456 0.00960171
v 0.04768709 0.02553456 -0.00960170
v 0.04684949 0.02553456 0.01650000
v 0.05710165 0.02553456 0.01929886
v 0.05728704 0.02553456 0.01861680
v 0.05012204 0.02553456 -0.01175888
v 0.05032397 0.02553456 0.01257812
v 0.04684949 0.02553456 0.00950000
v 0.04684949 0.02553456 -0.00950000
v 0.05032397 0.02553456 0.01342188
v 0.03089963 0.02553456 -0.02974504
v 0.03104755 0.02553456 -0.03016776
v 0.03128583 0.02553456 -0.03054698
v 0.04939737 0.02553456 0.03125690
v 0.05015294 0.02553456 0.03092310
v 0.04979258 0.02553456 0.03112943
v 0.03160251 0.02553456 -0.03086366
v 0.05012204 0.02553456 0.01424112
v 0.03198172 0.02553456 -0.03110194
v 0.03240445 0.02553456 -0.03124985
v 0.04972993 0.02553456 0.01498823
v 0.04898437 0.02553456 0.03130000
v 0.05046292 0.02553456 0.03064680
v 0.04234949 0.02553456 -0.01650000
v 0.04917042 0.02553456 0.01561979
v 0.04190449 0.02553456 0.01647160
v 0.04234949 0.02553456 0.01650000
v 0.04151188 0.02553456 -0.01639829
v 0.04086098 0.02553456 0.01616771
v 0.04141237 0.02553456 0.01637221
v 0.04234949 0.02553456 0.00950000
v 0.03885019 0.02553456 0.01306999
v 0.03897478 0.02553456 0.01392809
v 0.03929272 0.02553456 0.01470476
v 0.03975312 0.02553456 0.01534710
v 0.04029437 0.02553456 0.01583311
v 0.05728704 0.03003456 -0.01861680
v 0.05734949 0.02553456 -0.01791275
v 0.05728704 0.02553456 -0.01861680
v 0.05734949 0.03003456 -0.01791275
v 0.05710165 0.03003456 -0.01929886
v 0.05728704 0.02553456 -0.01861680
v 0.05710165 0.02553456 -0.01929886
v 0.05728704 0.03003456 -0.01861680
v 0.05679910 0.03003456 -0.01993764
v 0.05710165 0.02553456 -0.01929886
v 0.05679910 0.02553456 -0.01993764
v 0.05710165 0.03003456 -0.01929886
v 0.04898437 0.03003456 0.03130000
v 0.04939737 0.03003456 0.03125690
v 0.05070918 0.03003456 0.03031245
v 0.03084949 0.03003456 0.02930000
v 0.04076273 0.03003456 0.01613074
v 0.04008383 0.03003456 0.01566953
v 0.03950571 0.03003456 0.01504798
v 0.03910594 0.03003456 0.01434356
v 0.05012204 0.03003456 0.01424112
v 0.05734949 0.03003456 0.01791275
v 0.05032397 0.03003456 0.01342188
v 0.03889058 0.03003456 0.01356274
v 0.03885972 0.03003456 0.01271443
v 0.03901362 0.03003456 0.01190829
v 0.04972993 0.03003456 0.01498823
v 0.03084949 0.03003456 -0.02930000
v 0.05679910 0.03003456 0.01993765
v 0.04052752 0.03003456 -0.01599751
v 0.04125715 0.03003456 -0.01633587
v 0.03284949 0.03003456 0.03130000
v 0.04234949 0.03003456 0.01650000
v 0.04151812 0.03003456 0.01640764
v 0.04917042 0.03003456 0.01561979
v 0.04979258 0.03003456 -0.03112943
v 0.05046292 0.03003456 -0.03064680
v 0.05015294 0.03003456 -0.03092310
v 0.04234949 0.03003456 0.00950000
v 0.04684949 0.03003456 0.00950000
v 0.04234949 0.03003456 -0.00950000
v 0.03240445 0.03003456 0.03124986
v 0.03104755 0.03003456 0.03016777
v 0.03089963 0.03003456 0.02974504
v 0.04847602 0.03003456 0.01609910
v 0.04898437 0.03003456 -0.03130000
v 0.05070918 0.03003456 -0.03031244
v 0.04178624 0.03003456 0.00954104
v 0.04939737 0.03003456 -0.03125689
v 0.03198172 0.03003456 0.03110194
v 0.04151812 0.03003456 -0.00959236
v 0.03987461 0.03003456 -0.01547487
v 0.03128583 0.03003456 0.03054698
v 0.03160251 0.03003456 0.03086366
v 0.03935203 0.03003456 -0.01482164
v 0.04125715 0.03003456 0.00966413
v 0.04076273 0.03003456 -0.00986926
v 0.03901362 0.03003456 -0.01409171
v 0.05728704 0.03003456 -0.01861680
v 0.05710165 0.03003456 -0.01929886
v 0.05679910 0.03003456 -0.01993764
v 0.05734949 0.03003456 -0.01791275
v 0.04768709 0.03003456 0.01639830
v 0.03885972 0.03003456 -0.01328557
v 0.04052752 0.03003456 0.01000249
v 0.04008383 0.03003456 -0.01033047
v 0.04972993 0.03003456 -0.01498822
v 0.04917042 0.03003456 -0.01561979
v 0.03889058 0.03003456 -0.01243726
v 0.04847602 0.03003456 -0.01609909
v 0.05012204 0.03003456 -0.01424111
v 0.03987461 0.03003456 0.01052513
v 0.03950571 0.03003456 -0.01095202
v 0.04768709 0.03003456 -0.01639829
v 0.03935203 0.03003456 0.01117836
v 0.03910594 0.03003456 -0.01165644
v 0.05032397 0.03003456 -0.01342188
v 0.04684949 0.03003456 -0.01650000
v 0.04917042 0.03003456 0.01038021
v 0.04972993 0.03003456 -0.01101177
v 0.04917042 0.03003456 -0.01038021
v 0.05032397 0.03003456 -0.01257812
v 0.04972993 0.03003456 0.01101178
v 0.05012204 0.03003456 -0.01175888
v 0.04847602 0.03003456 0.00990091
v 0.04847602 0.03003456 -0.00990090
v 0.05012204 0.03003456 0.01175889
v 0.04684949 0.03003456 0.01650000
v 0.04768709 0.03003456 0.00960171
v 0.04768709 0.03003456 -0.00960170
v 0.05710165 0.03003456 0.01929886
v 0.05728704 0.03003456 0.01861680
v 0.03284949 0.03003456 -0.03130000
v 0.03240445 0.03003456 -0.03124985
v 0.03198172 0.03003456 -0.03110194
v 0.03160251 0.03003456 -0.03086366
v 0.05032397 0.03003456 0.01257812
v 0.03128583 0.03003456 -0.03054698
v 0.03104755 0.03003456 -0.03016776
v 0.03089963 0.03003456 -0.02974504
v 0.04234949 0.03003456 -0.01650000
v 0.04684949 0.03003456 -0.00950000
v 0.04979258 0.03003456 0.03112943
v 0.05015294 0.03003456 0.03092310
v 0.05046292 0.03003456 0.03064680
v 0.04178624 0.03003456 -0.01645896
v 0.05710165 0.03003456 0.01929886
v 0.05679910 0.02553456 0.01993765
v 0.05710165 0.02553456 0.01929886
v 0.05679910 0.03003456 0.01993765
v 0.05728704 0.03003456 0.01861680
v 0.05710165 0.02553456 0.01929886
v 0.05728704 0.02553456 0.01861680
v 0.05710165 0.03003456 0.01929886
v 0.05734949 0.03003456 0.01791275
v 0.05728704 0.02553456 0.01861680
v 0.05734949 0.02553456 0.01791275
v 0.05728704 0.03003456 0.01861680
v 0.04898437 0.03003456 0.03130000
v 0.04898437 0.02553456 0.03130000
v 0.04939737 0.02553456 0.03125690
v 0.04939737 0.03003456 0.03125690
v 0.04939737 0.02553456 0.03125690
v 0.04979258 0.02553456 0.03112943
v 0.04939737 0.03003456 0.03125690
v 0.04979258 0.03003456 0.03112943
v 0.04979258 0.02553456 0.03112943
v 0.05015294 0.02553456 0.03092310
v 0.04979258 0.03003456 0.03112943
v 0.05015294 0.03003456 0.03092310
v 0.05015294 0.02553456 0.03092310
v 0.05046292 0.02553456 0.03064680
v 0.05015294 0.03003456 0.03092310
v 0.05046292 0.03003456 0.03064680
v 0.05046292 0.02553456 0.03064680
v 0.05070918 0.02553456 0.03031245
v 0.05046292 0.03003456 0.03064680
v 0.05070918 0.03003456 0.03031245
v 0.05679910 0.02553456 0.01993765
v 0.05070918 0.03003456 0.03031245
v 0.05070918 0.02553456 0.03031245
v 0.05679910 0.03003456 0.01993765
v 0.05070918 0.03003456 -0.03031244
v 0.05679910 0.02553456 -0.01993764
v 0.05070918 0.02553456 -0.03031244
v 0.05679910 0.03003456 -0.01993764
v 0.05046292 0.03003456 -0.03064680
v 0.05070918 0.02553456 -0.03031244
v 0.05046292 0.02553456 -0.03064680
v 0.05070918 0.03003456 -0.03031244
v 0.05015294 0.03003456 -0.03092310
v 0.05046292 0.02553456 -0.03064680
v 0.05015294 0.02553456 -0.03092310
v 0.05046292 0.03003456 -0.03064680
v 0.04979258 0.03003456 -0.03112943
v 0.05015294 0.02553456 -0.03092310
v 0.04979258 0.02553456 -0.03112943
v 0.05015294 0.03003456 -0.03092310
v 0.04939737 0.03003456 -0.03125689
v 0.04979258 0.02553456 -0.03112943
v 0.04939737 0.02553456 -0.03125689
v 0.04979258 0.03003456 -0.03112943
v 0.04898437 0.03003456 -0.03130000
v 0.04939737 0.02553456 -0.03125689
v 0.04898437 0.02553456 -0.03130000
v 0.04939737 0.03003456 -0.03125689
v 0.03284949 0.03003456 -0.03130000
v 0.04898437 0.02553456 -0.03130000
v 0.03284949 0.02553456 -0.03130000
v 0.04898437 0.03003456 -0.03130000
v 0.03240445 0.03003456 -0.03124985
v 0.03284949 0.02553456 -0.03130000
v 0.03240445 0.02553456 -0.03124985
v 0.03284949 0.03003456 -0.03130000
v 0.03198172 0.03003456 -0.03110194
v 0.03240445 0.02553456 -0.03124985
v 0.03198172 0.02553456 -0.03110194
v 0.03240445 0.03003456 -0.03124985
v 0.03160251 0.03003456 -0.03086366
v 0.03198172 0.02553456 -0.03110194
v 0.03160251 0.02553456 -0.03086366
v 0.03198172 0.03003456 -0.03110194
v 0.03128583 0.03003456 -0.03054698
v 0.03160251 0.02553456 -0.03086366
v 0.03128583 0.02553456 -0.03054698
v 0.03160251 0.03003456 -0.03086366
v 0.03104755 0.03003456 -0.03016776
v 0.03128583 0.02553456 -0.03054698
v 0.03104755 0.02553456 -0.03016776
v 0.03128583 0.03003456 -0.03054698
v 0.03089963 0.03003456 -0.02974504
v 0.03104755 0.02553456 -0.03016776
v 0.03089963 0.02553456 -0.02974504
v 0.03104755 0.03003456 -0.03016776
v 0.03084949 0.03003456 -0.02930000
v 0.03089963 0.02553456 -0.02974504
v 0.03084949 0.02553456 -0.02930000
v 0.03089963 0.03003456 -0.02974504
v 0.03084949 0.02553456 0.02930000
v 0.03084949 0.03003456 -0.02930000
v 0.03084949 0.02553456 -0.02930000
v 0.03084949 0.03003456 0.02930000
v 0.03089963 0.03003456 0.02974504
v 0.03084949 0.02553456 0.02930000
v 0.03089963 0.02553456 0.02974504
v 0.03084949 0.03003456 0.02930000
v 0.03104755 0.03003456 0.03016777
v 0.03089963 0.02553456 0.02974504
v 0.03104755 0.02553456 0.03016777
v 0.03089963 0.03003456 0.02974504
v 0.03128583 0.03003456 0.03054698
v 0.03104755 0.02553456 0.03016777
v 0.03128583 0.02553456 0.03054698
v 0.03104755 0.03003456 0.03016777
v 0.03160251 0.03003456 0.03086366
v 0.03128583 0.02553456 0.03054698
v 0.03160251 0.02553456 0.03086366
v 0.03128583 0.03003456 0.03054698
v 0.03198172 0.03003456 0.03110194
v 0.03160251 0.02553456 0.03086366
v 0.03198172 0.02553456 0.03110194
v 0.03160251 0.03003456 0.03086366
v 0.03240445 0.03003456 0.03124986
v 0.03240445 0.02553456 0.03124986
v 0.03284949 0.02553456 0.03130000
v 0.03240445 0.03003456 0.03124986
v 0.03198172 0.02553456 0.03110194
v 0.03240445 0.02553456 0.03124986
v 0.03198172 0.03003456 0.03110194
v 0.03284949 0.03003456 0.03130000
v 0.04898437 0.02553456 0.03130000
v 0.03284949 0.03003456 0.03130000
v 0.03284949 0.02553456 0.03130000
v 0.04898437 0.03003456 0.03130000
v 0.04684949 0.02553456 -0.00950000
v 0.04684949 0.03003456 -0.00950000
v 0.04768709 0.02553456 -0.00960170
v 0.04768709 0.03003456 -0.00960170
v 0.04768709 0.02553456 -0.00960170
v 0.04847602 0.03003456 -0.00990090
v 0.04847602 0.02553456 -0.00990090
v 0.04768709 0.03003456 -0.00960170
v 0.04847602 0.02553456 -0.00990090
v 0.04917042 0.03003456 -0.01038021
v 0.04917042 0.02553456 -0.01038021
v 0.04847602 0.03003456 -0.00990090
v 0.04917042 0.02553456 -0.01038021
v 0.04972993 0.03003456 -0.01101177
v 0.04972993 0.02553456 -0.01101177
v 0.04917042 0.03003456 -0.01038021
v 0.04972993 0.02553456 -0.01101177
v 0.05012204 0.03003456 -0.01175888
v 0.05012204 0.02553456 -0.01175888
v 0.04972993 0.03003456 -0.01101177
v 0.05012204 0.02553456 -0.01175888
v 0.05032397 0.03003456 -0.01257812
v 0.05032397 0.02553456 -0.01257812
v 0.05012204 0.03003456 -0.01175888
v 0.05032397 0.02553456 -0.01257812
v 0.05032397 0.03003456 -0.01342188
v 0.05032397 0.02553456 -0.01342188
v 0.05032397 0.03003456 -0.01257812
v 0.05032397 0.02553456 -0.01342188
v 0.05012204 0.03003456 -0.01424111
v 0.05012204 0.02553456 -0.01424111
v 0.05032397 0.03003456 -0.01342188
v 0.05012204 0.02553456 -0.01424111
v 0.04972993 0.03003456 -0.01498822
v 0.04972993 0.02553456 -0.01498822
v 0.05012204 0.03003456 -0.01424111
v 0.04972993 0.02553456 -0.01498822
v 0.04917042 0.03003456 -0.01561979
v 0.04917042 0.02553456 -0.01561979
v 0.04972993 0.03003456 -0.01498822
v 0.04917042 0.02553456 -0.01561979
v 0.04847602 0.03003456 -0.01609909
v 0.04847602 0.02553456 -0.01609909
v 0.04917042 0.03003456 -0.01561979
v 0.04847602 0.02553456 -0.01609909
v 0.04768709 0.03003456 -0.01639829
v 0.04768709 0.02553456 -0.01639829
v 0.04768709 0.02553456 -0.01639829
v 0.04768709 0.03003456 -0.01639829
v 0.04684949 0.02553456 -0.01650000
v 0.04847602 0.03003456 -0.01609909
v 0.04684949 0.03003456 -0.01650000
v 0.04234949 0.03003456 -0.00950000
v 0.04684949 0.02553456 -0.00950000
v 0.04234949 0.02553456 -0.00950000
v 0.04684949 0.03003456 -0.00950000
v 0.04234949 0.02553456 -0.01650000
v 0.04151188 0.02553456 -0.01639829
v 0.04151188 0.02553456 -0.01639829
v 0.04072296 0.02553456 -0.01609909
v 0.04072296 0.02553456 -0.01609909
v 0.04002856 0.02553456 -0.01561979
v 0.04002856 0.02553456 -0.01561979
v 0.03946904 0.02553456 -0.01498822
v 0.03946904 0.02553456 -0.01498822
v 0.03907693 0.02553456 -0.01424111
v 0.03907693 0.02553456 -0.01424111
v 0.03887501 0.02553456 -0.01342188
v 0.03887501 0.02553456 -0.01342188
v 0.03887501 0.02553456 -0.01257812
v 0.03887501 0.02553456 -0.01257812
v 0.03907693 0.02553456 -0.01175888
v 0.03907693 0.02553456 -0.01175888
v 0.03946904 0.02553456 -0.01101177
v 0.03946904 0.02553456 -0.01101177
v 0.04002856 0.02553456 -0.01038021
v 0.04002856 0.02553456 -0.01038021
v 0.04072296 0.02553456 -0.00990090
v 0.04072296 0.02553456 -0.00990090
v 0.04151188 0.02553456 -0.00960170
v 0.04151188 0.02553456 -0.00960170
v 0.04234949 0.02553456 -0.00950000
v 0.04684949 0.02553456 -0.01650000
v 0.04234949 0.03003456 -0.01650000
v 0.04234949 0.02553456 -0.01650000
v 0.04684949 0.03003456 -0.01650000
v 0.04234949 0.03003456 0.01650000
v 0.04684949 0.02553456 0.01650000
v 0.04234949 0.02553456 0.01650000
v 0.04684949 0.03003456 0.01650000
v 0.04141237 0.03003456 0.01637221
v 0.04141237 0.02553456 0.01637221
v 0.04086098 0.02553456 0.01616771
v 0.04086098 0.03003456 0.01616771
v 0.04190449 0.03003456 0.01647160
v 0.04190449 0.02553456 0.01647160
v 0.04141237 0.02553456 0.01637221
v 0.04141237 0.03003456 0.01637221
v 0.04234949 0.03003456 0.01650000
v 0.04234949 0.02553456 0.01650000
v 0.04190449 0.02553456 0.01647160
v 0.04190449 0.03003456 0.01647160
v 0.04171834 0.03003456 0.00955738
v 0.04171834 0.02553456 0.00955738
v 0.04234949 0.02553456 0.00950000
v 0.04234949 0.03003456 0.00950000
v 0.04100333 0.03003456 0.00976923
v 0.04100333 0.02553456 0.00976923
v 0.04171834 0.02553456 0.00955738
v 0.04171834 0.03003456 0.00955738
v 0.04024949 0.03003456 0.01020000
v 0.04024949 0.02553456 0.01020000
v 0.04100333 0.02553456 0.00976923
v 0.04100333 0.03003456 0.00976923
v 0.03967243 0.03003456 0.01074537
v 0.03967243 0.02553456 0.01074537
v 0.04024949 0.02553456 0.01020000
v 0.04024949 0.03003456 0.01020000
v 0.03923073 0.03003456 0.01141150
v 0.03923073 0.02553456 0.01141150
v 0.03967243 0.02553456 0.01074537
v 0.03967243 0.03003456 0.01074537
v 0.03894085 0.03003456 0.01220551
v 0.03894085 0.02553456 0.01220551
v 0.03923073 0.02553456 0.01141150
v 0.03923073 0.03003456 0.01141150
v 0.03885019 0.03003456 0.01306999
v 0.03885019 0.02553456 0.01306999
v 0.03894085 0.02553456 0.01220551
v 0.03894085 0.03003456 0.01220551
v 0.03897478 0.03003456 0.01392809
v 0.03897478 0.02553456 0.01392809
v 0.03885019 0.02553456 0.01306999
v 0.03885019 0.03003456 0.01306999
v 0.03929272 0.03003456 0.01470476
v 0.03929272 0.02553456 0.01470476
v 0.03897478 0.02553456 0.01392809
v 0.03897478 0.03003456 0.01392809
v 0.03975312 0.03003456 0.01534710
v 0.03975312 0.02553456 0.01534710
v 0.03929272 0.02553456 0.01470476
v 0.03929272 0.03003456 0.01470476
v 0.04029437 0.03003456 0.01583311
v 0.04029437 0.02553456 0.01583311
v 0.03975312 0.02553456 0.01534710
v 0.03975312 0.03003456 0.01534710
v 0.04086098 0.03003456 0.01616771
v 0.04086098 0.02553456 0.01616771
v 0.04029437 0.02553456 0.01583311
v 0.04029437 0.03003456 0.01583311
v 0.04684949 0.03003456 0.00950000
v 0.04234949 0.02553456 0.00950000
v 0.04684949 0.02553456 0.00950000
v 0.04234949 0.03003456 0.00950000
v 0.04684949 0.02553456 0.01650000
v 0.04684949 0.03003456 0.01650000
v 0.04768709 0.02553456 0.01639830
v 0.04768709 0.02553456 0.01639830
v 0.04768709 0.03003456 0.01639830
v 0.04847602 0.02553456 0.01609910
v 0.04768709 0.03003456 0.01639830
v 0.04847602 0.02553456 0.01609910
v 0.04847602 0.03003456 0.01609910
v 0.04917042 0.02553456 0.01561979
v 0.04847602 0.03003456 0.01609910
v 0.04917042 0.02553456 0.01561979
v 0.04917042 0.03003456 0.01561979
v 0.04972993 0.02553456 0.01498823
v 0.04917042 0.03003456 0.01561979
v 0.04972993 0.02553456 0.01498823
v 0.04972993 0.03003456 0.01498823
v 0.05012204 0.02553456 0.01424112
v 0.04972993 0.03003456 0.01498823
v 0.05012204 0.02553456 0.01424112
v 0.05012204 0.03003456 0.01424112
v 0.05032397 0.02553456 0.01342188
v 0.05012204 0.03003456 0.01424112
v 0.05032397 0.02553456 0.01342188
v 0.05032397 0.03003456 0.01342188
v 0.05032397 0.02553456 0.01257812
v 0.05032397 0.03003456 0.01342188
v 0.05032397 0.02553456 0.01257812
v 0.05032397 0.03003456 0.01257812
v 0.05012204 0.02553456 0.01175889
v 0.05032397 0.03003456 0.01257812
v 0.05012204 0.02553456 0.01175889
v 0.05012204 0.03003456 0.01175889
v 0.04972993 0.02553456 0.01101178
v 0.05012204 0.03003456 0.01175889
v 0.04972993 0.02553456 0.01101178
v 0.04972993 0.03003456 0.01101178
v 0.04917042 0.02553456 0.01038021
v 0.04972993 0.03003456 0.01101178
v 0.04917042 0.02553456 0.01038021
v 0.04917042 0.03003456 0.01038021
v 0.04847602 0.02553456 0.00990091
v 0.04917042 0.03003456 0.01038021
v 0.04847602 0.02553456 0.00990091
v 0.04847602 0.03003456 0.00990091
v 0.04768709 0.02553456 0.00960171
v 0.04847602 0.03003456 0.00990091
v 0.04768709 0.03003456 0.00960171
v 0.04768709 0.02553456 0.00960171
v 0.04684949 0.03003456 0.00950000
v 0.04684949 0.02553456 0.00950000
v 0.04768709 0.03003456 0.00960171
v 0.03684977 0.02553456 -0.01294471
v 0.03955174 0.02203456 -0.01773525
v 0.03684977 0.02203456 -0.01294471
v 0.03955174 0.02553456 -0.01773525
v 0.03980504 0.02153931 -0.01730655
v 0.03742709 0.02153456 -0.01295051
v 0.03728619 0.02154968 -0.01294909
v 0.03980504 0.02153931 -0.01730655
v 0.03984543 0.02153456 -0.01723818
v 0.03742709 0.02153456 -0.01295051
v 0.03976352 0.02155440 -0.01737681
v 0.03728619 0.02154968 -0.01294909
v 0.03714475 0.02159843 -0.01294767
v 0.03976352 0.02155440 -0.01737681
v 0.03980504 0.02153931 -0.01730655
v 0.03728619 0.02154968 -0.01294909
v 0.03970528 0.02159516 -0.01747538
v 0.03976352 0.02155440 -0.01737681
v 0.03714475 0.02159843 -0.01294767
v 0.03965197 0.02165837 -0.01756562
v 0.03714475 0.02159843 -0.01294767
v 0.03703028 0.02167138 -0.01294652
v 0.03965197 0.02165837 -0.01756562
v 0.03970528 0.02159516 -0.01747538
v 0.03714475 0.02159843 -0.01294767
v 0.03960783 0.02174066 -0.01764032
v 0.03703028 0.02167138 -0.01294652
v 0.03694735 0.02175639 -0.01294569
v 0.03960783 0.02174066 -0.01764032
v 0.03965197 0.02165837 -0.01756562
v 0.03703028 0.02167138 -0.01294652
v 0.03957595 0.02183579 -0.01769428
v 0.03694735 0.02175639 -0.01294569
v 0.03688918 0.02185297 -0.01294510
v 0.03957595 0.02183579 -0.01769428
v 0.03960783 0.02174066 -0.01764032
v 0.03694735 0.02175639 -0.01294569
v 0.03955749 0.02193614 -0.01772553
v 0.03688918 0.02185297 -0.01294510
v 0.03685914 0.02194481 -0.01294480
v 0.03955749 0.02193614 -0.01772553
v 0.03957595 0.02183579 -0.01769428
v 0.03688918 0.02185297 -0.01294510
v 0.03955174 0.02203456 -0.01773525
v 0.03685914 0.02194481 -0.01294480
v 0.03684977 0.02203456 -0.01294471
v 0.03955174 0.02203456 -0.01773525
v 0.03955749 0.02193614 -0.01772553
v 0.03685914 0.02194481 -0.01294480
v 0.03964751 0.02553456 -0.00820945
v 0.03684977 0.02203456 -0.01294471
v 0.03964751 0.02203456 -0.00820945
v 0.03684977 0.02553456 -0.01294471
v 0.03955174 0.02203456 -0.01773525
v 0.04505146 0.02553456 -0.01779054
v 0.04505146 0.02203456 -0.01779054
v 0.03955174 0.02553456 -0.01773525
v 0.03993114 0.02153456 -0.00871233
v 0.03742709 0.02153456 -0.01295051
v 0.03984543 0.02153456 -0.01723818
v 0.04727189 0.02153456 -0.01304949
v 0.04476783 0.02153456 -0.01728767
v 0.04485355 0.02153456 -0.00876182
v 0.03742709 0.02153456 -0.01295051
v 0.03993114 0.02153456 -0.00871233
v 0.03986192 0.02154968 -0.00858960
v 0.03728619 0.02154968 -0.01294909
v 0.03986192 0.02154968 -0.00858960
v 0.03979243 0.02159843 -0.00846640
v 0.03728619 0.02154968 -0.01294909
v 0.03714475 0.02159843 -0.01294767
v 0.03979243 0.02159843 -0.00846640
v 0.03973620 0.02167138 -0.00836669
v 0.03714475 0.02159843 -0.01294767
v 0.03703028 0.02167138 -0.01294652
v 0.03973620 0.02167138 -0.00836669
v 0.03969545 0.02175639 -0.00829446
v 0.03703028 0.02167138 -0.01294652
v 0.03694735 0.02175639 -0.01294569
v 0.03969545 0.02175639 -0.00829446
v 0.03966688 0.02185297 -0.00824379
v 0.03694735 0.02175639 -0.01294569
v 0.03688918 0.02185297 -0.01294510
v 0.03966688 0.02185297 -0.00824379
v 0.03965212 0.02194481 -0.00821762
v 0.03688918 0.02185297 -0.01294510
v 0.03685914 0.02194481 -0.01294480
v 0.03965212 0.02194481 -0.00821762
v 0.03964751 0.02203456 -0.00820945
v 0.03685914 0.02194481 -0.01294480
v 0.03684977 0.02203456 -0.01294471
v 0.04514723 0.02553456 -0.00826474
v 0.03964751 0.02203456 -0.00820945
v 0.04514723 0.02203456 -0.00826474
v 0.03964751 0.02553456 -0.00820945
v 0.04476783 0.02153456 -0.01728767
v 0.03984543 0.02153456 -0.01723818
v 0.03980504 0.02153931 -0.01730655
v 0.04480684 0.02153931 -0.01735683
v 0.04484694 0.02155440 -0.01742791
v 0.03980504 0.02153931 -0.01730655
v 0.03976352 0.02155440 -0.01737681
v 0.04480684 0.02153931 -0.01735683
v 0.04490318 0.02159516 -0.01752763
v 0.03976352 0.02155440 -0.01737681
v 0.03970528 0.02159516 -0.01747538
v 0.04484694 0.02155440 -0.01742791
v 0.04495467 0.02165837 -0.01761893
v 0.03970528 0.02159516 -0.01747538
v 0.03965197 0.02165837 -0.01756562
v 0.04490318 0.02159516 -0.01752763
v 0.04499730 0.02174066 -0.01769450
v 0.03965197 0.02165837 -0.01756562
v 0.03960783 0.02174066 -0.01764032
v 0.04495467 0.02165837 -0.01761893
v 0.04502809 0.02183579 -0.01774910
v 0.03960783 0.02174066 -0.01764032
v 0.03957595 0.02183579 -0.01769428
v 0.04499730 0.02174066 -0.01769450
v 0.04504592 0.02193614 -0.01778070
v 0.03957595 0.02183579 -0.01769428
v 0.03955749 0.02193614 -0.01772553
v 0.04502809 0.02183579 -0.01774910
v 0.04505146 0.02203456 -0.01779054
v 0.03955749 0.02193614 -0.01772553
v 0.03955174 0.02203456 -0.01773525
v 0.04504592 0.02193614 -0.01778070
v 0.04505146 0.02203456 -0.01779054
v 0.04784921 0.02553456 -0.01305529
v 0.04784921 0.02203456 -0.01305529
v 0.04505146 0.02553456 -0.01779054
v 0.03993114 0.02153456 -0.00871233
v 0.04485355 0.02153456 -0.00876182
v 0.04492522 0.02154968 -0.00864051
v 0.03986192 0.02154968 -0.00858960
v 0.04492522 0.02154968 -0.00864051
v 0.04499717 0.02159843 -0.00851873
v 0.03986192 0.02154968 -0.00858960
v 0.03979243 0.02159843 -0.00846640
v 0.04499717 0.02159843 -0.00851873
v 0.04505540 0.02167138 -0.00842017
v 0.03979243 0.02159843 -0.00846640
v 0.03973620 0.02167138 -0.00836669
v 0.04505540 0.02167138 -0.00842017
v 0.04509759 0.02175639 -0.00834877
v 0.03973620 0.02167138 -0.00836669
v 0.03969545 0.02175639 -0.00829446
v 0.04509759 0.02175639 -0.00834877
v 0.04512718 0.02185297 -0.00829868
v 0.03969545 0.02175639 -0.00829446
v 0.03966688 0.02185297 -0.00824379
v 0.04512718 0.02185297 -0.00829868
v 0.04514246 0.02194481 -0.00827282
v 0.03966688 0.02185297 -0.00824379
v 0.03965212 0.02194481 -0.00821762
v 0.04514246 0.02194481 -0.00827282
v 0.04514723 0.02203456 -0.00826474
v 0.03965212 0.02194481 -0.00821762
v 0.03964751 0.02203456 -0.00820945
v 0.04492522 0.02154968 -0.00864051
v 0.04727189 0.02153456 -0.01304949
v 0.04741278 0.02154968 -0.01305090
v 0.04485355 0.02153456 -0.00876182
v 0.04499717 0.02159843 -0.00851873
v 0.04741278 0.02154968 -0.01305090
v 0.04755422 0.02159843 -0.01305232
v 0.04492522 0.02154968 -0.00864051
v 0.04505540 0.02167138 -0.00842017
v 0.04755422 0.02159843 -0.01305232
v 0.04766869 0.02167138 -0.01305347
v 0.04499717 0.02159843 -0.00851873
v 0.04509759 0.02175639 -0.00834877
v 0.04766869 0.02167138 -0.01305347
v 0.04775162 0.02175639 -0.01305431
v 0.04505540 0.02167138 -0.00842017
v 0.04512718 0.02185297 -0.00829868
v 0.04775162 0.02175639 -0.01305431
v 0.04780979 0.02185297 -0.01305489
v 0.04509759 0.02175639 -0.00834877
v 0.04514246 0.02194481 -0.00827282
v 0.04780979 0.02185297 -0.01305489
v 0.04783984 0.02194481 -0.01305519
v 0.04512718 0.02185297 -0.00829868
v 0.04514723 0.02203456 -0.00826474
v 0.04783984 0.02194481 -0.01305519
v 0.04784921 0.02203456 -0.01305529
v 0.04514246 0.02194481 -0.00827282
v 0.04727189 0.02153456 -0.01304949
v 0.04476783 0.02153456 -0.01728767
v 0.04480684 0.02153931 -0.01735683
v 0.04741278 0.02154968 -0.01305090
v 0.04480684 0.02153931 -0.01735683
v 0.04484694 0.02155440 -0.01742791
v 0.04741278 0.02154968 -0.01305090
v 0.04727189 0.02153456 -0.01304949
v 0.04480684 0.02153931 -0.01735683
v 0.04755422 0.02159843 -0.01305232
v 0.04490318 0.02159516 -0.01752763
v 0.04495467 0.02165837 -0.01761893
v 0.04755422 0.02159843 -0.01305232
v 0.04484694 0.02155440 -0.01742791
v 0.04490318 0.02159516 -0.01752763
v 0.04755422 0.02159843 -0.01305232
v 0.04741278 0.02154968 -0.01305090
v 0.04484694 0.02155440 -0.01742791
v 0.04766869 0.02167138 -0.01305347
v 0.04495467 0.02165837 -0.01761893
v 0.04499730 0.02174066 -0.01769450
v 0.04766869 0.02167138 -0.01305347
v 0.04755422 0.02159843 -0.01305232
v 0.04495467 0.02165837 -0.01761893
v 0.04775162 0.02175639 -0.01305431
v 0.04499730 0.02174066 -0.01769450
v 0.04502809 0.02183579 -0.01774910
v 0.04775162 0.02175639 -0.01305431
v 0.04766869 0.02167138 -0.01305347
v 0.04499730 0.02174066 -0.01769450
v 0.04780979 0.02185297 -0.01305489
v 0.04502809 0.02183579 -0.01774910
v 0.04504592 0.02193614 -0.01778070
v 0.04780979 0.02185297 -0.01305489
v 0.04775162 0.02175639 -0.01305431
v 0.04502809 0.02183579 -0.01774910
v 0.04783984 0.02194481 -0.01305519
v 0.04504592 0.02193614 -0.01778070
v 0.04505146 0.02203456 -0.01779054
v 0.04783984 0.02194481 -0.01305519
v 0.04780979 0.02185297 -0.01305489
v 0.04504592 0.02193614 -0.01778070
v 0.04784921 0.02203456 -0.01305529
v 0.04783984 0.02194481 -0.01305519
v 0.04505146 0.02203456 -0.01779054
v 0.04784921 0.02203456 -0.01305529
v 0.04514723 0.02553456 -0.00826474
v 0.04514723 0.02203456 -0.00826474
v 0.04784921 0.02553456 -0.01305529
v 0.04784921 0.02953456 -0.01305529
v 0.04505146 0.02953456 -0.01779054
v 0.03955174 0.02953456 -0.01773525
v 0.04505146 0.02953456 -0.01779054
v 0.03955174 0.02953456 -0.01773525
v 0.03684977 0.02953456 -0.01294471
v 0.03964751 0.02953456 -0.00820945
v 0.04514723 0.02953456 -0.00826474
v 0.04784921 0.02953456 -0.01305529
v 0.04505146 0.02953456 -0.01779054
v 0.04784921 0.02953456 -0.01305529
v 0.04514723 0.02953456 -0.00826474
v 0.03684977 0.02953456 -0.01294471
v 0.03955174 0.02953456 -0.01773525
v 0.03964751 0.02953456 -0.00820945
v 0.04514723 0.02953456 -0.00826474
v 0.03684977 0.02953456 -0.01294471
v 0.03964751 0.02953456 -0.00820945
v 0.04514723 0.02553456 -0.00826474
v 0.03964751 0.02553456 -0.00820945
v 0.03684977 0.02553456 -0.01294471
v 0.04784921 0.02553456 -0.01305529
v 0.03955174 0.02553456 -0.01773525
v 0.04505146 0.02553456 -0.01779054
v 0.04445585 0.03561533 0.00720806
v 0.04354269 0.03586574 0.00719834
v 0.04436745 0.03581880 0.00755967
v 0.04445585 0.03561533 0.00720806
v 0.04495904 0.03534547 0.00716395
v 0.04450010 0.03540733 0.00698901
v 0.04495268 0.03573941 0.00779340
v 0.04436745 0.03581880 0.00755967
v 0.04424228 0.03591873 0.00798127
v 0.04495268 0.03573941 0.00779340
v 0.04592490 0.03559998 0.00837139
v 0.04600513 0.03552598 0.00824512
v 0.04495268 0.03573941 0.00779340
v 0.04587283 0.03563694 0.00845098
v 0.04592490 0.03559998 0.00837139
v 0.04495268 0.03573941 0.00779340
v 0.04578113 0.03568457 0.00858740
v 0.04587283 0.03563694 0.00845098
v 0.04477950 0.03584585 0.00819578
v 0.04495268 0.03573941 0.00779340
v 0.04477950 0.03584585 0.00819578
v 0.04578113 0.03568457 0.00858740
v 0.04508044 0.03553060 0.00745754
v 0.04436745 0.03581880 0.00755967
v 0.04495268 0.03573941 0.00779340
v 0.04508044 0.03553060 0.00745754
v 0.04600513 0.03552598 0.00824512
v 0.04607666 0.03543787 0.00812779
v 0.04341303 0.03498389 0.00930720
v 0.04311068 0.03520002 0.00916562
v 0.04306870 0.03498447 0.00924740
v 0.04508044 0.03553060 0.00745754
v 0.04445585 0.03561533 0.00720806
v 0.04436745 0.03581880 0.00755967
v 0.04341303 0.03498389 0.00930720
v 0.04313341 0.03530309 0.00911150
v 0.04311068 0.03520002 0.00916562
v 0.04508044 0.03553060 0.00745754
v 0.04540408 0.03528354 0.00737294
v 0.04495904 0.03534547 0.00716395
v 0.04508044 0.03553060 0.00745754
v 0.04607666 0.03543787 0.00812779
v 0.04540408 0.03528354 0.00737294
v 0.04508044 0.03553060 0.00745754
v 0.04495904 0.03534547 0.00716395
v 0.04445585 0.03561533 0.00720806
v 0.04508044 0.03553060 0.00745754
v 0.04495268 0.03573941 0.00779340
v 0.04600513 0.03552598 0.00824512
v 0.04316134 0.03541888 0.00903704
v 0.04313341 0.03530309 0.00911150
v 0.04341303 0.03498389 0.00930720
v 0.04608854 0.03542076 0.00810776
v 0.04540408 0.03528354 0.00737294
v 0.04607666 0.03543787 0.00812779
v 0.04613895 0.03533855 0.00802078
v 0.04540408 0.03528354 0.00737294
v 0.04608854 0.03542076 0.00810776
v 0.04621900 0.03516304 0.00787298
v 0.04540408 0.03528354 0.00737294
v 0.04613895 0.03533855 0.00802078
v 0.04376820 0.03534000 0.00918979
v 0.04319333 0.03553830 0.00894222
v 0.04316134 0.03541888 0.00903704
v 0.04376820 0.03534000 0.00918979
v 0.04320112 0.03556538 0.00891768
v 0.04319333 0.03553830 0.00894222
v 0.04376820 0.03534000 0.00918979
v 0.04341303 0.03498389 0.00930720
v 0.04404961 0.03498455 0.00949947
v 0.04376820 0.03534000 0.00918979
v 0.04316134 0.03541888 0.00903704
v 0.04341303 0.03498389 0.00930720
v 0.04390792 0.03565234 0.00889109
v 0.04322488 0.03564330 0.00883941
v 0.04320112 0.03556538 0.00891768
v 0.04390792 0.03565234 0.00889109
v 0.04326883 0.03576910 0.00868145
v 0.04322488 0.03564330 0.00883941
v 0.04390792 0.03565234 0.00889109
v 0.04327658 0.03578893 0.00865185
v 0.04326883 0.03576910 0.00868145
v 0.04390792 0.03565234 0.00889109
v 0.04331019 0.03586657 0.00851754
v 0.04327658 0.03578893 0.00865185
v 0.04390792 0.03565234 0.00889109
v 0.04320112 0.03556538 0.00891768
v 0.04376820 0.03534000 0.00918979
v 0.04416313 0.03528643 0.00934720
v 0.04404961 0.03498455 0.00949947
v 0.04475023 0.03498456 0.00985634
v 0.04416313 0.03528643 0.00934720
v 0.04488535 0.03523606 0.00972425
v 0.04494949 0.03532904 0.00965589
v 0.04416313 0.03528643 0.00934720
v 0.04484545 0.03517070 0.00976517
v 0.04488535 0.03523606 0.00972425
v 0.04416313 0.03528643 0.00934720
v 0.04481531 0.03511689 0.00979511
v 0.04484545 0.03517070 0.00976517
v 0.04416313 0.03528643 0.00934720
v 0.04475023 0.03498456 0.00985634
v 0.04481531 0.03511689 0.00979511
v 0.04416313 0.03528643 0.00934720
v 0.04376820 0.03534000 0.00918979
v 0.04404961 0.03498455 0.00949947
v 0.04405059 0.03584509 0.00853494
v 0.04334034 0.03592437 0.00838847
v 0.04331019 0.03586657 0.00851754
v 0.04405059 0.03584509 0.00853494
v 0.04334418 0.03593088 0.00837141
v 0.04334034 0.03592437 0.00838847
v 0.04405059 0.03584509 0.00853494
v 0.04339782 0.03600005 0.00811737
v 0.04334418 0.03593088 0.00837141
v 0.04405059 0.03584509 0.00853494
v 0.04341107 0.03601043 0.00804975
v 0.04339782 0.03600005 0.00811737
v 0.04405059 0.03584509 0.00853494
v 0.04331019 0.03586657 0.00851754
v 0.04390792 0.03565234 0.00889109
v 0.04433895 0.03559387 0.00906300
v 0.04390792 0.03565234 0.00889109
v 0.04376820 0.03534000 0.00918979
v 0.04416313 0.03528643 0.00934720
v 0.04433895 0.03559387 0.00906300
v 0.04517168 0.03556161 0.00939989
v 0.04519263 0.03557767 0.00937450
v 0.04433895 0.03559387 0.00906300
v 0.04508442 0.03548465 0.00950351
v 0.04517168 0.03556161 0.00939989
v 0.04433895 0.03559387 0.00906300
v 0.04506445 0.03546462 0.00952671
v 0.04508442 0.03548465 0.00950351
v 0.04433895 0.03559387 0.00906300
v 0.04500380 0.03539766 0.00959584
v 0.04506445 0.03546462 0.00952671
v 0.04433895 0.03559387 0.00906300
v 0.04494949 0.03532904 0.00965589
v 0.04500380 0.03539766 0.00959584
v 0.04433895 0.03559387 0.00906300
v 0.04416313 0.03528643 0.00934720
v 0.04494949 0.03532904 0.00965589
v 0.04452367 0.03578091 0.00872374
v 0.04544220 0.03570292 0.00905783
v 0.04547977 0.03571169 0.00900800
v 0.04452367 0.03578091 0.00872374
v 0.04533244 0.03566252 0.00920024
v 0.04544220 0.03570292 0.00905783
v 0.04452367 0.03578091 0.00872374
v 0.04532255 0.03565776 0.00921283
v 0.04533244 0.03566252 0.00920024
v 0.04452367 0.03578091 0.00872374
v 0.04519263 0.03557767 0.00937450
v 0.04532255 0.03565776 0.00921283
v 0.04452367 0.03578091 0.00872374
v 0.04433895 0.03559387 0.00906300
v 0.04519263 0.03557767 0.00937450
v 0.04452367 0.03578091 0.00872374
v 0.04405059 0.03584509 0.00853494
v 0.04390792 0.03565234 0.00889109
v 0.04433895 0.03559387 0.00906300
v 0.04424228 0.03591873 0.00798127
v 0.04342979 0.03601995 0.00795044
v 0.04341107 0.03601043 0.00804975
v 0.04424228 0.03591873 0.00798127
v 0.04345977 0.03602054 0.00778085
v 0.04342979 0.03601995 0.00795044
v 0.04424228 0.03591873 0.00798127
v 0.04347459 0.03601273 0.00769113
v 0.04345977 0.03602054 0.00778085
v 0.04424228 0.03591873 0.00798127
v 0.04349218 0.03599495 0.00757851
v 0.04347459 0.03601273 0.00769113
v 0.04450010 0.03540733 0.00698901
v 0.04357830 0.03552732 0.00675095
v 0.04357306 0.03563322 0.00685749
v 0.04424228 0.03591873 0.00798127
v 0.04436745 0.03581880 0.00755967
v 0.04352001 0.03594251 0.00738266
v 0.04349218 0.03599495 0.00757851
v 0.04436745 0.03581880 0.00755967
v 0.04352518 0.03592842 0.00734308
v 0.04352001 0.03594251 0.00738266
v 0.04436745 0.03581880 0.00755967
v 0.04354269 0.03586574 0.00719834
v 0.04352518 0.03592842 0.00734308
v 0.04436745 0.03581880 0.00755967
v 0.04349218 0.03599495 0.00757851
v 0.04424228 0.03591873 0.00798127
v 0.04477950 0.03584585 0.00819578
v 0.04405059 0.03584509 0.00853494
v 0.04452367 0.03578091 0.00872374
v 0.04477950 0.03584585 0.00819578
v 0.04574691 0.03569719 0.00863719
v 0.04578113 0.03568457 0.00858740
v 0.04477950 0.03584585 0.00819578
v 0.04568432 0.03571353 0.00872685
v 0.04574691 0.03569719 0.00863719
v 0.04477950 0.03584585 0.00819578
v 0.04562863 0.03572104 0.00880511
v 0.04568432 0.03571353 0.00872685
v 0.04477950 0.03584585 0.00819578
v 0.04556391 0.03572205 0.00889441
v 0.04562863 0.03572104 0.00880511
v 0.04477950 0.03584585 0.00819578
v 0.04547977 0.03571169 0.00900800
v 0.04556391 0.03572205 0.00889441
v 0.04424228 0.03591873 0.00798127
v 0.04477950 0.03584585 0.00819578
v 0.04452367 0.03578091 0.00872374
v 0.04547977 0.03571169 0.00900800
v 0.04445585 0.03561533 0.00720806
v 0.04450010 0.03540733 0.00698901
v 0.04357306 0.03563322 0.00685749
v 0.04445585 0.03561533 0.00720806
v 0.04355949 0.03577042 0.00703398
v 0.04354269 0.03586574 0.00719834
v 0.04445585 0.03561533 0.00720806
v 0.04356433 0.03573137 0.00697817
v 0.04355949 0.03577042 0.00703398
v 0.04445585 0.03561533 0.00720806
v 0.04357149 0.03565499 0.00688219
v 0.04356433 0.03573137 0.00697817
v 0.04445585 0.03561533 0.00720806
v 0.04357306 0.03563322 0.00685749
v 0.04357149 0.03565499 0.00688219
v 0.04334418 0.03593088 0.00837141
v 0.04249780 0.03593907 0.00825531
v 0.04334034 0.03592437 0.00838847
v 0.04339782 0.03600005 0.00811737
v 0.04250486 0.03600590 0.00799515
v 0.04334418 0.03593088 0.00837141
v 0.04339782 0.03600005 0.00811737
v 0.04250580 0.03601478 0.00793325
v 0.04250486 0.03600590 0.00799515
v 0.04341107 0.03601043 0.00804975
v 0.04250580 0.03601478 0.00793325
v 0.04339782 0.03600005 0.00811737
v 0.04341107 0.03601043 0.00804975
v 0.04250679 0.03602420 0.00782502
v 0.04250580 0.03601478 0.00793325
v 0.04306870 0.03498447 0.00924740
v 0.04242129 0.03521449 0.00908512
v 0.04239700 0.03498447 0.00917984
v 0.04342979 0.03601995 0.00795044
v 0.04250668 0.03602313 0.00765281
v 0.04250679 0.03602420 0.00782502
v 0.04342979 0.03601995 0.00795044
v 0.04311068 0.03520002 0.00916562
v 0.04243094 0.03530593 0.00903382
v 0.04242129 0.03521449 0.00908512
v 0.04345977 0.03602054 0.00778085
v 0.04250583 0.03601509 0.00756737
v 0.04250668 0.03602313 0.00765281
v 0.04311068 0.03520002 0.00916562
v 0.04242129 0.03521449 0.00908512
v 0.04306870 0.03498447 0.00924740
v 0.04345977 0.03602054 0.00778085
v 0.04250668 0.03602313 0.00765281
v 0.04342979 0.03601995 0.00795044
v 0.04313341 0.03530309 0.00911150
v 0.04244431 0.03543254 0.00894756
v 0.04243094 0.03530593 0.00903382
v 0.04347459 0.03601273 0.00769113
v 0.04250376 0.03599550 0.00744817
v 0.04250583 0.03601509 0.00756737
v 0.04313341 0.03530309 0.00911150
v 0.04243094 0.03530593 0.00903382
v 0.04311068 0.03520002 0.00916562
v 0.04347459 0.03601273 0.00769113
v 0.04250583 0.03601509 0.00756737
v 0.04345977 0.03602054 0.00778085
v 0.04316134 0.03541888 0.00903704
v 0.04245685 0.03555128 0.00884746
v 0.04244431 0.03543254 0.00894756
v 0.04349218 0.03599495 0.00757851
v 0.04249801 0.03594103 0.00725098
v 0.04250376 0.03599550 0.00744817
v 0.04316134 0.03541888 0.00903704
v 0.04244431 0.03543254 0.00894756
v 0.04313341 0.03530309 0.00911150
v 0.04349218 0.03599495 0.00757851
v 0.04250376 0.03599550 0.00744817
v 0.04347459 0.03601273 0.00769113
v 0.04319333 0.03553830 0.00894222
v 0.04245887 0.03557036 0.00882930
v 0.04245685 0.03555128 0.00884746
v 0.04352001 0.03594251 0.00738266
v 0.04249661 0.03592781 0.00721465
v 0.04249801 0.03594103 0.00725098
v 0.04319333 0.03553830 0.00894222
v 0.04245685 0.03555128 0.00884746
v 0.04316134 0.03541888 0.00903704
v 0.04320112 0.03556538 0.00891768
v 0.04246786 0.03565548 0.00873970
v 0.04245887 0.03557036 0.00882930
v 0.04352001 0.03594251 0.00738266
v 0.04249801 0.03594103 0.00725098
v 0.04349218 0.03599495 0.00757851
v 0.04352518 0.03592842 0.00734308
v 0.04248969 0.03586229 0.00706629
v 0.04249661 0.03592781 0.00721465
v 0.04245887 0.03557036 0.00882930
v 0.04352518 0.03592842 0.00734308
v 0.04249661 0.03592781 0.00721465
v 0.04352001 0.03594251 0.00738266
v 0.04322488 0.03564330 0.00883941
v 0.04248045 0.03577473 0.00858330
v 0.04246786 0.03565548 0.00873970
v 0.04354269 0.03586574 0.00719834
v 0.04247955 0.03576620 0.00690397
v 0.04248969 0.03586229 0.00706629
v 0.04354269 0.03586574 0.00719834
v 0.04248969 0.03586229 0.00706629
v 0.04352518 0.03592842 0.00734308
v 0.04322488 0.03564330 0.00883941
v 0.04246786 0.03565548 0.00873970
v 0.04320112 0.03556538 0.00891768
v 0.04289213 0.03554046 0.00665250
v 0.04247525 0.03572549 0.00684702
v 0.04247955 0.03576620 0.00690397
v 0.04289213 0.03554046 0.00665250
v 0.04246713 0.03564860 0.00675268
v 0.04247525 0.03572549 0.00684702
v 0.04289213 0.03554046 0.00665250
v 0.04246474 0.03562595 0.00672763
v 0.04246713 0.03564860 0.00675268
v 0.04289213 0.03554046 0.00665250
v 0.04245342 0.03551879 0.00662284
v 0.04246474 0.03562595 0.00672763
v 0.04355949 0.03577042 0.00703398
v 0.04247955 0.03576620 0.00690397
v 0.04354269 0.03586574 0.00719834
v 0.04326883 0.03576910 0.00868145
v 0.04248307 0.03579958 0.00854460
v 0.04248045 0.03577473 0.00858330
v 0.04355949 0.03577042 0.00703398
v 0.04289213 0.03554046 0.00665250
v 0.04247955 0.03576620 0.00690397
v 0.04356433 0.03573137 0.00697817
v 0.04289213 0.03554046 0.00665250
v 0.04355949 0.03577042 0.00703398
v 0.04357149 0.03565499 0.00688219
v 0.04289213 0.03554046 0.00665250
v 0.04356433 0.03573137 0.00697817
v 0.04326883 0.03576910 0.00868145
v 0.04248045 0.03577473 0.00858330
v 0.04322488 0.03564330 0.00883941
v 0.04327658 0.03578893 0.00865185
v 0.04249115 0.03587606 0.00840575
v 0.04248307 0.03579958 0.00854460
v 0.04357306 0.03563322 0.00685749
v 0.04289213 0.03554046 0.00665250
v 0.04357149 0.03565499 0.00688219
v 0.04357830 0.03552732 0.00675095
v 0.04289213 0.03554046 0.00665250
v 0.04357306 0.03563322 0.00685749
v 0.04327658 0.03578893 0.00865185
v 0.04331019 0.03586657 0.00851754
v 0.04249681 0.03592972 0.00828085
v 0.04249115 0.03587606 0.00840575
v 0.04331019 0.03586657 0.00851754
v 0.04249115 0.03587606 0.00840575
v 0.04327658 0.03578893 0.00865185
v 0.04334034 0.03592437 0.00838847
v 0.04249681 0.03592972 0.00828085
v 0.04331019 0.03586657 0.00851754
v 0.04334034 0.03592437 0.00838847
v 0.04249780 0.03593907 0.00825531
v 0.04249681 0.03592972 0.00828085
v 0.04334418 0.03593088 0.00837141
v 0.04250486 0.03600590 0.00799515
v 0.04249780 0.03593907 0.00825531
v 0.04222164 0.05422382 0.00687412
v 0.04113055 0.05427737 0.00692625
v 0.04223227 0.05432456 0.00674793
v 0.04221896 0.05419844 0.00691084
v 0.04114982 0.05413514 0.00713865
v 0.04113949 0.05419897 0.00703379
v 0.04221896 0.05419844 0.00691084
v 0.04113949 0.05419897 0.00703379
v 0.04222164 0.05422382 0.00687412
v 0.04221200 0.05413257 0.00701856
v 0.04115771 0.05409759 0.00721064
v 0.04114982 0.05413514 0.00713865
v 0.04221200 0.05413257 0.00701856
v 0.04114982 0.05413514 0.00713865
v 0.04221896 0.05419844 0.00691084
v 0.04220263 0.05404381 0.00720767
v 0.04117683 0.05403191 0.00736670
v 0.04115771 0.05409759 0.00721064
v 0.04230197 0.05498459 0.00631999
v 0.04112393 0.05480937 0.00650288
v 0.04113377 0.05498460 0.00643165
v 0.04220263 0.05404381 0.00720767
v 0.04115771 0.05409759 0.00721064
v 0.04221200 0.05413257 0.00701856
v 0.04220047 0.05402338 0.00726380
v 0.04117683 0.05403191 0.00736670
v 0.04220263 0.05404381 0.00720767
v 0.04220047 0.05402338 0.00726380
v 0.04118064 0.05402204 0.00739543
v 0.04117683 0.05403191 0.00736670
v 0.04191813 0.05392212 0.00784634
v 0.04121003 0.05397004 0.00759986
v 0.04118064 0.05402204 0.00739543
v 0.04191813 0.05392212 0.00784634
v 0.04121700 0.05396265 0.00764473
v 0.04121003 0.05397004 0.00759986
v 0.04191813 0.05392212 0.00784634
v 0.04123838 0.05394899 0.00777590
v 0.04121700 0.05396265 0.00764473
v 0.04191813 0.05392212 0.00784634
v 0.04124209 0.05394784 0.00779778
v 0.04123838 0.05394899 0.00777590
v 0.04191813 0.05392212 0.00784634
v 0.04126830 0.05394869 0.00794578
v 0.04124209 0.05394784 0.00779778
v 0.04191813 0.05392212 0.00784634
v 0.04118064 0.05402204 0.00739543
v 0.04220047 0.05402338 0.00726380
v 0.04219582 0.05397930 0.00742090
v 0.04191813 0.05392212 0.00784634
v 0.04220047 0.05402338 0.00726380
v 0.04228553 0.05482888 0.00637921
v 0.04112393 0.05480937 0.00650288
v 0.04230197 0.05498459 0.00631999
v 0.04219388 0.05396094 0.00751818
v 0.04191813 0.05392212 0.00784634
v 0.04219582 0.05397930 0.00742090
v 0.04228471 0.05482109 0.00638272
v 0.04111994 0.05468738 0.00656873
v 0.04112393 0.05480937 0.00650288
v 0.04219303 0.05395293 0.00757740
v 0.04191813 0.05392212 0.00784634
v 0.04219388 0.05396094 0.00751818
v 0.04219214 0.05394449 0.00782027
v 0.04191813 0.05392212 0.00784634
v 0.04219303 0.05395293 0.00757740
v 0.04228471 0.05482109 0.00638272
v 0.04112393 0.05480937 0.00650288
v 0.04228553 0.05482888 0.00637921
v 0.04226952 0.05467723 0.00645793
v 0.04111994 0.05468738 0.00656873
v 0.04228471 0.05482109 0.00638272
v 0.04226611 0.05464497 0.00647766
v 0.04111867 0.05457860 0.00664041
v 0.04111994 0.05468738 0.00656873
v 0.04226611 0.05464497 0.00647766
v 0.04111994 0.05468738 0.00656873
v 0.04226952 0.05467723 0.00645793
v 0.04224870 0.05448006 0.00659760
v 0.04112060 0.05444545 0.00674789
v 0.04111867 0.05457860 0.00664041
v 0.04224870 0.05448006 0.00659760
v 0.04111867 0.05457860 0.00664041
v 0.04226611 0.05464497 0.00647766
v 0.04224786 0.05447215 0.00660425
v 0.04112160 0.05441710 0.00677413
v 0.04112060 0.05444545 0.00674789
v 0.04224786 0.05447215 0.00660425
v 0.04112060 0.05444545 0.00674789
v 0.04224870 0.05448006 0.00659760
v 0.04223301 0.05433150 0.00674020
v 0.04112669 0.05432439 0.00687023
v 0.04112160 0.05441710 0.00677413
v 0.04223301 0.05433150 0.00674020
v 0.04112160 0.05441710 0.00677413
v 0.04224786 0.05447215 0.00660425
v 0.04223227 0.05432456 0.00674793
v 0.04113055 0.05427737 0.00692625
v 0.04112669 0.05432439 0.00687023
v 0.04223227 0.05432456 0.00674793
v 0.04112669 0.05432439 0.00687023
v 0.04223301 0.05433150 0.00674020
v 0.04222164 0.05422382 0.00687412
v 0.04113949 0.05419897 0.00703379
v 0.04113055 0.05427737 0.00692625
v 0.03943327 0.05436431 0.00772236
v 0.03870025 0.05443667 0.00825531
v 0.03866064 0.05448146 0.00819120
v 0.03943327 0.05436431 0.00772236
v 0.03861091 0.05454783 0.00810853
v 0.03935385 0.05451458 0.00753105
v 0.04017427 0.05481049 0.00681323
v 0.03913919 0.05498473 0.00724419
v 0.04027776 0.05498436 0.00668552
v 0.04017427 0.05481049 0.00681323
v 0.03929398 0.05468935 0.00737018
v 0.03913919 0.05498473 0.00724419
v 0.04017427 0.05481049 0.00681323
v 0.04027776 0.05498436 0.00668552
v 0.04111867 0.05457860 0.00664041
v 0.03952549 0.05425235 0.00792751
v 0.03870025 0.05443667 0.00825531
v 0.03943327 0.05436431 0.00772236
v 0.03952549 0.05425235 0.00792751
v 0.03879810 0.05435080 0.00840839
v 0.03870025 0.05443667 0.00825531
v 0.03952549 0.05425235 0.00792751
v 0.03882787 0.05433076 0.00845365
v 0.03879810 0.05435080 0.00840839
v 0.03913919 0.05498473 0.00724419
v 0.03847270 0.05482661 0.00785857
v 0.03842583 0.05498470 0.00776020
v 0.04019841 0.05456550 0.00698607
v 0.04111867 0.05457860 0.00664041
v 0.04112060 0.05444545 0.00674789
v 0.04019841 0.05456550 0.00698607
v 0.04112060 0.05444545 0.00674789
v 0.04112160 0.05441710 0.00677413
v 0.04019841 0.05456550 0.00698607
v 0.04112160 0.05441710 0.00677413
v 0.04112669 0.05432439 0.00687023
v 0.04019841 0.05456550 0.00698607
v 0.03929398 0.05468935 0.00737018
v 0.04017427 0.05481049 0.00681323
v 0.04019841 0.05456550 0.00698607
v 0.04017427 0.05481049 0.00681323
v 0.04111867 0.05457860 0.00664041
v 0.03962590 0.05418147 0.00813706
v 0.03893642 0.05427738 0.00861449
v 0.03882787 0.05433076 0.00845365
v 0.03962590 0.05418147 0.00813706
v 0.03896946 0.05426663 0.00866228
v 0.03893642 0.05427738 0.00861449
v 0.03962590 0.05418147 0.00813706
v 0.03902454 0.05425389 0.00874081
v 0.03896946 0.05426663 0.00866228
v 0.03962590 0.05418147 0.00813706
v 0.04014115 0.05409705 0.00827994
v 0.03978475 0.05414666 0.00844758
v 0.03962590 0.05418147 0.00813706
v 0.03882787 0.05433076 0.00845365
v 0.03952549 0.05425235 0.00792751
v 0.03902454 0.05425389 0.00874081
v 0.04023209 0.05439432 0.00715802
v 0.04112669 0.05432439 0.00687023
v 0.04113055 0.05427737 0.00692625
v 0.04023209 0.05439432 0.00715802
v 0.04113055 0.05427737 0.00692625
v 0.04113949 0.05419897 0.00703379
v 0.04023209 0.05439432 0.00715802
v 0.03929398 0.05468935 0.00737018
v 0.04019841 0.05456550 0.00698607
v 0.04023209 0.05439432 0.00715802
v 0.04019841 0.05456550 0.00698607
v 0.04112669 0.05432439 0.00687023
v 0.03935385 0.05451458 0.00753105
v 0.04027988 0.05424837 0.00736271
v 0.04113949 0.05419897 0.00703379
v 0.04114982 0.05413514 0.00713865
v 0.04027988 0.05424837 0.00736271
v 0.04114982 0.05413514 0.00713865
v 0.04115771 0.05409759 0.00721064
v 0.04027988 0.05424837 0.00736271
v 0.03943327 0.05436431 0.00772236
v 0.03935385 0.05451458 0.00753105
v 0.04027988 0.05424837 0.00736271
v 0.04023209 0.05439432 0.00715802
v 0.04113949 0.05419897 0.00703379
v 0.04023209 0.05439432 0.00715802
v 0.03978475 0.05414666 0.00844758
v 0.03911200 0.05424631 0.00886282
v 0.03902454 0.05425389 0.00874081
v 0.04033777 0.05414111 0.00758242
v 0.04115771 0.05409759 0.00721064
v 0.04117683 0.05403191 0.00736670
v 0.04033777 0.05414111 0.00758242
v 0.04117683 0.05403191 0.00736670
v 0.04118064 0.05402204 0.00739543
v 0.04033777 0.05414111 0.00758242
v 0.03943327 0.05436431 0.00772236
v 0.04027988 0.05424837 0.00736271
v 0.04112393 0.05480937 0.00650288
v 0.04027776 0.05498436 0.00668552
v 0.04113377 0.05498460 0.00643165
v 0.04033777 0.05414111 0.00758242
v 0.04027988 0.05424837 0.00736271
v 0.04115771 0.05409759 0.00721064
v 0.03952549 0.05425235 0.00792751
v 0.04040274 0.05407508 0.00780699
v 0.04123838 0.05394899 0.00777590
v 0.04050848 0.05404755 0.00814006
v 0.04040274 0.05407508 0.00780699
v 0.03952549 0.05425235 0.00792751
v 0.04033777 0.05414111 0.00758242
v 0.04040274 0.05407508 0.00780699
v 0.04118064 0.05402204 0.00739543
v 0.04121003 0.05397004 0.00759986
v 0.04040274 0.05407508 0.00780699
v 0.04121003 0.05397004 0.00759986
v 0.04121700 0.05396265 0.00764473
v 0.04111994 0.05468738 0.00656873
v 0.04027776 0.05498436 0.00668552
v 0.04112393 0.05480937 0.00650288
v 0.04040274 0.05407508 0.00780699
v 0.04121700 0.05396265 0.00764473
v 0.04123838 0.05394899 0.00777590
v 0.04040274 0.05407508 0.00780699
v 0.04050848 0.05404755 0.00814006
v 0.04014115 0.05409705 0.00827994
v 0.03962590 0.05418147 0.00813706
v 0.03962590 0.05418147 0.00813706
v 0.04040274 0.05407508 0.00780699
v 0.04033777 0.05414111 0.00758242
v 0.04118064 0.05402204 0.00739543
v 0.04111867 0.05457860 0.00664041
v 0.04027776 0.05498436 0.00668552
v 0.04111994 0.05468738 0.00656873
v 0.04124209 0.05394784 0.00779778
v 0.04126830 0.05394869 0.00794578
v 0.04050848 0.05404755 0.00814006
v 0.04124209 0.05394784 0.00779778
v 0.03929398 0.05468935 0.00737018
v 0.03852232 0.05470449 0.00795303
v 0.03847270 0.05482661 0.00785857
v 0.03929398 0.05468935 0.00737018
v 0.03847270 0.05482661 0.00785857
v 0.03913919 0.05498473 0.00724419
v 0.03935385 0.05451458 0.00753105
v 0.03853297 0.05468221 0.00797246
v 0.03852232 0.05470449 0.00795303
v 0.03935385 0.05451458 0.00753105
v 0.03861091 0.05454783 0.00810853
v 0.03853297 0.05468221 0.00797246
v 0.03935385 0.05451458 0.00753105
v 0.03852232 0.05470449 0.00795303
v 0.03929398 0.05468935 0.00737018
v 0.03943327 0.05436431 0.00772236
v 0.03866064 0.05448146 0.00819120
v 0.03861091 0.05454783 0.00810853
v 0.04784921 0.02553456 -0.01305529
v 0.04505146 0.02553456 -0.01779054
v 0.03955174 0.02553456 -0.01773525
v 0.04514723 0.02553456 -0.00826474
v 0.03684977 0.02553456 -0.01294471
v 0.03964751 0.02553456 -0.00820945
f 1 2 3
f 4 1 3
f 5 6 7
f 8 9 10
f 11 12 13
f 14 15 16
f 17 18 19
f 20 21 22
f 23 24 25
f 26 27 28
f 29 30 31
f 32 33 34
f 35 36 37
f 38 39 40
f 41 42 43
f 44 45 46
f 47 48 49
f 50 51 52
f 53 54 55
f 56 57 58
f 59 60 61
f 62 63 64
f 65 66 67
f 68 69 70
f 71 72 73
f 74 75 76
f 77 78 79
f 80 81 82
f 83 84 85
f 86 87 88
f 86 88 89
f 90 91 92
f 90 93 91
f 94 95 96
f 94 97 95
f 98 99 100
f 101 102 103
f 98 104 99
f 105 101 103
f 106 107 108
f 109 110 107
f 111 107 106
f 111 109 107
f 112 113 114
f 112 115 113
f 112 116 115
f 112 117 116
f 118 119 120
f 121 118 120
f 122 121 120
f 123 106 117
f 123 120 111
f 123 111 106
f 123 117 112
f 123 122 120
f 124 123 112
f 125 124 126
f 127 128 129
f 127 125 128
f 127 123 124
f 127 124 125
f 130 131 132
f 130 133 131
f 130 134 133
f 130 135 134
f 130 132 123
f 136 123 127
f 137 136 138
f 139 123 136
f 139 130 123
f 140 136 137
f 141 139 136
f 141 136 140
f 142 143 144
f 142 145 143
f 146 147 148
f 149 146 150
f 149 151 147
f 149 147 146
f 152 153 154
f 152 155 153
f 156 157 158
f 156 159 157
f 160 161 162
f 160 163 161
f 164 165 166
f 164 167 165
f 168 169 170
f 171 172 173
f 174 168 170
f 175 176 177
f 178 171 173
f 179 180 181
f 182 175 177
f 183 184 185
f 186 179 181
f 187 183 185
f 188 189 190
f 191 192 193
f 194 195 196
f 197 198 199
f 200 201 202
f 203 204 205
f 206 207 208
f 209 210 211
f 212 213 214
f 215 216 217
f 218 219 220
f 221 222 223
f 224 225 226
f 227 228 229
f 230 231 232
f 233 234 235
f 233 236 234
f 237 238 239
f 240 241 242
f 243 244 245
f 246 247 248
f 249 250 251
f 252 253 254
f 255 256 257
f 258 259 260
f 261 262 263
f 264 265 266
f 267 268 269
f 270 271 272
f 273 274 275
f 276 277 278
f 279 280 281
f 282 283 284
f 285 286 287
f 288 289 290
f 291 292 293
f 294 295 296
f 297 298 299
f 300 301 302
f 303 304 305
f 306 307 308
f 309 310 311
f 312 313 314
f 315 316 317
f 318 319 320
f 321 322 323
f 324 325 326
f 327 328 329
f 330 331 332
f 333 334 335
f 333 336 334
f 337 338 339
f 340 341 342
f 343 344 345
f 346 347 348
f 349 350 351
f 352 353 354
f 355 356 357
f 358 359 360
f 361 362 363
f 364 365 366
f 367 368 369
f 370 371 372
f 373 374 375
f 376 377 378
f 379 380 381
f 382 383 384
f 385 386 387
f 388 389 390
f 391 392 393
f 394 395 396
f 397 398 399
f 400 401 402
f 403 404 405
f 406 407 408
f 409 410 411
f 412 413 414
f 415 416 417
f 418 419 420
f 421 422 423
f 424 425 426
f 427 428 429
f 430 431 432
f 433 434 435
f 436 437 438
f 439 440 441
f 442 443 444
f 445 439 441
f 446 447 448
f 449 442 444
f 450 451 452
f 453 446 448
f 454 455 456
f 457 450 452
f 458 454 456
f 459 460 461
f 462 463 464
f 465 466 467
f 468 469 470
f 471 472 473
f 474 475 476
f 477 478 479
f 480 481 482
f 483 484 485
f 486 487 488
f 489 490 491
f 492 493 494
f 495 496 497
f 498 499 500
f 501 502 503
f 504 505 506
f 507 508 509
f 510 511 512
f 513 514 515
f 516 517 518
f 519 520 521
f 522 523 524
f 525 526 527
f 528 529 530
f 531 532 526
f 533 534 535
f 536 537 538
f 539 540 541
f 542 543 544
f 545 546 547
f 548 549 550
f 551 552 553
f 554 555 556
f 557 558 559
f 560 561 562
f 563 564 565
f 566 567 568
f 569 570 571
f 572 573 574
f 575 576 577
f 575 577 578
f 579 580 581
f 582 583 584
f 585 586 587
f 588 589 590
f 591 592 593
f 594 595 596
f 597 598 599
f 600 601 602
f 603 604 605
f 606 607 608
f 609 610 611
f 612 613 614
f 615 616 617
f 618 619 620
f 621 622 623
f 624 625 626
f 627 628 629
f 630 631 632
f 633 634 635
f 636 637 638
f 639 640 641
f 642 643 644
f 645 646 647
f 648 649 650
f 651 652 653
f 654 655 656
f 657 658 659
f 660 661 662
f 663 664 665
f 666 667 648
f 668 669 670
f 671 672 673
f 674 675 676
f 677 678 679
f 680 681 682
f 683 684 685
f 686 687 688
f 689 690 691
f 692 693 694
f 695 696 697
f 698 699 700
f 701 702 703
f 704 705 706
f 707 708 709
f 710 711 712
f 713 714 715
f 716 717 718
f 719 720 721
f 722 723 724
f 725 726 727
f 728 729 730
f 731 732 733
f 731 734 732
f 735 736 737
f 738 739 740
f 741 742 743
f 744 745 746
f 747 748 749
f 750 751 752
f 753 754 755
f 756 757 758
f 759 760 761
f 762 763 764
f 765 766 767
f 768 769 770
f 771 772 773
f 774 775 776
f 777 778 779
f 780 781 782
f 783 784 785
f 786 787 788
f 789 790 791
f 792 793 794
f 795 796 797
f 795 797 798
f 799 800 801
f 799 801 802
f 803 804 805
f 806 807 808
f 809 810 811
f 812 813 814
f 815 816 817
f 818 819 820
f 821 822 823
f 821 823 824
f 825 826 827
f 828 829 830
f 831 832 833
f 834 835 836
f 837 838 839
f 840 841 842
f 843 844 845
f 846 847 848
f 849 850 851
f 852 853 854
f 855 856 857
f 858 859 860
f 861 862 863
f 864 865 866
f 867 868 869
f 870 871 872
f 873 874 875
f 876 877 878
f 879 880 881
f 882 883 884
f 885 886 887
f 888 889 890
f 891 892 893
f 894 895 896
f 897 898 899
f 897 900 898
f 901 902 903
f 904 905 906
f 907 908 909
f 910 911 912
f 913 914 915
f 916 917 918
f 919 920 921
f 922 923 924
f 925 926 927
f 928 929 930
f 931 932 933
f 934 935 936
f 937 938 939
f 940 941 942
f 943 944 945
f 946 947 948
f 949 950 951
f 952 953 954
f 955 956 957
f 958 959 960
f 961 962 963
f 964 965 966
f 967 968 969
f 970 971 972
f 973 974 975
f 973 976 974
f 977 978 979
f 980 981 982
f 980 982 983
f 984 985 986
f 987 988 989
f 990 991 992
f 993 994 995
f 996 997 998
f 999 1000 1001
f 1002 1003 1004
f 1005 1006 1007
f 1008 1009 1010
f 1008 1010 1011
f 1012 1013 1014
f 1015 1016 1017
f 1018 1019 1020
f 1021 1022 1023
f 1024 1025 1026
f 1027 1028 1029
f 1030 1031 1032
f 1033 1034 1035
f 1033 1035 1036
f 1037 1038 1039
f 1037 1039 1040
f 1041 1042 1043
f 1044 1045 1046
f 1047 1048 1049
f 1050 1051 1052
f 1053 1054 1055
f 1056 1057 1058
f 1059 1060 1061
f 1059 1061 1062
f 1063 1064 1065
f 1066 1067 1068
f 1069 1070 1071
f 1072 1073 1074
f 1075 1076 1077
f 1078 1079 1080
f 1081 1082 1083
f 1084 1085 1086
f 1087 1088 1089
f 1090 1091 1092
f 1093 1094 1095
f 1096 1097 1098
f 1099 1100 1101
f 1102 1103 1104
f 1105 1106 1107
f 1108 1109 1110
f 1111 1112 1113
f 1114 1115 1116
f 1117 1118 1119
f 1120 1121 1122
f 1123 1124 1125
f 1126 1127 1128
f 1129 1130 1131
f 1132 1133 1134
f 1135 1136 1137
f 1135 1138 1136
f 1139 1140 1141
f 1142 1143 1144
f 1145 1146 1147
f 1148 1149 1150
f 1151 1152 1153
f 1154 1155 1156
f 1157 1158 1159
f 1160 1161 1162
f 1163 1164 1165
f 1166 1167 1168
f 1169 1170 1171
f 1172 1173 1174
f 1175 1176 1177
f 1178 1179 1180
f 1181 1182 1183
f 1184 1185 1186
f 1187 1188 1189
f 1190 1191 1192
f 1193 1194 1195
f 1196 1197 1198
f 1199 1200 1201
f 1202 1203 1204
f 1205 1206 1207
f 1208 1209 1210
f 1211 1212 1213
f 1214 1215 1216
f 1217 1218 1219
f 1220 1221 1222
f 1220 1222 1223
f 1224 1225 1226
f 1227 1228 1229
f 1230 1231 1232
f 1233 1234 1235
f 1233 1236 1234
f 1237 1238 1239
f 1240 1241 1242
f 1243 1244 1245
f 1246 1247 1248
f 1246 1248 1249
f 1250 1251 1252
f 1253 1254 1255
f 1256 1257 1258
f 1259 1260 1261
f 1262 1263 1264
f 1265 1266 1267
f 1268 1269 1270
f 1271 1272 1273
f 1271 1273 1274
f 1275 1276 1277
f 1278 1279 1280
f 1281 1282 1283
f 1284 1285 1286
f 1287 1288 1289
f 1290 1291 1292
f 1293 1294 1295
f 1296 1297 1298
f 1299 1300 1301
f 1299 1301 1302
f 1303 1304 1305
f 1306 1307 1308
f 1309 1310 1311
f 1312 1313 1314
f 1315 1316 1317
f 1318 1319 1320
f 1321 1322 1323
f 1324 1325 1326
f 1327 1328 1329
f 1330 1331 1332
f 1333 1334 1335
f 1336 1337 1338
f 1339 1340 1341
f 1342 1343 1344
f 1345 1346 1347
f 1348 1349 1350
f 1351 1352 1353
f 1354 1355 1356
f 1357 1358 1359
f 1360 1361 1362
f 1363 1364 1365
f 1366 1367 1368
f 1369 1370 1371
f 1372 1360 1362
f 1373 1374 1375
f 1373 1376 1374
f 1377 1378 1379
f 1380 1381 1382
f 1383 1384 1385
f 1386 1387 1388
f 1389 1390 1391
f 1392 1393 1394
f 1395 1396 1397
f 1398 1399 1400
f 1401 1402 1403
f 1404 1405 1406
f 1407 1408 1409
f 1410 1411 1412
f 1413 1414 1415
f 1416 1417 1418
f 1419 1420 1421
f 1422 1423 1424
f 1425 1426 1427
f 1428 1429 1430
f 1431 1432 1433
f 1434 1435 1436
f 1437 1438 1439
f 1440 1441 1442
f 1443 1444 1445
f 1446 1447 1448
f 1449 1450 1451
f 1452 1453 1454
f 1455 1456 1457
f 1458 1459 1460
f 1458 1460 1461
f 1462 1463 1464
f 1465 1466 1467
f 1468 1469 1470
f 1471 1472 1473
f 1474 1475 1476
f 1477 1478 1479
f 1480 1481 1482
f 1483 1484 1485
f 1486 1487 1488
f 1486 1488 1489
f 1490 1491 1492
f 1493 1494 1495
f 1496 1497 1498
f 1499 1500 1501
f 1502 1503 1504
f 1505 1506 1507
f 1508 1509 1510
f 1511 1512 1513
f 1511 1513 1514
f 1515 1516 1517
f 1518 1519 1520
f 1521 1522 1523
f 1524 1525 1526
f 1527 1528 1529
f 1530 1531 1532
f 1533 1534 1535
f 1536 1537 1538
f 1539 1540 1541
f 1539 1541 1542
f 1543 1544 1545
f 1546 1547 1548
f 1549 1550 1551
f 1552 1553 1554
f 1555 1556 1557
f 1558 1559 1560
f 1561 1562 1563
f 1564 1565 1566
f 1567 1568 1569
f 1570 1571 1572
f 1573 1574 1575
f 1576 1577 1578
f 1579 1580 1581
f 1582 1583 1584
f 1585 1586 1587
f 1588 1589 1590
f 1591 1592 1593
f 1594 1595 1596
f 1597 1598 1599
f 1600 1601 1602
f 1603 1604 1605
f 1606 1607 1608
f 1609 1610 1611
f 1612 1600 1602
f 1613 1614 1615
f 1613 1616 1614
f 1617 1618 1619
f 1620 1621 1622
f 1623 1624 1625
f 1626 1627 1628
f 1629 1630 1631
f 1632 1633 1634
f 1635 1636 1637
f 1638 1639 1640
f 1641 1642 1643
f 1644 1645 1646
f 1647 1648 1649
f 1650 1651 1652
f 1653 1654 1655
f 1656 1657 1658
f 1659 1660 1661
f 1662 1663 1664
f 1665 1666 1667
f 1668 1669 1670
f 1671 1672 1673
f 1674 1675 1676
f 1677 1678 1679
f 1680 1681 1682
f 1683 1684 1685
f 1686 1687 1688
f 1689 1690 1691
f 1692 1693 1694
f 1695 1696 1697
f 1698 1699 1700
f 1698 1701 1699
f 1702 1703 1704
f 1705 1706 1707
f 1708 1709 1710
f 1711 1712 1713
f 1714 1715 1716
f 1717 1718 1719
f 1720 1721 1722
f 1723 1724 1725
f 1726 1727 1728
f 1726 1728 1729
f 1730 1731 1732
f 1733 1734 1735
f 1736 1737 1738
f 1739 1740 1741
f 1742 1743 1744
f 1745 1746 1747
f 1748 1749 1750
f 1751 1752 1753
f 1754 1755 1756
f 1757 1758 1759
f 1760 1761 1762
f 1763 1764 1765
f 1766 1767 1768
f 1769 1770 1771
f 1772 1773 1774
f 1775 1776 1777
f 1778 1779 1780
f 1781 1782 1783
f 1784 1785 1786
f 1787 1788 1789
f 1790 1791 1792
f 1793 1794 1795
f 1796 1797 1798
f 1799 1800 1801
f 1802 1803 1804
f 1805 1806 1807
f 1808 1809 1810
f 1811 1812 1813
f 1814 1815 1816
f 1817 1818 1819
f 1820 1821 1822
f 1823 1824 1825
f 1826 1827 1828
f 1829 1830 1831
f 1832 1833 1834
f 1835 1836 1837
f 1838 1839 1840
f 1841 1842 1843
f 1844 1845 1846
f 1847 1848 1849
f 1850 1851 1852
f 1853 1854 1855
f 1856 1857 1858
f 1859 1860 1861
f 1862 1863 1864
f 1865 1866 1867
f 1868 1866 1865
f 1869 1870 1871
f 1872 1873 1874
f 1875 1876 1877
f 1878 1879 1880
f 1881 1882 1883
f 1884 1885 1886
f 1887 1888 1889
f 1890 1891 1892
f 1893 1894 1895
f 1896 1897 1898
f 1899 1900 1901
f 1902 1903 1904
f 1905 1906 1907
f 1908 1909 1910
f 1911 1912 1913
f 1914 1915 1916
f 1917 1918 1919
f 1920 1921 1922
f 1923 1924 1925
f 1926 1927 1928
f 1929 1930 1931
f 1932 1933 1934
f 1935 1936 1937
f 1938 1939 1940
f 1941 1942 1943
f 1944 1945 1946
f 1947 1948 1949
f 1950 1951 1952
f 1953 1954 1955
f 1956 1957 1958
f 1959 1960 1961
f 1962 1963 1964
f 1965 1966 1967
f 1968 1969 1970
f 1971 1972 1973
f 1974 1975 1976
f 1977 1978 1979
f 1980 1981 1982
f 1983 1984 1985
f 1986 1987 1988
f 1989 1990 1991
f 1992 1993 1994
f 1995 1996 1997
f 1998 1999 2000
f 1998 2001 1999
f 2002 2003 2004
f 2005 2006 2007
f 2008 2009 2010
f 2008 2011 2009
f 2012 2013 2014
f 2015 2016 2017
f 2018 2019 2020
f 2021 2022 2023
f 2024 2025 2026
f 2027 2028 2029
f 2030 2031 2032
f 2033 2034 2035
f 2030 2032 2036
f 2037 2038 2039
f 2040 2041 2042
f 2040 2043 2041
f 2044 2045 2046
f 2037 2039 2047
f 2048 2049 2050
f 2051 2052 2053
f 2048 2054 2049
f 2051 2053 2055
f 2056 2057 2058
f 2056 2058 2059
f 2060 2061 2062
f 2063 2064 2065
f 2066 2067 2068
f 2063 2065 2069
f 2066 2068 2070
f 2060 2062 2071
f 2072 2073 2074
f 2075 2076 2077
f 2078 2079 2080
f 2081 2082 2083
f 2072 2084 2073
f 2078 2080 2085
f 2075 2086 2076
f 2081 2083 2087
f 2088 2089 2090
f 2091 2092 2093
f 2094 2095 2096
f 2091 2093 2097
f 2098 2099 2100
f 2094 2101 2095
f 2098 2100 2102
f 2088 2090 2103
f 2104 2105 2106
f 2107 2108 2109
f 2104 2106 2110
f 2111 2112 2113
f 2107 2114 2108
f 2115 2116 2117
f 2115 2118 2116
f 2119 2120 2121
f 2111 2113 2122
f 2119 2121 2123
f 2124 2125 2126
f 2124 2126 2127
f 2128 2129 2130
f 2128 2130 2131
f 2132 2133 2134
f 2135 2136 2137
f 2132 2134 2138
f 2135 2139 2136
f 2140 2141 2142
f 2143 2144 2145
f 2146 2147 2148
f 2140 2142 2149
f 2150 2151 2152
f 2146 2148 2153
f 2154 2155 2156
f 2150 2157 2151
f 2143 2158 2144
f 2159 2160 2161
f 2159 2161 2162
f 2154 2163 2155
f 2164 2165 2166
f 2167 2168 2169
f 2164 2166 2170
f 2171 2172 2173
f 2174 2175 2176
f 2171 2177 2172
f 2178 2179 2180
f 2167 2169 2181
f 2174 2176 2182
f 2178 2180 2183
f 2184 2185 2186
f 2187 2188 2189
f 2187 2189 2190
f 2184 2191 2185
f 2192 2193 2194
f 2192 2194 2195
f 2196 2197 2198
f 2199 2200 2201
f 2196 2198 2202
f 2199 2201 2203
f 2204 2205 2206
f 2204 2206 2207
f 2208 2209 2210
f 2211 2212 2213
f 2214 2215 2216
f 2211 2213 2217
f 2214 2218 2215
f 2219 2220 2221
f 2208 2222 2209
f 2223 2224 2225
f 2219 2221 2226
f 2227 2228 2229
f 2230 2231 2232
f 2233 2234 2235
f 2227 2229 2236
f 2223 2225 2237
f 2230 2238 2231
f 2233 2235 2239
f 2240 2241 2242
f 2243 2244 2245
f 2246 2247 2248
f 2243 2245 2249
f 2246 2248 2250
f 2240 2251 2241
f 2252 2253 2254
f 2252 2254 2255
f 2256 2257 2258
f 2259 2260 2261
f 2262 2263 2264
f 2256 2258 2265
f 2259 2261 2266
f 2262 2267 2263
f 2268 2269 2270
f 2268 2270 2271
f 2272 2273 2274
f 2275 2276 2277
f 2278 2279 2280
f 2272 2274 2281
f 2282 2283 2284
f 2278 2285 2279
f 2282 2284 2286
f 2275 2277 2287
f 2288 2289 2290
f 2288 2290 2291
f 2292 2293 2294
f 2295 2296 2297
f 2298 2299 2300
f 2295 2297 2301
f 2298 2300 2302
f 2303 2304 2305
f 2292 2306 2293
f 2307 2308 2309
f 2307 2309 2310
f 2303 2311 2304
f 2312 2313 2314
f 2315 2316 2317
f 2315 2317 2318
f 2312 2319 2313
f 2320 2321 2322
f 2323 2324 2325
f 2320 2322 2326
f 2327 2328 2329
f 2327 2329 2330
f 2331 2332 2333
f 2331 2334 2332
f 2323 2325 2335
f 2336 2337 2338
f 2339 2340 2341
f 2336 2338 2342
f 2339 2341 2343
f 2344 2345 2346
f 2347 2348 2349
f 2350 2351 2352
f 2344 2353 2345
f 2347 2354 2348
f 2355 2356 2357
f 2355 2357 2358
f 2359 2360 2361
f 2359 2361 2362
f 2363 2364 2365
f 2366 2367 2368
f 2369 2046 2045
f 2366 2368 2370
f 2350 2371 2351
f 2372 2373 2374
f 2363 2375 2364
f 2376 2377 2378
f 2372 2374 2379
f 2380 2381 2382
f 2383 2384 2385
f 2380 2382 2386
f 2376 2378 2387
f 2027 2388 2028
f 2383 2385 2389
f 2033 2390 2034
f 2391 2392 2393
f 2393 2392 2394
f 2395 2396 2397
f 2398 2399 2400
f 2396 2401 2397
f 2402 2403 2404
f 2399 2405 2400
f 2406 2407 2408
f 2403 2409 2404
f 2410 2411 2412
f 2407 2413 2408
f 2414 2415 2416
f 2411 2417 2412
f 2418 2419 2420
f 2415 2421 2416
f 2422 2423 2424
f 2419 2425 2420
f 2426 2427 2428
f 2423 2429 2424
f 2430 2431 2432
f 2427 2433 2428
f 2434 2435 2436
f 2431 2437 2432
f 2435 2438 2436
f 2439 2440 2441
f 2442 2440 2439
f 2443 2444 2445
f 2446 2447 2448
f 2449 2450 2451
f 2452 2453 2454
f 2452 2455 2453
f 2456 2457 2458
f 2459 2460 2461
f 2446 2448 2462
f 2456 2463 2457
f 2459 2464 2460
f 2465 2466 2467
f 2465 2468 2466
f 2469 2470 2471
f 2469 2471 2472
f 2473 2474 2475
f 2476 2477 2478
f 2479 2480 2481
f 2476 2478 2482
f 2479 2481 2483
f 2473 2475 2484
f 2485 2486 2487
f 2488 2489 2490
f 2491 2492 2493
f 2494 2495 2496
f 2488 2490 2497
f 2485 2498 2486
f 2494 2499 2495
f 2500 2501 2502
f 2491 2503 2492
f 2504 2505 2506
f 2507 2508 2509
f 2500 2510 2501
f 2504 2511 2505
f 2507 2512 2508
f 2513 2514 2515
f 2516 2517 2518
f 2519 2520 2521
f 2513 2515 2522
f 2519 2521 2523
f 2524 2525 2526
f 2516 2518 2527
f 2524 2528 2525
f 2529 2530 2531
f 2532 2533 2534
f 2532 2534 2535
f 2529 2531 2536
f 2537 2538 2539
f 2537 2539 2540
f 2541 2542 2543
f 2544 2545 2546
f 2541 2543 2547
f 2548 2549 2550
f 2544 2551 2545
f 2552 2553 2554
f 2552 2554 2555
f 2548 2550 2556
f 2557 2558 2559
f 2560 2561 2562
f 2560 2562 2563
f 2564 2565 2566
f 2564 2566 2567
f 2557 2568 2558
f 2569 2570 2571
f 2569 2571 2572
f 2573 2574 2575
f 2576 2577 2578
f 2579 2580 2581
f 2576 2578 2582
f 2583 2584 2585
f 2573 2575 2586
f 2583 2587 2584
f 2579 2588 2580
f 2589 2590 2591
f 2592 2593 2594
f 2589 2591 2595
f 2592 2594 2596
f 2597 2598 2599
f 2597 2599 2600
f 2601 2602 2603
f 2604 2605 2606
f 2607 2608 2609
f 2601 2603 2610
f 2604 2611 2605
f 2612 2613 2614
f 2607 2615 2608
f 2616 2617 2618
f 2612 2614 2619
f 2620 2621 2622
f 2616 2618 2623
f 2624 2625 2626
f 2620 2622 2627
f 2624 2626 2628
f 2629 2630 2631
f 2632 2633 2634
f 2632 2634 2635
f 2636 2637 2638
f 2639 2640 2641
f 2636 2638 2642
f 2629 2643 2630
f 2639 2644 2640
f 2645 2646 2647
f 2648 2649 2650
f 2645 2647 2651
f 2648 2650 2652
f 2653 2654 2655
f 2656 2657 2658
f 2653 2659 2654
f 2660 2661 2662
f 2663 2664 2665
f 2660 2662 2666
f 2656 2658 2667
f 2668 2669 2670
f 2663 2665 2671
f 2668 2672 2669
f 2673 2674 2675
f 2676 2677 2678
f 2673 2679 2674
f 2680 2681 2682
f 2676 2683 2677
f 2684 2685 2686
f 2680 2682 2687
f 2688 2689 2690
f 2684 2686 2691
f 2692 2693 2694
f 2688 2690 2695
f 2696 2697 2698
f 2692 2699 2693
f 2696 2698 2700
f 2701 2702 2703
f 2704 2705 2706
f 2704 2707 2705
f 2701 2703 2708
f 2709 2710 2711
f 2712 2713 2714
f 2715 2716 2717
f 2709 2711 2718
f 2712 2719 2713
f 2720 2721 2722
f 2723 2724 2725
f 2726 2727 2728
f 2715 2717 2729
f 2730 2451 2450
f 2720 2731 2721
f 2732 2733 2734
f 2732 2734 2735
f 2736 2737 2738
f 2723 2739 2724
f 2740 2741 2742
f 2740 2742 2743
f 2726 2744 2727
f 2736 2745 2737
f 2746 2747 2748
f 2749 2750 2751
f 2746 2752 2747
f 2749 2751 2753
f 2754 2755 2756
f 2757 2758 2759
f 2760 2761 2762
f 2760 2762 2763
f 2754 2764 2755
f 2757 2765 2758
f 2766 2767 2768
f 2769 2770 2771
f 2766 2772 2767
f 2769 2771 2773
f 2774 2775 2776
f 2777 2778 2779
f 2774 2780 2775
f 2777 2781 2778
f 2782 2783 2784
f 2785 2786 2787
f 2788 2789 2790
f 2782 2791 2783
f 2785 2792 2786
f 2788 2790 2793
f 2794 2795 2796
f 2797 2798 2799
f 2794 2800 2795
f 2797 2801 2798
f 2802 2803 2804
f 2443 2805 2444
f 2802 2804 2806
f 2807 2808 2809
f 2810 2811 2812
f 2813 2814 2815
f 2816 2817 2818
f 2816 2818 2819
f 2820 2821 2822
f 2823 2824 2825
f 2826 2827 2828
f 2829 2830 2831
f 2813 2832 2814
f 2826 2828 2833
f 2820 2822 2834
f 2823 2835 2824
f 2836 2837 2838
f 2829 2839 2830
f 2840 2841 2842
f 2843 2844 2845
f 2846 2847 2848
f 2843 2845 2849
f 2850 2851 2852
f 2840 2853 2841
f 2846 2848 2854
f 2836 2855 2837
f 2856 2857 2858
f 2850 2859 2851
f 2856 2858 2860
f 2861 2862 2863
f 2864 2865 2866
f 2864 2867 2865
f 2868 2869 2870
f 2861 2871 2862
f 2872 2873 2874
f 2868 2875 2869
f 2876 2877 2878
f 2872 2879 2873
f 2876 2878 2880
f 2881 2882 2883
f 2884 2885 2886
f 2881 2883 2887
f 2884 2886 2888
f 2889 2890 2891
f 2889 2891 2892
f 2893 2894 2895
f 2896 2897 2898
f 2899 2900 2901
f 2896 2898 2902
f 2893 2903 2894
f 2899 2904 2900
f 2905 2906 2907
f 2908 2909 2910
f 2908 2911 2909
f 2912 2913 2914
f 2915 2916 2917
f 2918 2919 2920
f 2915 2917 2921
f 2905 2922 2906
f 2923 2924 2925
f 2918 2920 2926
f 2912 2914 2927
f 2928 2929 2930
f 2928 2930 2931
f 2923 2925 2932
f 2933 2934 2935
f 2933 2936 2934
f 2937 2938 2939
f 2940 2941 2942
f 2943 2944 2945
f 2940 2946 2941
f 2937 2947 2938
f 2948 2949 2950
f 2951 2952 2953
f 2943 2954 2944
f 2951 2955 2952
f 2948 2956 2949
f 2957 2958 2959
f 2957 2959 2960
f 2961 2962 2963
f 2964 2965 2966
f 2961 2963 2967
f 2964 2966 2968
f 2969 2970 2971
f 2969 2972 2970
f 2973 2974 2975
f 2976 2977 2978
f 2979 2980 2981
f 2979 2981 2982
f 2973 2983 2974
f 2984 2985 2986
f 2976 2987 2977
f 2988 2989 2990
f 2991 2992 2993
f 2994 2995 2996
f 2988 2990 2997
f 2991 2993 2998
f 2999 3000 3001
f 2999 3002 3000
f 3003 3004 3005
f 2984 2986 3006
f 2994 2996 3007
f 3008 3009 3010
f 3003 3011 3004
f 3008 3010 3012
f 3013 3014 3015
f 3013 3015 3016
f 3017 3018 3019
f 3020 3021 3022
f 3023 3024 3025
f 3017 3019 3026
f 3020 3027 3021
f 3023 3025 3028
f 3029 3030 3031
f 3032 3033 3034
f 3035 3036 3037
f 3032 3034 3038
f 3029 3039 3030
f 3040 3041 3042
f 3035 3037 3043
f 3044 3045 3046
f 3044 3046 3047
f 3040 3048 3041
f 3049 3050 3051
f 3049 3051 3052
f 3053 3054 3055
f 3056 3057 3058
f 3059 3060 3061
f 3056 3058 3062
f 3053 3063 3054
f 3064 3065 3066
f 3059 3067 3060
f 3068 3069 3070
f 3064 3066 3071
f 3072 3073 3074
f 3068 3075 3069
f 3076 3077 3078
f 3079 3080 3081
f 3072 3082 3073
f 3076 3078 3083
f 3079 3081 3084
f 3085 3086 3087
f 3085 3087 3088
f 3089 3090 3091
f 3092 3093 3094
f 3095 3096 3097
f 3089 3098 3090
f 3095 3097 3099
f 3092 3094 3100
f 3101 3102 3103
f 3104 3105 3106
f 3107 3108 3109
f 3101 3103 3110
f 3107 3111 3108
f 3104 3112 3105
f 3113 3114 3115
f 3116 3117 3118
f 3113 3115 3119
f 3120 3121 3122
f 3116 3123 3117
f 3124 3125 3126
f 3127 3128 3129
f 3120 3122 3130
f 3127 3129 3131
f 3124 3132 3125
f 3133 3134 3135
f 3133 3135 3136
f 3137 3138 3139
f 3140 3141 3142
f 3137 3143 3138
f 3140 3144 3141
f 3145 3146 3147
f 3148 3149 3150
f 3151 3152 3153
f 3148 3154 3149
f 3155 3156 3157
f 3151 3153 3158
f 3145 3147 3159
f 3155 3160 3156
f 3161 3162 3163
f 2810 2812 3164
f 3161 3165 3162
f 3166 3167 3168
f 2807 3169 2808
f 3166 3170 3167
f 3171 3172 3173
f 3171 3174 3172
f 3175 3176 3177
f 3175 3178 3176
f 3179 3180 3181
f 3179 3182 3180
f 3183 3184 3185
f 3183 3186 3184
f 3187 3188 3189
f 3187 3190 3188
f 3191 3192 3193
f 3191 3194 3192
f 3195 3196 3197
f 3195 3198 3196
f 3199 3200 3201
f 3199 3202 3200
f 3203 3204 3205
f 3203 3206 3204
f 3207 3208 3209
f 3207 3210 3208
f 3211 3212 3213
f 3211 3214 3212
f 3215 3216 3217
f 3215 3218 3216
f 3219 3220 3221
f 3219 3222 3220
f 3223 3224 3225
f 3226 3227 3228
f 3229 3230 3231
f 3223 3232 3224
f 3233 3234 3235
f 3229 3231 3236
f 3237 3238 3239
f 3233 3235 3240
f 3237 3241 3238
f 3242 3243 3244
f 3242 3245 3243
f 3246 3247 3248
f 3246 3249 3247
f 3250 3251 3252
f 3253 3254 3255
f 3250 3252 3256
f 3253 3257 3254
f 3258 3259 3260
f 3261 3262 3263
f 3258 3264 3259
f 3261 3265 3262
f 3266 3267 3268
f 3266 3269 3267
f 3270 3271 3272
f 3273 3274 3275
f 3270 3276 3271
f 3277 3278 3279
f 3277 3279 3280
f 3281 3282 3283
f 3273 3275 3284
f 3285 3286 3287
f 3288 3289 3290
f 3281 3291 3282
f 3285 3287 3292
f 3293 3294 3295
f 3293 3295 3296
f 3288 3297 3289
f 3298 3299 3300
f 3301 3302 3303
f 3298 3300 3304
f 3305 3306 3307
f 3301 3308 3302
f 3309 3310 3311
f 3305 3307 3312
f 3313 3314 3315
f 3313 3316 3314
f 3309 3317 3310
f 3318 3319 3320
f 3321 3322 3323
f 3321 3323 3324
f 3318 3320 3325
f 3326 3327 3328
f 3329 3330 3331
f 3326 3328 3332
f 3333 3334 3335
f 3336 3337 3338
f 3333 3339 3334
f 3336 3338 3340
f 3329 3331 3341
f 3342 3343 3344
f 3342 3344 3345
f 3346 3347 3348
f 3349 3350 3351
f 3349 3351 3352
f 3353 3354 3355
f 3356 3357 3358
f 3346 3348 3359
f 3353 3355 3360
f 3361 3362 3363
f 3364 3365 3366
f 3361 3363 3367
f 3368 3369 3370
f 3364 3371 3365
f 3368 3370 3372
f 3356 3373 3357
f 3374 3375 3376
f 3374 3377 3375
f 3378 3379 3380
f 3381 3382 3383
f 3384 3385 3386
f 3378 3380 3387
f 3381 3383 3388
f 3384 3389 3385
f 3390 3391 3392
f 3393 3394 3395
f 3390 3392 3396
f 3397 3398 3399
f 3397 3399 3400
f 3393 3401 3394
f 3402 3403 3404
f 3405 3406 3407
f 3408 3409 3410
f 3402 3404 3411
f 3405 3407 3412
f 3408 3410 3413
f 3414 3415 3416
f 3417 3418 3419
f 3420 3421 3422
f 3414 3416 3423
f 3424 3425 3426
f 3417 3419 3427
f 3428 3429 3430
f 3420 3422 3431
f 3424 3426 3432
f 3433 3434 3435
f 3428 3436 3429
f 3437 3438 3439
f 3437 3439 3440
f 3433 3441 3434
f 3442 3443 3444
f 3442 3444 3445
f 3446 3447 3448
f 3449 3450 3451
f 3446 3452 3447
f 3453 3454 3455
f 3449 3456 3450
f 3457 3458 3459
f 3453 3460 3454
f 3461 3462 3463
f 3464 3465 3466
f 3457 3467 3458
f 3468 3469 3470
f 3461 3463 3471
f 3472 3473 3474
f 3468 3470 3475
f 3464 3476 3465
f 3472 3477 3473
f 3478 3479 3480
f 3481 3482 3483
f 3478 3480 3484
f 3485 3486 3487
f 3481 3483 3488
f 3485 3489 3486
f 3490 3491 3492
f 3490 3493 3491
f 3494 3495 3496
f 3497 3498 3499
f 3494 3500 3495
f 3497 3501 3498
f 3502 3503 3504
f 3502 3505 3503
f 3506 3507 3508
f 3509 3510 3511
f 3512 3513 3514
f 3506 3508 3515
f 3516 3517 3518
f 3509 3519 3510
f 3512 3514 3520
f 3521 3522 3523
f 3516 3524 3517
f 3525 3526 3527
f 3521 3523 3528
f 3529 3530 3531
f 3525 3532 3526
f 3533 3534 3535
f 3536 3537 3538
f 3529 3539 3530
f 3536 3540 3537
f 3541 3542 3543
f 3544 3545 3546
f 3533 3547 3534
f 3544 3546 3548
f 3549 3550 3551
f 3552 3553 3554
f 3549 3551 3555
f 3556 3557 3558
f 3541 3559 3542
f 3560 3561 3562
f 3556 3563 3557
f 3560 3562 3564
f 3552 3565 3553
f 3566 3567 3568
f 3569 3570 3571
f 3566 3568 3572
f 3573 3574 3575
f 3573 3575 3576
f 3569 3577 3570
f 3578 3579 3580
f 3581 3582 3583
f 3578 3580 3584
f 3581 3585 3582
f 3226 3228 3586
f 3587 3588 3589
f 3590 3591 3592
f 3593 3594 3595
f 3593 3596 3594
f 3597 3598 3599
f 3590 3592 3600
f 3601 3602 3603
f 3604 3605 3606
f 3601 3607 3602
f 3608 3609 3610
f 3597 3599 3611
f 3612 3613 3614
f 3615 3616 3617
f 3615 3617 3618
f 3619 3605 3604
f 3612 3614 3620
f 3621 3622 3623
f 3624 3625 3626
f 3627 3628 3629
f 3624 3626 3630
f 3627 3629 3631
f 3621 3623 3632
f 3633 3634 3635
f 3633 3635 3636
f 3637 3638 3639
f 3640 3641 3642
f 3643 3644 3645
f 3637 3646 3638
f 3640 3642 3647
f 3643 3645 3648
f 3649 3650 3651
f 3652 3653 3654
f 3655 3656 3657
f 3649 3651 3658
f 3652 3654 3659
f 3660 3661 3662
f 3663 3664 3665
f 3660 3662 3666
f 3655 3657 3667
f 3668 3669 3670
f 3668 3671 3669
f 3663 3672 3664
f 3673 3674 3675
f 3676 3677 3678
f 3673 3679 3674
f 3680 3681 3682
f 3676 3683 3677
f 3684 3685 3686
f 3684 3687 3685
f 3680 3682 3688
f 3689 3690 3691
f 3692 3693 3694
f 3695 3696 3697
f 3695 3697 3698
f 3689 3691 3699
f 3700 3701 3702
f 3700 3702 3703
f 3704 3705 3706
f 3707 3708 3709
f 3704 3710 3705
f 3711 3712 3713
f 3711 3713 3714
f 3707 3715 3708
f 3716 3717 3718
f 3719 3720 3721
f 3722 3723 3724
f 3719 3725 3720
f 3716 3726 3717
f 3722 3727 3723
f 3728 3729 3730
f 3728 3731 3729
f 3732 3733 3734
f 3735 3736 3737
f 3738 3739 3740
f 3732 3741 3733
f 3735 3737 3742
f 3743 3744 3745
f 3738 3746 3739
f 3743 3745 3747
f 3748 3749 3750
f 3751 3752 3753
f 3754 3755 3756
f 3751 3753 3757
f 3754 3756 3758
f 3748 3759 3749
f 3760 3761 3762
f 3763 3764 3765
f 3763 3765 3766
f 3760 3762 3767
f 3768 3769 3770
f 3768 3770 3771
f 3772 3773 3774
f 3775 3776 3777
f 3775 3777 3778
f 3779 3780 3781
f 3782 3783 3784
f 3772 3785 3773
f 3782 3786 3783
f 3779 3781 3787
f 3788 3789 3790
f 3791 3792 3793
f 3794 3795 3796
f 3794 3796 3797
f 3798 3799 3800
f 3791 3801 3792
f 3788 3802 3789
f 3798 3800 3803
f 3804 3805 3806
f 3804 3807 3805
f 3808 3809 3810
f 3811 3812 3813
f 3811 3814 3812
f 3808 3815 3809
f 3816 3817 3818
f 3819 3820 3821
f 3816 3818 3822
f 3823 3824 3825
f 3819 3821 3826
f 3827 3828 3829
f 3827 3829 3830
f 3823 3825 3831
f 3832 3833 3834
f 3832 3834 3835
f 3836 3837 3838
f 3839 3840 3841
f 3842 3843 3844
f 3845 3692 3694
f 3839 3846 3840
f 3842 3844 3847
f 3836 3838 3848
f 3849 3850 3851
f 3852 3853 3854
f 3849 3851 3855
f 3856 3857 3858
f 3859 3860 3861
f 3852 3854 3862
f 3856 3858 3863
f 3859 3861 3864
f 3865 3866 3867
f 3868 3869 3870
f 3865 3867 3871
f 3868 3872 3869
f 3873 3874 3875
f 3876 3877 3878
f 3876 3878 3879
f 3873 3880 3874
f 3881 3882 3883
f 3884 3885 3886
f 3887 3888 3889
f 3881 3883 3890
f 3887 3891 3888
f 3892 3893 3894
f 3895 3896 3897
f 3884 3886 3898
f 3895 3899 3896
f 3900 3901 3902
f 3892 3903 3893
f 3904 3905 3906
f 3907 3908 3909
f 3900 3902 3910
f 3904 3911 3905
f 3912 3913 3914
f 3907 3915 3908
f 3916 3917 3918
f 3919 3920 3921
f 3916 3918 3922
f 3919 3921 3923
f 3924 3610 3609
f 3912 3925 3913
f 3926 3927 3928
f 3929 3930 3931
f 3926 3928 3932
f 3929 3931 3933
f 3934 3935 3936
f 3937 3938 3939
f 3940 3941 3942
f 3943 3944 3945
f 3934 3936 3946
f 3940 3942 3947
f 3937 3948 3938
f 3943 3949 3944
f 3587 3950 3588
f 3951 3952 3953
f 3951 3954 3952
f 3955 3956 3957
f 3955 3957 3958
f 3959 3960 3961
f 3962 3953 3963
f 3962 3951 3953
f 3964 3965 3960
f 3966 3967 3956
f 3966 3956 3955
f 3964 3960 3959
f 3968 3963 3969
f 3970 3961 3971
f 3970 3959 3961
f 3968 3962 3963
f 3972 3973 3965
f 3974 3975 3967
f 3972 3965 3964
f 3974 3967 3966
f 3976 3971 3977
f 3976 3970 3971
f 3978 3968 3969
f 3978 3969 3979
f 3980 3981 3975
f 3982 3983 3973
f 3980 3975 3974
f 3982 3973 3972
f 3984 3979 3985
f 3984 3978 3979
f 3986 3977 3987
f 3986 3976 3977
f 3988 3989 3981
f 3988 3981 3980
f 3990 3991 3983
f 3992 3985 3989
f 3990 3983 3982
f 3992 3984 3985
f 3992 3989 3988
f 3993 3987 3994
f 3993 3986 3987
f 3995 3991 3990
f 3996 3991 3995
f 3997 3994 3998
f 3997 3993 3994
f 3999 3996 3995
f 4000 3998 4001
f 4000 3997 3998
f 3954 3999 3952
f 3954 3996 3999
f 4002 4000 4001
f 3958 4002 4001
f 3957 4002 3958
f 4003 4004 4005
f 4005 4004 4006
f 4007 4008 4009
f 4010 4008 4007
f 4011 4012 4013
f 4014 4012 4011
f 4015 4016 4017
f 4018 4016 4015
f 4019 4020 4021
f 4022 4023 4024
f 4025 4020 4019
f 4023 4026 4024
f 4027 4028 4029
f 4030 4031 4032
f 4033 4028 4027
f 4031 4034 4032
f 4035 4036 4037
f 4038 4039 4040
f 4041 4036 4035
f 4042 4043 4044
f 4039 4045 4040
f 4046 4047 4048
f 4043 4049 4044
f 4047 4050 4048
f 4051 4052 4053
f 4054 4052 4051
f 4055 4056 4057
f 4058 4059 4060
f 4061 4062 4063
f 4064 4065 4066
f 4067 4068 4069
f 4055 4070 4056
f 4061 4063 4071
f 4064 4072 4065
f 4067 4069 4073
f 4074 4075 4076
f 4074 4077 4075
f 4078 4079 4080
f 4081 4082 4083
f 4078 4084 4079
f 4085 4086 4087
f 4088 4089 4090
f 4085 4087 4091
f 4081 4083 4092
f 4088 4090 4093
f 4094 4095 4096
f 4097 4098 4099
f 4100 4101 4102
f 4097 4099 4103
f 4104 4105 4106
f 4094 4107 4095
f 4100 4102 4108
f 4104 4106 4109
f 4110 4111 4112
f 4113 4114 4115
f 4110 4116 4111
f 4117 4118 4119
f 4113 4115 4120
f 4117 4121 4118
f 4122 4123 4124
f 4122 4124 4125
f 4126 4127 4128
f 4129 4130 4131
f 4129 4132 4130
f 4133 4134 4135
f 4126 4136 4127
f 4133 4135 4137
f 4138 4139 4140
f 4141 4142 4143
f 4138 4140 4144
f 4145 4146 4147
f 4141 4148 4142
f 4145 4147 4149
f 4150 4151 4152
f 4153 4154 4155
f 4156 4157 4158
f 4159 4160 4161
f 4156 4158 4162
f 4159 4161 4163
f 4153 4164 4154
f 4165 4166 4167
f 4150 4168 4151
f 4169 4170 4171
f 4169 4172 4170
f 4173 4174 4175
f 4176 4177 4178
f 4179 4180 4181
f 4173 4182 4174
f 4183 4184 4185
f 4186 4187 4188
f 4176 4189 4177
f 4179 4181 4190
f 4183 4191 4184
f 4186 4188 4192
f 4193 4194 4195
f 4196 4197 4198
f 4193 4195 4199
f 4196 4200 4197
f 4201 4202 4203
f 4204 4205 4206
f 4204 4207 4205
f 4208 4209 4210
f 4211 4212 4213
f 4201 4214 4202
f 4208 4210 4215
f 4211 4213 4216
f 4217 4218 4219
f 4220 4221 4222
f 4223 4224 4225
f 4220 4222 4226
f 4223 4225 4227
f 4228 4229 4230
f 4217 4219 4231
f 4232 4165 4167
f 4228 4230 4233
f 4234 4235 4236
f 4237 4238 4239
f 4240 4241 4242
f 4240 4242 4243
f 4234 4236 4244
f 4237 4245 4238
f 4246 4247 4248
f 4249 4250 4251
f 4252 4253 4254
f 4246 4255 4247
f 4256 4257 4258
f 4249 4251 4259
f 4260 4261 4262
f 4252 4263 4253
f 4260 4264 4261
f 4256 4265 4257
f 4266 4267 4268
f 4269 4270 4271
f 4272 4273 4274
f 4269 4271 4275
f 4266 4276 4267
f 4272 4274 4277
f 4278 4279 4280
f 4278 4281 4279
f 4282 4283 4284
f 4285 4286 4287
f 4282 4288 4283
f 4289 4290 4291
f 4292 4293 4294
f 4289 4295 4290
f 4285 4296 4286
f 4292 4294 4297
f 4298 4299 4300
f 4298 4300 4301
f 4302 4303 4304
f 4305 4306 4307
f 4305 4307 4308
f 4302 4304 4309
f 4310 4311 4312
f 4310 4312 4313
f 4314 4315 4316
f 4317 4318 4319
f 4314 4320 4315
f 4321 4322 4323
f 4324 4325 4326
f 4327 4328 4329
f 4317 4319 4330
f 4327 4329 4331
f 4324 4332 4325
f 4333 4334 4335
f 4336 4337 4338
f 4321 4339 4322
f 4340 4341 4342
f 4343 4060 4059
f 4344 4345 4346
f 4333 4335 4347
f 4348 4349 4350
f 4348 4350 4351
f 4340 4352 4341
f 4344 4353 4345
f 4336 4354 4337
f 4355 4356 4357
f 4355 4358 4356
f 4359 4360 4361
f 4362 4363 4364
f 4359 4365 4360
f 4366 4367 4368
f 4369 4370 4371
f 4366 4368 4372
f 4362 4364 4373
f 4369 4374 4370
f 4375 4376 4377
f 4378 4379 4380
f 4378 4380 4381
f 4375 4382 4376
f 4383 4384 4385
f 4386 4387 4388
f 4386 4389 4387
f 4383 4390 4384
f 4391 4392 4393
f 4394 4395 4396
f 4394 4396 4397
f 4398 4399 4400
f 4398 4401 4399
f 4391 4393 4402
f 4403 4404 4405
f 4406 4407 4408
f 4403 4409 4404
f 4410 4411 4412
f 4406 4413 4407
f 4414 4415 4416
f 4414 4417 4415
f 4410 4418 4411
f 4419 4420 4421
f 4422 4423 4424
f 4422 4425 4423
f 4419 4421 4426
f 4427 4428 4429
f 4430 4431 4432
f 4430 4432 4433
f 4434 4435 4436
f 4437 4438 4439
f 4440 4441 4442
f 4427 4429 4443
f 4437 4439 4444
f 4434 4436 4445
f 4446 4447 4448
f 4449 4450 4451
f 4452 4453 4454
f 4455 4456 4457
f 4452 4454 4458
f 4455 4457 4459
f 4446 4460 4447
f 4440 4461 4441
f 4462 4463 4464
f 4449 4451 4465
f 4462 4464 4466
f 4467 4468 4469
f 4470 4471 4472
f 4470 4472 4473
f 4474 4475 4476
f 4467 4477 4468
f 4478 4479 4480
f 4478 4480 4481
f 4474 4476 4482
f 4483 4484 4485
f 4483 4485 4486
f 4487 4488 4489
f 4490 4491 4492
f 4490 4492 4493
f 4494 4495 4496
f 4487 4489 4497
f 4494 4496 4498
f 4499 4500 4501
f 4502 4503 4504
f 4502 4504 4505
f 4506 4507 4508
f 4499 4509 4500
f 4506 4510 4507
f 4511 4512 4513
f 4514 4515 4516
f 4517 4518 4519
f 4520 4521 4522
f 4523 4524 4525
f 4520 4522 4526
f 4517 4527 4518
f 4511 4513 4528
f 4523 4525 4529
f 4514 4530 4515
f 4531 4532 4533
f 4534 4535 4536
f 4537 4538 4539
f 4534 4536 4540
f 4531 4533 4541
f 4537 4542 4538
f 4543 4544 4545
f 4546 4547 4548
f 4543 4549 4544
f 4550 4551 4552
f 4546 4548 4553
f 4550 4552 4554
f 4555 4556 4557
f 4558 4559 4560
f 4561 4562 4563
f 4555 4564 4556
f 4558 4560 4565
f 4566 4567 4568
f 4561 4563 4569
f 4570 4571 4572
f 4566 4573 4567
f 4574 4575 4576
f 4570 4572 4577
f 4574 4576 4578
f 4579 4580 4581
f 4582 4583 4584
f 4585 4586 4587
f 4582 4584 4588
f 4589 4590 4591
f 4579 4592 4580
f 4585 4593 4586
f 4589 4591 4594
f 4595 4596 4597
f 4598 4599 4600
f 4601 4602 4603
f 4601 4604 4602
f 4605 4606 4607
f 4608 4609 4610
f 4598 4600 4611
f 4595 4597 4612
f 4605 4607 4613
f 4614 4615 4616
f 4617 4618 4619
f 4614 4620 4615
f 4608 4621 4609
f 4622 4623 4624
f 4617 4619 4625
f 4626 4627 4628
f 4622 4624 4629
f 4626 4630 4627
f 4631 4632 4633
f 4631 4633 4634
f 4635 4636 4637
f 4638 4639 4640
f 4635 4641 4636
f 4638 4640 4642
f 4643 4644 4645
f 4646 4647 4648
f 4643 4649 4644
f 4646 4648 4650
f 4651 4652 4653
f 4651 4653 4654
f 4655 4656 4657
f 4655 4657 4658
f 4659 4660 4661
f 4662 4663 4664
f 4659 4661 4665
f 4662 4666 4663
f 4667 4668 4669
f 4670 4671 4672
f 4667 4669 4673
f 4670 4672 4674
f 4675 4676 4677
f 4678 4679 4680
f 4678 4680 4681
f 4675 4682 4676
f 4683 4684 4685
f 4686 4687 4688
f 4686 4688 4689
f 4690 4691 4692
f 4693 4694 4695
f 4683 4685 4696
f 4697 4698 4699
f 4690 4700 4691
f 4693 4695 4701
f 4702 4703 4704
f 4697 4705 4698
f 4702 4704 4706
f 4707 4708 4709
f 4710 4711 4712
f 4707 4709 4713
f 4714 4715 4716
f 4714 4717 4715
f 4718 4719 4720
f 4718 4720 4721
f 4710 4712 4722
f 4723 4724 4725
f 4726 4727 4728
f 4723 4729 4724
f 4726 4728 4730
f 4731 4732 4733
f 4734 4735 4736
f 4731 4733 4737
f 4734 4736 4738
f 4739 4740 4741
f 4742 4743 4744
f 4742 4744 4745
f 4746 4747 4748
f 4746 4748 4749
f 4739 4741 4750
f 4751 4752 4753
f 4754 4755 4756
f 4754 4757 4755
f 4758 4759 4760
f 4751 4753 4761
f 4762 4763 4764
f 4758 4760 4765
f 4762 4766 4763
f 4767 4768 4769
f 4770 4771 4772
f 4773 4774 4775
f 4776 4777 4778
f 4770 4772 4779
f 4773 4780 4774
f 4767 4781 4768
f 4776 4782 4777
f 4783 4784 4785
f 4786 4783 4785
f 4787 4788 4789
f 4787 4790 4788
f 4791 4792 4793
f 4791 4794 4792
f 4795 4796 4797
f 4795 4798 4796
f 4799 4800 4801
f 4799 4802 4800
f 4803 4804 4805
f 4803 4806 4804
f 4807 4808 4809
f 4807 4810 4808
f 4811 4812 4813
f 4811 4814 4812
f 4815 4816 4817
f 4818 4819 4820
f 4818 4821 4819
f 4822 4815 4817
f 4823 4824 4825
f 4823 4826 4824
f 4827 4828 4829
f 4830 4831 4832
f 4830 4833 4831
f 4834 4827 4829
f 4835 4836 4837
f 4838 4839 4840
f 4838 4840 4841
f 4842 4843 4844
f 4845 4846 4843
f 4845 4843 4842
f 4847 4848 4849
f 4847 4837 4848
f 4850 4844 4851
f 4847 4835 4837
f 4852 4853 4839
f 4850 4842 4844
f 4852 4839 4838
f 4854 4846 4845
f 4855 4847 4849
f 4856 4851 4857
f 4858 4859 4853
f 4856 4850 4851
f 4858 4853 4852
f 4860 4861 4846
f 4862 4849 4863
f 4862 4855 4849
f 4860 4846 4854
f 4864 4865 4859
f 4866 4857 4867
f 4864 4859 4858
f 4866 4856 4857
f 4868 4863 4869
f 4868 4862 4863
f 4870 4871 4861
f 4872 4873 4865
f 4870 4861 4860
f 4872 4865 4864
f 4874 4869 4873
f 4874 4868 4869
f 4874 4873 4872
f 4875 4867 4876
f 4875 4866 4867
f 4877 4878 4871
f 4877 4871 4870
f 4879 4876 4880
f 4879 4875 4876
f 4881 4882 4878
f 4881 4878 4877
f 4883 4880 4884
f 4883 4879 4880
f 4885 4882 4881
f 4836 4882 4885
f 4886 4883 4884
f 4837 4836 4885
f 4841 4886 4884
f 4840 4886 4841
f 4887 4888 4889
f 4890 4891 4892
f 4887 4889 4893
f 4894 4895 4896
f 4897 4898 4899
f 4897 4899 4900
f 4901 4902 4903
f 4904 4905 4906
f 4901 4903 4907
f 4904 4908 4905
f 4909 4910 4911
f 4912 4913 4914
f 4915 4916 4917
f 4915 4917 4918
f 4912 4914 4919
f 4909 4920 4910
f 4921 4922 4923
f 4924 4925 4926
f 4921 4927 4922
f 4928 4929 4930
f 4928 4931 4929
f 4924 4926 4932
f 4933 4934 4935
f 4936 4937 4938
f 4933 4935 4939
f 4940 4941 4942
f 4936 4943 4937
f 4944 4945 4946
f 4947 4948 4949
f 4940 4950 4941
f 4947 4951 4948
f 4944 4952 4945
f 4953 4954 4955
f 4956 4957 4958
f 4953 4959 4954
f 4960 4961 4962
f 4960 4962 4963
f 4964 4965 4966
f 4964 4966 4967
f 4968 4969 4970
f 4956 4958 4971
f 4972 4973 4974
f 4972 4974 4975
f 4976 4977 4978
f 4968 4979 4969
f 4980 4981 4982
f 4976 4978 4983
f 4980 4982 4984
f 4985 4986 4987
f 4988 4989 4990
f 4991 4992 4993
f 4991 4994 4992
f 4988 4990 4995
f 4985 4987 4996
f 4997 4998 4999
f 5000 5001 5002
f 4997 4999 5003
f 5004 5005 5006
f 5004 5006 5007
f 5000 5008 5001
f 5009 5010 5011
f 5009 5011 5012
f 5013 5014 5015
f 5016 5017 5018
f 5019 5020 5021
f 5016 5022 5017
f 5023 5024 5025
f 5013 5015 5026
f 5019 5027 5020
f 5023 5028 5024
f 5029 5030 5031
f 5032 5033 5034
f 5035 5036 5037
f 5035 5037 5038
f 5029 5031 5039
f 5040 5041 5042
f 5032 5043 5033
f 5040 5042 5044
f 5045 5046 5047
f 5048 5049 5050
f 5048 5051 5049
f 5045 5047 5052
f 5053 5054 5055
f 5053 5055 5056
f 5057 5058 5059
f 5060 5061 5062
f 5063 5064 5065
f 5066 5067 5068
f 5060 5069 5061
f 5063 5065 5070
f 5071 5072 5073
f 5057 5059 5074
f 5075 5076 5077
f 5066 5078 5067
f 5079 5080 5081
f 5075 5082 5076
f 5079 5081 5083
f 5071 5073 5084
f 5085 5086 5087
f 5088 5089 5090
f 5085 5087 5091
f 5088 5092 5089
f 5093 5094 5095
f 5096 5097 5098
f 5099 5100 5101
f 5096 5102 5097
f 5103 5104 5105
f 5093 5106 5094
f 5099 5101 5107
f 5108 5109 5110
f 5111 5112 5113
f 5114 5115 5116
f 5103 5105 5117
f 5118 5119 5120
f 5114 5121 5115
f 5111 5122 5112
f 5118 5123 5119
f 5108 5110 5124
f 5125 5126 5127
f 5125 5127 5128
f 5129 5130 5131
f 5129 5132 5130
f 5133 5134 5135
f 5136 5137 5138
f 5136 5139 5137
f 5133 5135 5140
f 5141 5142 5143
f 5141 5144 5142
f 5145 5146 5147
f 5145 5148 5146
f 5149 5150 5151
f 5152 5153 5154
f 5149 5151 5155
f 5152 5154 5156
f 5157 5158 5159
f 5157 5159 5160
f 5161 5162 5163
f 5164 5165 5166
f 5167 5168 5169
f 5170 5171 5172
f 5167 5169 5173
f 5164 5166 5174
f 5170 5175 5171
f 5161 5163 5176
f 5177 5178 5179
f 5177 5179 5180
f 5181 5182 5183
f 5184 5185 5186
f 5187 5188 5189
f 5184 5190 5185
f 5181 5191 5182
f 5192 5193 5194
f 5192 5194 5195
f 5196 5197 5198
f 5199 5200 5201
f 5187 5189 5202
f 5199 5201 5203
f 5204 5205 5206
f 5207 5208 5209
f 5210 5211 5212
f 5213 5214 5215
f 5207 5209 5216
f 5204 5206 5217
f 5196 5218 5197
f 5210 5212 5219
f 5220 5221 5222
f 5213 5223 5214
f 5224 5225 5226
f 5227 5228 5229
f 5220 5230 5221
f 5227 5229 5231
f 5232 5233 5234
f 5224 5235 5225
f 5232 5234 5236
f 5237 5238 5239
f 5240 5241 5242
f 5237 5243 5238
f 5244 5245 5246
f 5240 5247 5241
f 4890 5248 4891
f 5244 5246 5249
f 4894 4896 5250
f 5251 5252 5253
f 5251 5254 5252
f 5255 5256 5257
f 5258 5259 5260
f 5261 5262 5263
f 5264 5265 5266
f 5267 5268 5269
f 5270 5271 5272
f 5273 5274 5275
f 5276 5277 5278
f 5279 5280 5281
f 5282 5283 5284
f 5285 5286 5287
f 5288 5289 5290
f 5291 5292 5293
f 5294 5295 5296
f 5297 5298 5299
f 5300 5301 5302
f 5303 5304 5305
f 5306 5307 5308
f 5309 5310 5311
f 5312 5313 5314
f 5315 5316 5317
f 5318 5319 5320
f 5321 5322 5323
f 5324 5325 5326
f 5327 5328 5329
f 5330 5331 5332
f 5333 5334 5335
f 5336 5337 5338
f 5339 5336 5340
f 5339 5341 5337
f 5339 5337 5336
f 5342 5343 5344
f 5342 5345 5343
f 5342 5346 5345
f 5342 5347 5346
f 5348 5349 5350
f 5351 5349 5348
f 5352 5349 5351
f 5353 5349 5352
f 5354 5349 5353
f 5355 5349 5354
f 5356 5349 5355
f 5357 5358 5359
f 5360 5357 5359
f 5361 5360 5359
f 5362 5359 5342
f 5362 5344 5341
f 5362 5339 5349
f 5362 5342 5344
f 5362 5341 5339
f 5362 5349 5356
f 5362 5361 5359
f 5363 5362 5356
f 5364 5365 5366
f 5364 5367 5365
f 5364 5368 5367
f 5364 5363 5368
f 5364 5362 5363
f 5369 5362 5364
f 5369 5370 5371
f 5369 5371 5372
f 5369 5372 5362
f 5373 5370 5369
f 5374 5373 5369
f 5375 5376 5377
f 5378 5379 5380
f 5381 5375 5377
f 5382 5383 5384
f 5385 5378 5380
f 5386 5387 5388
f 5389 5382 5384
f 5390 5391 5392
f 5393 5386 5388
f 5394 5390 5392
f 5395 5396 5397
f 5395 5397 5398
f 5395 5398 5399
f 5400 5395 5399
f 5401 5402 5403
f 5404 5402 5401
f 5405 5406 5407
f 5408 5406 5405
f 5409 5410 5411
f 5412 5410 5409
f 5413 5414 5415
f 5416 5414 5413
f 5417 5418 5419
f 5420 5418 5417
f 5421 5422 5423
f 5424 5425 5426
f 5427 5428 5429
f 5430 5431 5432
f 5433 5434 5435
f 5436 5437 5438
f 5439 5440 5441
f 5442 5443 5444
f 5445 5446 5447
f 5448 5449 5450
f 5451 5452 5453
f 5454 5455 5456
f 5457 5458 5459
f 5460 5461 5462
f 5463 5464 5465
f 5466 5467 5468
f 5466 5469 5467
f 5470 5471 5472
f 5473 5474 5475
f 5476 5477 5478
f 5479 5480 5481
f 5482 5483 5484
f 5485 5486 5487
f 5488 5489 5490
f 5491 5492 5493
f 5494 5495 5496
f 5497 5498 5499
f 5500 5501 5502
f 5503 5504 5505
f 5506 5507 5508
f 5509 5510 5511
f 5512 5513 5514
f 5515 5516 5517
f 5518 5519 5520
f 5521 5522 5523
f 5524 5525 5526
f 5527 5528 5529
f 5530 5531 5532
f 5533 5534 5535
f 5536 5537 5538
f 5539 5540 5541
f 5542 5543 5544
f 5545 5546 5547
f 5548 5549 5550
f 5551 5552 5553
f 5554 5555 5556
f 5557 5558 5559
f 5560 5561 5562
f 5563 5564 5565
f 5566 5567 5568
f 5569 5570 5571
f 5572 5573 5574
f 5575 5576 5577
f 5578 5579 5580
f 5581 5582 5583
f 5584 5585 5586
f 5587 5588 5589
f 5590 5591 5592
f 5593 5594 5595
f 5596 5597 5598
f 5599 5600 5601
f 5602 5603 5604
f 5605 5606 5607
f 5608 5609 5610
f 5611 5612 5613
f 5614 5615 5616
f 5617 5618 5619
f 5617 5620 5618
f 5621 5622 5623
f 5624 5625 5626
f 5627 5628 5629
f 5630 5631 5632
f 5633 5634 5635
f 5636 5637 5638
f 5639 5640 5641
f 5642 5643 5644
f 5645 5646 5647
f 5648 5649 5650
f 5651 5652 5653
f 5654 5655 5656
f 5657 5658 5659
f 5660 5661 5662
f 5663 5664 5665
f 5666 5667 5668
f 5669 5670 5671
f 5672 5673 5674
f 5675 5676 5677
f 5678 5679 5680
f 5681 5682 5683
f 5684 5685 5686
f 5687 5688 5689
f 5690 5691 5692
f 5693 5694 5695
f 5696 5697 5698
f 5699 5700 5701
f 5702 5703 5704
f 5705 5706 5707
f 5708 5709 5710
f 5711 5712 5713
f 5714 5715 5716
f 5717 5718 5719
f 5720 5721 5722
f 5723 5724 5725
f 5726 5727 5728
f 5729 5730 5731
f 5732 5733 5734
f 5735 5736 5737
f 5738 5739 5740
f 5741 5742 5743
f 5744 5745 5746
f 5747 5748 5749
f 5750 5751 5752
f 5753 5754 5755
f 5756 5757 5758
f 5759 5760 5761
f 5762 5763 5764
f 5765 5766 5767
f 5768 5762 5764
f 5769 5770 5771
f 5772 5765 5767
f 5773 5774 5775
f 5776 5769 5771
f 5777 5778 5779
f 5780 5773 5775
f 5781 5777 5779
f 5782 5783 5784
f 5782 5784 5785
f 5786 5787 5788
f 5786 5788 5789
f 5790 5791 5792
f 5793 5794 5795
f 5796 5797 5798
f 5799 5800 5801
f 5802 5803 5804
f 5805 5806 5807
f 5808 5809 5810
f 5808 5810 5811
f 5812 5813 5814
f 5815 5816 5817
f 5818 5819 5820
f 5821 5822 5823
f 5824 5825 5826
f 5827 5828 5829
f 5830 5831 5832
f 5833 5834 5835
f 5836 5837 5838
f 5839 5840 5841
f 5842 5843 5844
f 5845 5846 5847
f 5848 5849 5850
f 5851 5852 5853
f 5854 5855 5856
f 5857 5858 5859
f 5860 5861 5862
f 5863 5864 5865
f 5866 5867 5868
f 5869 5870 5871
f 5872 5873 5874
f 5875 5876 5877
f 5878 5879 5880
f 5881 5869 5871
f 5882 5883 5884
f 5882 5885 5883
f 5886 5887 5888
f 5889 5890 5891
f 5892 5893 5894
f 5895 5896 5897
f 5898 5899 5900
f 5901 5902 5903
f 5904 5905 5906
f 5907 5908 5909
f 5910 5911 5912
f 5913 5914 5915
f 5916 5917 5918
f 5919 5920 5921
f 5922 5923 5924
f 5925 5926 5927
f 5928 5929 5930
f 5931 5932 5933
f 5934 5935 5936
f 5937 5938 5939
f 5940 5941 5942
f 5943 5944 5945
f 5946 5947 5948
f 5949 5950 5951
f 5952 5953 5954
f 5955 5956 5957
f 5958 5959 5960
f 5961 5962 5963
f 5964 5965 5966
f 5967 5968 5969
f 5967 5969 5970
f 5971 5972 5973
f 5974 5975 5976
f 5977 5978 5979
f 5980 5981 5982
f 5983 5984 5985
f 5986 5987 5988
f 5989 5990 5991
f 5992 5993 5994
f 5995 5996 5997
f 5995 5997 5998
f 5999 6000 6001
f 6002 6003 6004
f 6005 6006 6007
f 6008 6009 6010
f 6011 6012 6013
f 6014 6015 6016
f 6017 6018 6019
f 6020 6021 6022
f 6020 6022 6023
f 6024 6025 6026
f 6024 6026 6027
f 6028 6029 6030
f 6031 6032 6033
f 6034 6035 6036
f 6037 6038 6039
f 6040 6041 6042
f 6043 6044 6045
f 6046 6047 6048
f 6046 6048 6049
f 6050 6051 6052
f 6053 6054 6055
f 6056 6057 6058
f 6059 6060 6061
f 6062 6063 6064
f 6065 6066 6067
f 6068 6069 6070
f 6071 6072 6073
f 6074 6075 6076
f 6077 6078 6079
f 6080 6081 6082
f 6083 6084 6085
f 6086 6087 6088
f 6089 6090 6091
f 6092 6093 6094
f 6095 6096 6097
f 6098 6099 6100
f 6101 6102 6103
f 6104 6105 6106
f 6107 6108 6109
f 6110 6111 6112
f 6113 6114 6115
f 6116 6117 6118
f 6119 6107 6109
f 6120 6121 6122
f 6120 6123 6121
f 6124 6125 6126
f 6127 6128 6129
f 6130 6131 6132
f 6133 6134 6135
f 6136 6137 6138
f 6139 6140 6141
f 6142 6143 6144
f 6145 6146 6147
f 6148 6149 6150
f 6151 6152 6153
f 6154 6155 6156
f 6157 6158 6159
f 6160 6161 6162
f 6163 6164 6165
f 6166 6167 6168
f 6169 6170 6171
f 6172 6173 6174
f 6175 6176 6177
f 6178 6179 6180
f 6181 6182 6183
f 6184 6185 6186
f 6187 6188 6189
f 6190 6191 6192
f 6193 6194 6195
f 6196 6197 6198
f 6199 6200 6201
f 6202 6203 6204
f 6205 6206 6207
f 6205 6208 6206
f 6209 6210 6211
f 6212 6213 6214
f 6215 6216 6217
f 6218 6219 6220
f 6221 6222 6223
f 6224 6225 6226
f 6227 6228 6229
f 6230 6231 6232
f 6233 6234 6235
f 6233 6235 6236
f 6237 6238 6239
f 6240 6241 6242
f 6243 6244 6245
f 6246 6247 6248
f 6249 6250 6251
f 6252 6253 6254
f 6255 6256 6257
f 6258 6259 6260
f 6261 6262 6263
f 6264 6265 6266
f 6267 6268 6269
f 6270 6271 6272
f 6273 6274 6275
f 6276 6277 6278
f 6279 6280 6281
f 6282 6283 6284
f 6285 6286 6287
f 6288 6289 6290
f 6291 6292 6293
f 6294 6295 6296
f 6297 6298 6299
f 6300 6301 6302
f 6303 6304 6305
f 6306 6307 6308
f 6309 6310 6311
f 6312 6313 6314
f 6315 6316 6317
f 6315 6317 6318
f 6319 6320 6321
f 6322 6323 6324
f 6325 6326 6327
f 6328 6329 6330
f 6331 6332 6333
f 6334 6335 6336
f 6337 6338 6339
f 6340 6341 6342
f 6343 6344 6345
f 6346 6347 6348
f 6349 6350 6351
f 6352 6353 6354
f 6355 6356 6357
f 6358 6359 6360
f 6361 6362 6363
f 6364 6365 6366
f 6367 6368 6369
f 6370 6371 6372
f 6373 6374 6375
f 6376 6374 6373
f 6377 6378 6379
f 6380 6381 6382
f 6383 6384 6385
f 6386 6387 6388
f 6389 6390 6391
f 6392 6393 6394
f 6395 6396 6397
f 6398 6399 6400
f 6401 6402 6403
f 6404 6405 6406
f 6407 6408 6409
f 6410 6411 6412
f 6413 6414 6415
f 6416 6417 6418
f 6419 6420 6421
f 6422 6423 6424
f 6425 6426 6427
f 6428 6429 6430
f 6431 6432 6433
f 6434 6435 6436
f 6437 6438 6439
f 6440 6441 6442
f 6443 6444 6445
f 6446 6447 6448
f 6449 6450 6451
f 6452 6453 6454
f 6455 6456 6457
f 6458 6459 6460
f 6461 6462 6463
f 6464 6465 6466
f 6467 6468 6469
f 6470 6471 6472
f 6473 6474 6475
f 6476 6477 6478
f 6479 6480 6481
f 6482 6483 6484
f 6485 6486 6487
f 6488 6489 6490
f 6491 6492 6493
f 6494 6495 6496
f 6497 6498 6499
f 6500 6501 6502
f 6503 6504 6505
f 6506 6507 6508
f 6509 6510 6511
f 6512 6513 6514
f 6515 6516 6517
f 6518 6519 6520
f 6521 6522 6523
f 6524 6525 6526
f 6527 6528 6529
f 6530 6531 6532
f 6533 6534 6535
f 6536 6537 6538
f 6539 6540 6541
f 6542 6543 6544
f 6545 6546 6540
f 6547 6548 6549
f 6550 6551 6552
f 6553 6554 6555
f 6556 6557 6558
f 6559 6560 6561
f 6562 6563 6564
f 6565 6566 6567
f 6568 6569 6570
f 6571 6572 6573
f 6574 6575 6576
f 6577 6578 6579
f 6580 6581 6582
f 6583 6584 6585
f 6586 6587 6588
f 6589 6590 6591
f 6589 6591 6592
f 6593 6594 6595
f 6596 6597 6598
f 6599 6600 6601
f 6602 6603 6604
f 6605 6606 6607
f 6608 6609 6610
f 6611 6612 6613
f 6614 6615 6616
f 6617 6618 6619
f 6620 6621 6622
f 6623 6624 6625
f 6626 6627 6628
f 6629 6630 6631
f 6632 6633 6634
f 6635 6636 6637
f 6638 6639 6640
f 6641 6642 6643
f 6644 6645 6646
f 6647 6648 6649
f 6650 6651 6652
f 6653 6654 6655
f 6656 6657 6658
f 6659 6660 6661
f 6662 6663 6664
f 6665 6666 6667
f 6668 6669 6670
f 6671 6672 6673
f 6674 6675 6676
f 6677 6678 6679
f 6680 6681 6682
f 6683 6684 6685
f 6686 6687 6688
f 6689 6690 6691
f 6692 6693 6694
f 6695 6696 6697
f 6698 6699 6700
f 6701 6702 6703
f 6704 6705 6706
f 6707 6708 6709
f 6710 6711 6712
f 6713 6714 6715
f 6716 6717 6718
f 6719 6720 6721
f 6722 6723 6724
f 6725 6726 6727
f 6728 6729 6730
f 6731 6732 6733
f 6734 6735 6736
f 6737 6738 6739
f 6740 6741 6742
f 6743 6744 6745
f 6746 6747 6748
f 6749 6750 6751
f 6752 6753 6754
f 6755 6756 6757
f 6758 6759 6760
f 6761 6762 6763
f 6764 6765 6766
f 6767 6768 6769
f 6770 6771 6772
f 6773 6774 6775
f 6776 6777 6778
f 6779 6780 6781
f 6782 6783 6784
f 6785 6786 6787
f 6788 6789 6790
f 6791 6792 6793
f 6794 6795 6796
f 6797 6798 6799
f 6800 6801 6802
f 6803 6804 6805
f 6806 6807 6808
f 6809 6810 6811
f 6812 6813 6814
f 6815 6816 6817
f 6818 6819 6820
f 6818 6820 6821
f 6822 6823 6824
f 6825 6826 6827
f 6828 6829 6830
f 6831 6832 6833
f 6834 6835 6836
f 6837 6838 6839
f 6840 6841 6842
f 6840 6842 6843
f 6844 6845 6846
f 6847 6848 6849
f 6850 6851 6852
f 6853 6854 6855
f 6856 6857 6858
f 6859 6860 6861
f 6862 6863 6864
f 6865 6866 6867
f 6868 6869 6870
f 6871 6872 6873
f 6874 6875 6876
f 6877 6878 6879
f 6880 6881 6882
f 6883 6884 6885
f 6886 6887 6888
f 6889 6890 6891
f 6892 6893 6894
f 6895 6896 6897
f 6898 6899 6900
f 6901 6902 6903
f 6904 6905 6906
f 6907 6908 6909
f 6910 6911 6912
f 6913 6901 6903
f 6914 6915 6916
f 6914 6917 6915
f 6918 6919 6920
f 6921 6922 6923
f 6924 6925 6926
f 6927 6928 6929
f 6930 6931 6932
f 6933 6934 6935
f 6936 6937 6938
f 6939 6940 6941
f 6942 6943 6944
f 6945 6946 6947
f 6948 6949 6950
f 6951 6952 6953
f 6954 6955 6956
f 6957 6958 6959
f 6960 6961 6962
f 6963 6964 6965
f 6966 6967 6968
f 6969 6970 6971
f 6972 6973 6974
f 6975 6976 6977
f 6978 6979 6980
f 6981 6982 6983
f 6984 6985 6986
f 6987 6988 6989
f 6990 6991 6992
f 6993 6994 6995
f 6996 6997 6998
f 6999 7000 7001
f 6999 7002 7000
f 7003 7004 7005
f 7006 7007 7008
f 7009 7010 7011
f 7012 7013 7014
f 7015 7016 7017
f 7018 7019 7020
f 7021 7022 7023
f 7024 7025 7026
f 7027 7028 7029
f 7027 7029 7030
f 7031 7032 7033
f 7034 7035 7036
f 7037 7038 7039
f 7040 7041 7042
f 7043 7044 7045
f 7046 7047 7048
f 7049 7050 7051
f 6815 7052 6816
f 7053 7054 7055
f 7053 7055 7056
f 7057 7058 7059
f 7060 7061 7062
f 7063 7064 7065
f 7066 7067 7068
f 7069 7070 7071
f 7072 7073 7074
f 7075 7076 7077
f 7078 7079 7080
f 7081 7082 7083
f 7081 7083 7084
f 7085 7086 7087
f 7088 7089 7090
f 7091 7092 7093
f 7094 7095 7096
f 7097 7098 7099
f 7100 7101 7102
f 7103 7104 7105
f 7106 7107 7108
f 7109 7110 7111
f 7112 7113 7114
f 7115 7116 7117
f 7118 7119 7120
f 7121 7122 7123
f 7124 7125 7126
f 7127 7128 7129
f 7130 7131 7132
f 7133 7134 7135
f 7136 7137 7138
f 7139 7140 7141
f 7142 7143 7144
f 7145 7146 7147
f 7148 7149 7150
f 7151 7152 7153
f 7154 7142 7144
f 7155 7156 7157
f 7155 7158 7156
f 7159 7160 7161
f 7162 7163 7164
f 7165 7166 7167
f 7168 7169 7170
f 7171 7172 7173
f 7174 7175 7176
f 7177 7178 7179
f 7180 7181 7182
f 7183 7184 7185
f 7186 7187 7188
f 7189 7190 7191
f 7192 7193 7194
f 7195 7196 7197
f 7198 7199 7200
f 7201 7202 7203
f 7204 7205 7206
f 7207 7208 7209
f 7210 7211 7212
f 7213 7214 7215
f 7216 7217 7218
f 7219 7220 7221
f 7222 7223 7224
f 7225 7226 7227
f 7228 7229 7230
f 7231 7232 7233
f 7234 7235 7236
f 7237 7238 7239
f 7240 7241 7242
f 7240 7243 7241
f 7244 7245 7246
f 7247 7248 7249
f 7250 7251 7252
f 7253 7254 7255
f 7256 7257 7258
f 7259 7260 7261
f 7262 7263 7264
f 7265 7266 7267
f 7268 7269 7270
f 7268 7270 7271
f 7272 7273 7274
f 7275 7276 7277
f 7278 7279 7280
f 7281 7282 7283
f 7284 7285 7286
f 7287 7288 7289
f 7290 7291 7292
f 7293 7294 7295
f 7295 7294 7296
f 7297 7298 7299
f 7300 7298 7297
f 7301 7302 7303
f 7304 7302 7301
f 7305 7306 7307
f 7308 7306 7305
f 7309 7310 7311
f 7312 7310 7309
f 7313 7314 7315
f 7316 7314 7313
f 7317 7318 7319
f 7320 7318 7317
f 7321 7322 7323
f 7324 7322 7321
f 7325 7326 7327
f 7328 7326 7325
f 7329 7330 7331
f 7332 7330 7329
f 7333 7334 7335
f 7336 7334 7333
f 7337 7338 7339
f 7340 7338 7337
f 7341 7342 7343
f 7344 7342 7341
f 7345 7346 7347
f 7347 7346 7348
f 7349 7350 7351
f 7352 7350 7349
f 7353 7354 7355
f 7356 7354 7353
f 7357 7358 7359
f 7360 7358 7357
f 7361 7362 7363
f 7364 7362 7361
f 7365 7366 7367
f 7368 7366 7365
f 7369 7370 7371
f 7372 7370 7369
f 7373 7374 7375
f 7376 7374 7373
f 7377 7378 7379
f 7380 7378 7377
f 7381 7382 7383
f 7384 7382 7381
f 7385 7386 7387
f 7388 7386 7385
f 7389 7390 7391
f 7392 7390 7389
f 7393 7394 7395
f 7396 7394 7393
f 7397 7398 7399
f 7400 7401 7402
f 7403 7401 7400
f 7404 7405 7406
f 7407 7408 7409
f 7410 7408 7407
f 7411 7412 7413
f 7414 7412 7411
f 7415 7416 7417
f 7418 7416 7415
f 7419 7420 7421
f 7422 7420 7419
f 7423 7424 7425
f 7426 7424 7423
f 7427 7428 7429
f 7430 7428 7427
f 7431 7432 7433
f 7434 7432 7431
f 7435 7436 7437
f 7438 7439 7440
f 7441 7439 7438
f 7442 7443 7444
f 7436 7445 7437
f 7446 7447 7448
f 7443 7449 7444
f 7450 7451 7452
f 7447 7453 7448
f 7451 7454 7452
f 7455 7456 7457
f 7458 7459 7460
f 7456 7461 7457
f 7462 7463 7464
f 7465 7466 7467
f 7467 7466 7468
f 7469 7470 7471
f 7472 7470 7469
f 7473 7474 7475
f 7476 7474 7473
f 7477 7478 7479
f 7480 7478 7477
f 7481 7482 7483
f 7484 7482 7481
f 7485 7486 7487
f 7488 7486 7485
f 7489 7490 7491
f 7492 7490 7489
f 7493 7494 7495
f 7496 7494 7493
f 7497 7498 7499
f 7500 7498 7497
f 7501 7502 7503
f 7504 7502 7501
f 7505 7506 7507
f 7508 7506 7505
f 7509 7510 7511
f 7512 7510 7509
f 7513 7514 7515
f 7516 7514 7513
f 7517 7518 7519
f 7519 7518 7520
f 7521 7522 7523
f 7524 7522 7521
f 7525 7526 7527
f 7528 7526 7525
f 7529 7530 7531
f 7532 7530 7529
f 7533 7534 7535
f 7536 7534 7533
f 7537 7538 7539
f 7540 7538 7537
f 7541 7542 7543
f 7544 7542 7541
f 7545 7546 7547
f 7548 7546 7545
f 7549 7550 7551
f 7552 7550 7549
f 7553 7554 7555
f 7556 7554 7553
f 7557 7558 7559
f 7560 7558 7557
f 7561 7562 7563
f 7564 7562 7561
f 7565 7566 7567
f 7568 7566 7565
f 7569 7570 7571
f 7569 7572 7570
f 7573 7574 7575
f 7573 7576 7574
f 7577 7578 7579
f 7577 7580 7578
f 7581 7582 7583
f 7581 7584 7582
f 7585 7586 7587
f 7585 7588 7586
f 7589 7590 7591
f 7589 7592 7590
f 7593 7594 7595
f 7593 7596 7594
f 7597 7598 7599
f 7597 7600 7598
f 7601 7602 7603
f 7601 7604 7602
f 7605 7606 7607
f 7605 7608 7606
f 7609 7610 7611
f 7609 7612 7610
f 7613 7614 7615
f 7616 7617 7618
f 7613 7619 7614
f 7620 7616 7618
f 7621 7622 7623
f 7624 7625 7626
f 7627 7628 7629
f 7621 7630 7622
f 7624 7626 7631
f 7632 7633 7634
f 7635 7636 7637
f 7638 7639 7640
f 7638 7640 7641
f 7627 7629 7642
f 7635 7637 7643
f 7644 7645 7646
f 7632 7634 7647
f 7648 7649 7650
f 7651 7652 7653
f 7648 7654 7649
f 7655 7656 7657
f 7658 7659 7660
f 7661 7662 7663
f 7658 7660 7664
f 7655 7657 7665
f 7644 7666 7645
f 7661 7663 7667
f 7668 7669 7670
f 7671 7672 7673
f 7674 7653 7652
f 7668 7675 7669
f 7671 7673 7676
f 7677 7678 7679
f 7680 7681 7682
f 7677 7679 7683
f 7680 7684 7681
f 7685 7686 7687
f 7685 7687 7688
f 7689 7690 7691
f 7689 7691 7692
f 7693 7694 7695
f 7696 7697 7698
f 7696 7698 7699
f 7693 7695 7700
f 7701 7702 7703
f 7704 7705 7706
f 7707 7708 7709
f 7701 7703 7710
f 7704 7711 7705
f 7707 7712 7708
f 7713 7714 7715
f 7716 7717 7718
f 7719 7720 7721
f 7722 7723 7724
f 7725 7726 7727
f 7716 7728 7717
f 7713 7729 7714
f 7722 7730 7723
f 7725 7727 7731
f 7732 7733 7734
f 7719 7721 7735
f 7732 7734 7736
f 7737 7738 7739
f 7737 7740 7738
f 7741 7742 7743
f 7741 7744 7742
f 7745 7746 7747
f 7745 7748 7746
f 7749 7750 7751
f 7752 7753 7754
f 7755 7756 7757
f 7755 7758 7756
f 7759 7760 7761
f 7762 7763 7764
f 7762 7765 7763
f 7749 7766 7750
f 7759 7767 7760
f 7768 7769 7770
f 7768 7770 7771
f 7772 7773 7774
f 7775 7776 7777
f 7772 7774 7778
f 7779 7780 7781
f 7775 7777 7782
f 7779 7783 7780
f 7784 7785 7786
f 7787 7788 7789
f 7790 7791 7792
f 7790 7792 7793
f 7784 7794 7785
f 7795 7796 7797
f 7787 7798 7788
f 7795 7797 7799
f 7800 7801 7802
f 7803 7804 7805
f 7800 7802 7806
f 7803 7805 7807
f 7808 7809 7810
f 7811 7812 7813
f 7811 7813 7814
f 7815 7816 7817
f 7818 7819 7820
f 7808 7821 7809
f 7818 7820 7822
f 7823 7824 7825
f 7815 7826 7816
f 7823 7825 7827
f 7828 7829 7830
f 7831 7832 7833
f 7834 7835 7836
f 7831 7837 7832
f 7834 7836 7838
f 7828 7830 7839
f 7840 7841 7842
f 7843 7844 7845
f 7843 7845 7846
f 7847 7848 7849
f 7840 7850 7841
f 7847 7849 7851
f 7852 7853 7854
f 7852 7854 7855
f 7856 7857 7858
f 7856 7859 7857
f 7860 7861 7862
f 7860 7862 7863
f 7864 7865 7866
f 7867 7868 7869
f 7870 7871 7872
f 7867 7869 7873
f 7874 7875 7876
f 7864 7877 7865
f 7878 7879 7880
f 7870 7881 7871
f 7874 7876 7882
f 7878 7883 7879
f 7884 7885 7886
f 7887 7888 7889
f 7890 7891 7892
f 7893 7894 7895
f 7884 7896 7885
f 7887 7889 7897
f 7890 7892 7898
f 7893 7899 7894
f 7900 7901 7902
f 7903 7752 7754
f 7900 7902 7904
f 7905 7906 7907
f 7908 7909 7910
f 7905 7907 7911
f 7912 7913 7914
f 7908 7910 7915
f 7912 7916 7913
f 7917 7918 7919
f 7920 7921 7922
f 7917 7919 7923
f 7920 7922 7924
f 7925 7926 7927
f 7925 7928 7926
f 7929 7930 7931
f 7932 7933 7934
f 7929 7931 7935
f 7936 7937 7938
f 7932 7934 7939
f 7936 7940 7937
f 7941 7942 7943
f 7944 7945 7946
f 7944 7946 7947
f 7948 7949 7950
f 7941 7943 7951
f 7948 7950 7952
f 7953 7954 7955
f 7956 7957 7958
f 7956 7959 7957
f 7960 7961 7962
f 7960 7962 7963
f 7964 7965 7966
f 7964 7967 7965
f 7953 7955 7968
f 7969 7970 7971
f 7972 7973 7974
f 7975 7976 7977
f 7978 7979 7980
f 7975 7981 7976
f 7978 7982 7979
f 7969 7983 7970
f 7972 7984 7973
f 7985 7986 7987
f 7985 7988 7986
f 7989 7988 7985
f 7990 7989 7985
f 7990 7985 7991
f 7990 7992 7989
f 7993 7992 7990
f 7994 7995 7996
f 7994 7997 7995
f 7998 7994 7999
f 8000 8001 8002
f 8003 8000 8002
f 8003 8002 8004
f 8005 8001 8000
f 8006 8004 8007
f 8006 8003 8004
f 8008 7997 7994
f 8008 7994 7998
f 8008 8009 7997
f 8010 8001 8005
f 8011 8007 8012
f 8011 8006 8007
f 8013 8001 8010
f 8014 8009 8008
f 8015 8012 8016
f 8015 8011 8012
f 8017 8001 8013
f 8018 7993 7990
f 8018 8009 8014
f 8018 7990 8009
f 8019 8020 8021
f 8019 8016 8020
f 8019 8015 8016
f 8022 8021 7993
f 8022 8019 8021
f 8023 7993 8018
f 8024 7993 8023
f 8024 8022 7993
f 8025 8026 8027
f 8028 8027 8029
f 8028 8025 8027
f 8030 8026 8025
f 8030 8031 8022
f 8030 8022 8024
f 8030 8024 8026
f 8032 8028 8029
f 8032 8029 8033
f 8034 8031 8030
f 8034 8035 8031
f 8036 8032 8033
f 8037 8035 8034
f 8037 8038 8035
f 8039 8036 8033
f 8039 8033 8040
f 8041 8042 8038
f 8041 8038 8037
f 8043 8039 8040
f 8044 8045 8042
f 8044 8042 8041
f 8046 8043 8040
f 8046 8047 8048
f 8046 8040 8047
f 8049 8050 8045
f 8049 8045 8044
f 8051 8046 8048
f 8051 8048 8052
f 8053 8050 8049
f 8054 8051 8052
f 8055 8056 8051
f 8055 8051 8054
f 8057 8056 8055
f 8058 8059 8056
f 8058 8060 8059
f 8058 8061 8060
f 8058 8056 8057
f 8062 8063 8064
f 8062 8017 8063
f 8062 8001 8017
f 8065 8066 8067
f 8065 8064 8066
f 8065 8062 8064
f 8068 8069 8070
f 8068 8071 8069
f 8068 8072 8071
f 8068 8067 8072
f 8068 8065 8067
f 8073 8062 8065
f 8073 8074 8075
f 8073 8076 8074
f 8073 8075 8062
f 8077 8076 8073
f 8078 8077 8073
f 8079 8053 8080
f 8079 8050 8053
f 8079 8081 8050
f 8079 8070 8081
f 8079 8068 8070
f 8082 8083 8061
f 8082 8084 8083
f 8082 8085 8084
f 8082 8061 8058
f 8086 8085 8082
f 8087 8088 8089
f 8087 8080 8088
f 8087 8079 8080
f 8090 8091 8085
f 8090 8085 8086
f 8092 8087 8089
f 8093 8091 8090
f 8094 8089 8091
f 8094 8092 8089
f 8094 8091 8093
f 8095 8096 8097
f 8097 8096 8098
f 8099 8100 8101
f 8102 8100 8099
f 8103 8104 8105
f 8106 8104 8103
f 8107 8108 8109
f 8110 8108 8107
f 8111 8112 8113
f 8114 8112 8111
f 8115 8116 8117
f 8118 8116 8115
f 8119 8120 8121
f 8122 8120 8119
f 8123 8124 8125
f 8126 8124 8123
f 8127 8128 8129
f 8130 8128 8127
f 8131 8132 8133
f 8134 8132 8131
f 8135 8136 8137
f 8138 8136 8135
f 8139 8140 8141
f 8142 8140 8139
f 8143 8144 8145
f 8146 8144 8143
f 8147 8148 8149
f 8149 8148 8150
f 8151 8152 8153
f 8154 8152 8151
f 8155 8156 8157
f 8158 8156 8155
f 8159 8160 8161
f 8162 8160 8159
f 8163 8164 8165
f 8166 8164 8163
f 8167 8168 8169
f 8170 8168 8167
f 8171 8172 8173
f 8174 8172 8171
f 8175 8176 8177
f 8178 8176 8175
f 8179 8180 8181
f 8182 8180 8179
f 8183 8184 8185
f 8186 8184 8183
f 8187 8188 8189
f 8190 8188 8187
f 8191 8192 8193
f 8194 8192 8191
f 8195 8196 8197
f 8198 8196 8195
f 8199 8200 8201
f 8199 8201 8202
f 8203 8199 8202
f 8204 8199 8203
f 8205 8206 8207
f 8205 8207 8208
f 8209 8208 8210
f 8209 8205 8208
f 8211 8212 8206
f 8211 8206 8205
f 8213 8210 8214
f 8213 8209 8210
f 8215 8216 8212
f 8215 8212 8211
f 8217 8213 8214
f 8218 8214 8219
f 8218 8217 8214
f 8220 8216 8215
f 8221 8218 8219
f 8222 8218 8221
f 8223 8224 8225
f 8223 8225 8216
f 8223 8216 8220
f 8226 8224 8223
f 8227 8228 8224
f 8227 8224 8226
f 8229 8230 8228
f 8229 8228 8227
f 8231 8230 8229
f 8232 8230 8231
f 8233 8232 8231
f 8234 8232 8233
f 8200 8233 8201
f 8200 8234 8233
f 8235 8236 8237
f 8238 8239 8240
f 8236 8241 8237
f 8242 8243 8244
f 8239 8245 8240
f 8246 8247 8248
f 8243 8249 8244
f 8250 8251 8252
f 8247 8253 8248
f 8254 8255 8256
f 8251 8257 8252
f 8258 8259 8260
f 8255 8261 8256
f 8259 8262 8260
f 8263 8264 8265
f 8266 8264 8263
f 8267 8268 8269
f 8270 8271 8272
f 8273 8267 8269
f 8274 8275 8276
f 8277 8270 8272
f 8278 8279 8280
f 8281 8274 8276
f 8282 8283 8284
f 8285 8278 8280
f 8286 8287 8288
f 8289 8282 8284
f 8290 8286 8288
f 8291 8292 8293
f 8291 8294 8292
f 8295 8296 8297
f 8295 8298 8296
f 8299 8300 8301
f 8299 8301 8302
f 8303 8304 8305
f 8303 8306 8304
f 8307 8308 8309
f 8307 8310 8308
f 8311 8312 8313
f 8311 8314 8312
f 8315 8316 8317
f 8315 8318 8316
f 8319 8320 8321
f 8319 8322 8320
f 8323 8324 8325
f 8323 8326 8324
f 8327 8328 8329
f 8330 8331 8332
f 8328 8333 8329
f 8334 8335 8336
f 8331 8337 8332
f 8338 8339 8340
f 8335 8341 8336
f 8342 8343 8344
f 8339 8345 8340
f 8346 8347 8348
f 8343 8349 8344
f 8350 8351 8352
f 8347 8353 8348
f 8351 8354 8352
f 8355 8356 8357
f 8355 8358 8356
f 8359 8360 8361
f 8359 8361 8362
f 8363 8364 8365
f 8363 8366 8364
f 8367 8368 8369
f 8367 8370 8368
f 8371 8372 8373
f 8371 8374 8372
f 8375 8376 8377
f 8375 8378 8376
f 8379 8380 8381
f 8379 8382 8380
f 8383 8384 8385
f 8383 8386 8384
f 8387 8388 8389
f 8390 8388 8387
f 8391 8392 8393
f 8391 8393 8394
f 8395 8396 8397
f 8395 8398 8396
f 8399 8400 8401
f 8399 8402 8400
f 8403 8404 8405
f 8403 8406 8404
f 8407 8408 8409
f 8407 8410 8408
f 8411 8412 8413
f 8411 8414 8412
f 8415 8416 8417
f 8418 8419 8420
f 8416 8421 8417
f 8422 8423 8424
f 8419 8425 8420
f 8423 8426 8424
f 8427 8428 8429
f 8430 8428 8427
f 8431 8432 8433
f 8431 8433 8434
f 8435 8436 8437
f 8435 8438 8436
f 8439 8440 8441
f 8439 8442 8440
f 8443 8444 8445
f 8443 8446 8444
f 8447 8448 8449
f 8447 8450 8448
f 8451 8452 8453
f 8453 8452 8454
f 8455 8456 8457
f 8458 8456 8455
f 8459 8460 8461
f 8462 8460 8459
f 8463 8464 8465
f 8466 8464 8463
f 8467 8468 8469
f 8470 8468 8467
f 8471 8472 8473
f 8474 8475 8476
f 8477 8475 8474
f 8471 8478 8472
f 8478 8479 8472
f 8478 8480 8479
f 8481 8482 8483
f 8484 8482 8481
f 8485 8482 8484
f 8486 8482 8485
f 8486 8487 8482
f 8488 8487 8486
f 8489 8487 8488
f 8490 8489 8488
f 8491 8487 8489
f 8492 8490 8488
f 8492 8488 8493
f 8494 8487 8491
f 8495 8492 8493
f 8496 8495 8493
f 8497 8496 8493
f 8498 8497 8493
f 8499 8498 8493
f 8500 8498 8499
f 8501 8500 8499
f 8502 8487 8494
f 8502 8494 8503
f 8502 8504 8505
f 8502 8506 8504
f 8502 8503 8506
f 8507 8502 8505
f 8507 8505 8508
f 8509 8508 8510
f 8509 8507 8508
f 8511 8509 8510
f 8511 8510 8512
f 8513 8512 8514
f 8513 8511 8512
f 8515 8514 8516
f 8515 8513 8514
f 8517 8515 8516
f 8518 8516 8519
f 8518 8517 8516
f 8520 8518 8519
f 8521 8522 8501
f 8523 8521 8501
f 8523 8501 8499
f 8524 8522 8521
f 8524 8525 8522
f 8526 8523 8499
f 8526 8499 8527
f 8528 8525 8524
f 8528 8529 8525
f 8530 8526 8527
f 8531 8532 8529
f 8531 8529 8528
f 8533 8534 8520
f 8533 8535 8534
f 8533 8536 8535
f 8533 8537 8536
f 8533 8538 8537
f 8533 8539 8538
f 8533 8540 8539
f 8541 8530 8527
f 8541 8542 8543
f 8541 8527 8542
f 8544 8532 8531
f 8544 8545 8532
f 8546 8541 8543
f 8546 8543 8547
f 8548 8519 8545
f 8548 8545 8544
f 8549 8546 8547
f 8550 8546 8549
f 8551 8550 8549
f 8552 8553 8550
f 8552 8554 8553
f 8552 8555 8554
f 8552 8550 8551
f 8556 8520 8519
f 8556 8519 8548
f 8557 8548 8558
f 8557 8556 8548
f 8559 8520 8556
f 8560 8558 8561
f 8560 8557 8558
f 8562 8533 8520
f 8562 8520 8559
f 8563 8561 8564
f 8563 8560 8561
f 8565 8566 8567
f 8565 8564 8566
f 8565 8563 8564
f 8568 8562 8569
f 8568 8533 8562
f 8570 8568 8569
f 8571 8568 8570
f 8572 8570 8573
f 8574 8571 8570
f 8574 8575 8571
f 8576 8574 8570
f 8576 8570 8572
f 8577 8578 8555
f 8577 8579 8578
f 8577 8580 8579
f 8577 8555 8552
f 8581 8582 8583
f 8581 8567 8582
f 8581 8565 8567
f 8584 8581 8583
f 8585 8580 8577
f 8586 8584 8583
f 8586 8583 8587
f 8588 8587 8580
f 8588 8580 8585
f 8589 8587 8588
f 8590 8586 8587
f 8590 8587 8589
f 8591 8592 8593
f 8591 8593 8594
f 8591 8594 8595
f 8596 8591 8595
f 8597 8591 8596
f 8598 8599 8600
f 8598 8600 8601
f 8598 8601 8602
f 8598 8602 8603
f 8598 8603 8604
f 8598 8591 8605
f 8605 8591 8597
f 8598 8605 8599
f 8606 8607 8608
f 8606 8609 8607
f 8610 8611 8612
f 8613 8614 8615
f 8613 8616 8617
f 8613 8615 8616
f 8618 8619 8610
f 8620 8621 8622
f 8623 8624 8625
f 8626 8613 8617
f 8623 8627 8624
f 8628 8617 8619
f 8629 8627 8623
f 8628 8619 8618
f 8630 8626 8617
f 8630 8617 8628
f 8631 8620 8622
f 8632 8623 8633
f 8632 8634 8629
f 8632 8629 8623
f 8607 8634 8632
f 8635 8636 8637
f 8638 8620 8631
f 8639 8620 8638
f 8639 8640 8620
f 8641 8606 8636
f 8641 8636 8635
f 8642 8635 8637
f 8642 8637 8643
f 8644 8640 8639
f 8644 8645 8640
f 8644 8646 8645
f 8647 8609 8606
f 8647 8606 8641
f 8648 8643 8649
f 8648 8642 8643
f 8650 8651 8609
f 8650 8652 8651
f 8650 8609 8647
f 8653 8654 8655
f 8653 8656 8654
f 8657 8658 8659
f 8660 8648 8649
f 8661 8657 8659
f 8662 8663 8652
f 8661 8664 8665
f 8661 8666 8664
f 8661 8659 8666
f 8662 8652 8650
f 8667 8653 8668
f 8669 8649 8670
f 8669 8660 8649
f 8671 8656 8653
f 8672 8658 8657
f 8671 8653 8667
f 8673 8665 8663
f 8671 8674 8656
f 8672 8675 8676
f 8672 8677 8675
f 8672 8676 8658
f 8678 8674 8671
f 8673 8663 8662
f 8679 8677 8672
f 8680 8679 8672
f 8681 8670 8682
f 8614 8665 8673
f 8681 8669 8670
f 8683 8607 8632
f 8683 8674 8678
f 8614 8684 8615
f 8614 8685 8684
f 8614 8686 8685
f 8614 8673 8686
f 8683 8632 8674
f 8614 8661 8665
f 8612 8687 8646
f 8612 8688 8687
f 8612 8611 8688
f 8608 8607 8683
f 8621 8689 8622
f 8612 8646 8644
f 8621 8682 8689
f 8610 8619 8611
f 8621 8681 8682
f 8690 8691 8692
f 8693 8694 8695
f 8691 8696 8692
f 8697 8698 8699
f 8694 8700 8695
f 8701 8702 8703
f 8698 8704 8699
f 8705 8706 8707
f 8702 8708 8703
f 8709 8710 8711
f 8706 8712 8707
f 8713 8714 8715
f 8710 8716 8711
f 8714 8717 8715
f 8718 8719 8720
f 8721 8719 8718
f 8722 8719 8721
f 8723 8719 8722
f 8723 8724 8719
f 8725 8724 8723
f 8726 8724 8725
f 8727 8724 8726
f 8728 8726 8725
f 8729 8724 8727
f 8730 8728 8725
f 8730 8725 8731
f 8732 8730 8731
f 8733 8732 8731
f 8734 8733 8731
f 8735 8734 8731
f 8736 8734 8735
f 8737 8736 8735
f 8738 8739 8740
f 8738 8741 8739
f 8738 8742 8741
f 8738 8729 8742
f 8738 8724 8729
f 8743 8737 8735
f 8744 8745 8746
f 8744 8740 8745
f 8744 8738 8740
f 8747 8746 8748
f 8747 8744 8746
f 8749 8748 8750
f 8749 8747 8748
f 8751 8749 8750
f 8752 8750 8753
f 8752 8751 8750
f 8754 8753 8755
f 8754 8752 8753
f 8756 8755 8757
f 8756 8754 8755
f 8758 8756 8757
f 8759 8743 8735
f 8760 8743 8759
f 8760 8761 8743
f 8762 8759 8735
f 8763 8764 8761
f 8763 8761 8760
f 8765 8762 8735
f 8765 8735 8766
f 8767 8764 8763
f 8767 8768 8764
f 8769 8765 8766
f 8770 8771 8758
f 8770 8772 8771
f 8770 8773 8772
f 8770 8774 8773
f 8770 8775 8774
f 8770 8776 8775
f 8770 8777 8776
f 8778 8768 8767
f 8778 8779 8768
f 8780 8769 8766
f 8780 8781 8782
f 8780 8783 8781
f 8780 8766 8783
f 8784 8779 8778
f 8784 8757 8779
f 8785 8780 8782
f 8786 8785 8782
f 8787 8788 8785
f 8787 8785 8786
f 8789 8790 8788
f 8789 8791 8790
f 8789 8792 8791
f 8789 8788 8787
f 8793 8758 8757
f 8793 8784 8794
f 8793 8757 8784
f 8795 8794 8796
f 8795 8793 8794
f 8797 8758 8793
f 8798 8796 8799
f 8798 8795 8796
f 8800 8770 8758
f 8800 8758 8797
f 8801 8799 8802
f 8801 8798 8799
f 8803 8802 8804
f 8803 8804 8805
f 8803 8801 8802
f 8806 8800 8807
f 8806 8770 8800
f 8808 8806 8807
f 8809 8806 8808
f 8810 8808 8811
f 8812 8809 8808
f 8812 8813 8809
f 8814 8808 8810
f 8814 8812 8808
f 8815 8816 8792
f 8815 8817 8816
f 8815 8792 8789
f 8818 8805 8819
f 8818 8803 8805
f 8820 8819 8821
f 8820 8818 8819
f 8822 8823 8817
f 8822 8817 8815
f 8824 8820 8821
f 8825 8823 8822
f 8826 8821 8823
f 8826 8824 8821
f 8827 8823 8825
f 8827 8826 8823
f 8828 8829 8830
f 8831 8832 8833
f 8833 8832 8828
f 8828 8832 8829
f 8834 8835 8836
f 8837 8835 8834
f 8838 8839 8840
f 8841 8839 8838
f 8842 8843 8844
f 8845 8843 8842
f 8846 8847 8848
f 8849 8847 8846
f 8850 8851 8852
f 8853 8851 8850
f 8854 8855 8856
f 8857 8855 8854
f 8858 8859 8860
f 8861 8860 8859
f 8862 8859 8858
f 8863 8861 8859
f 8864 8859 8862
f 8865 8863 8859
f 8866 8867 8868
f 8866 8868 8865
f 8866 8865 8859
f 8869 8867 8866
f 8870 8869 8866
f 8871 8870 8866
f 8872 8871 8866
f 8873 8874 8875
f 8873 8876 8874
f 8877 8878 8879
f 8880 8878 8877
f 8881 8882 8883
f 8881 8884 8882
f 8885 8883 8886
f 8885 8881 8883
f 8887 8888 8882
f 8887 8882 8884
f 8889 8886 8890
f 8889 8885 8886
f 8891 8892 8888
f 8891 8888 8887
f 8893 8890 8894
f 8893 8889 8890
f 8895 8896 8892
f 8895 8892 8891
f 8897 8898 8896
f 8897 8896 8895
f 8899 8894 8900
f 8899 8900 8901
f 8899 8893 8894
f 8902 8901 8903
f 8902 8899 8901
f 8904 8902 8903
f 8905 8904 8903
f 8906 8904 8905
f 8907 8908 8906
f 8907 8906 8905
f 8909 8908 8907
f 8910 8911 8909
f 8910 8909 8907
f 8912 8879 8911
f 8912 8911 8910
f 8877 8879 8912
f 8913 8914 8915
f 8915 8914 8916
f 8916 8914 8917
f 8917 8914 8918
f 8918 8914 8919
f 8920 8921 8922
f 8920 8922 8923
f 8920 8923 8924
f 8925 8920 8924
f 8926 8920 8925
f 8927 8928 8929
f 8927 8929 8930
f 8927 8930 8931
f 8927 8931 8932
f 8927 8932 8933
f 8927 8920 8934
f 8934 8920 8926
f 8927 8934 8928
f 8935 8936 8937
f 8938 8939 8940
f 8941 8935 8937
f 8942 8943 8944
f 8945 8938 8940
f 8946 8947 8948
f 8949 8942 8944
f 8950 8951 8952
f 8953 8946 8948
f 8954 8955 8956
f 8957 8950 8952
f 8958 8959 8960
f 8961 8962 8963
f 8964 8965 8966
f 8967 8954 8956
f 8968 8969 8962
f 8970 8971 8972
f 8973 8974 8975
f 8976 8977 8978
f 8979 8977 8976
f 8980 8981 8982
f 8983 8984 8985
f 8986 8984 8983
f 8987 8988 8989
f 8990 8988 8987
f 8991 8992 8993
f 8994 8992 8991
f 8995 8996 8997
f 8998 8996 8995
f 8999 9000 9001
f 9002 9000 8999
f 9003 9004 9005
f 9006 9004 9003
f 9007 9008 9009
f 9010 9008 9007
f 9011 9012 9013
f 9014 9012 9011
f 9015 9016 9017
f 9018 9016 9015
f 9019 9020 9021
f 9022 9020 9019
f 9023 9024 9025
f 9026 9027 9028
f 9029 9024 9023
f 9027 9030 9028
f 9031 9032 9033
f 9034 9035 9036
f 9032 9037 9033
f 9038 9039 9040
f 9041 9042 9043
f 9044 9045 9046
f 9047 9048 9049
f 9050 9051 9044
f 9052 9053 9054
f 9055 9056 9057
f 9055 9058 9056
f 9059 9060 9061
f 9059 9062 9060
f 9063 9064 9065
f 9063 9066 9064
f 9067 9068 9069
f 9067 9070 9068
f 9071 9072 9073
f 9071 9074 9072
f 9075 9076 9077
f 9075 9078 9076
f 9079 9080 9081
f 9081 9080 9082
f 9083 9084 9085
f 9086 9084 9083
f 9087 9088 9089
f 9090 9088 9087
f 9091 9092 9093
f 9094 9092 9091
f 9095 9096 9097
f 9098 9096 9095
f 9099 9100 9101
f 9102 9100 9099
f 9103 9104 9105
f 9106 9104 9103
f 9107 9108 9109
f 9110 9108 9107
f 9111 9112 9113
f 9114 9112 9111
f 9115 9116 9117
f 9118 9116 9115
f 9119 9120 9121
f 9122 9120 9119
f 9123 9124 9125
f 9126 9124 9123
f 9127 9128 9129
f 9130 9128 9127
f 9131 9132 9133
f 9134 9132 9131
f 9135 9136 9137
f 9138 9139 9140
f 9141 9135 9137
f 9142 9143 9144
f 9145 9138 9140
f 9146 9147 9148
f 9149 9142 9144
f 9150 9151 9152
f 9153 9146 9148
f 9154 9155 9156
f 9157 9150 9152
f 9158 9159 9160
f 9161 9154 9156
f 9162 9158 9160
f 9163 9164 9165
f 9166 9163 9165
f 9167 9168 9169
f 9167 9169 9170
f 9171 9172 9173
f 9171 9174 9172
f 9175 9176 9177
f 9175 9178 9176
f 9179 9180 9181
f 9179 9182 9180
f 9183 9184 9185
f 9183 9186 9184
f 9187 9188 9189
f 9187 9190 9188
f 9191 9192 9193
f 9191 9194 9192
f 9195 9196 9197
f 9198 9199 9200
f 9196 9201 9197
f 9202 9203 9204
f 9199 9205 9200
f 9206 9207 9208
f 9203 9209 9204
f 9210 9211 9212
f 9207 9213 9208
f 9214 9215 9216
f 9211 9217 9212
f 9218 9219 9220
f 9215 9221 9216
f 9219 9222 9220
f 9223 9224 9225
f 9223 9226 9224
f 9227 9228 9229
f 9227 9229 9230
f 9231 9232 9233
f 9231 9234 9232
f 9235 9236 9237
f 9235 9238 9236
f 9239 9240 9241
f 9239 9242 9240
f 9243 9244 9245
f 9243 9246 9244
f 9247 9248 9249
f 9247 9250 9248
f 9251 9252 9253
f 9251 9254 9252
f 9255 9256 9257
f 9255 9258 9256
f 9259 9260 9261
f 9262 9263 9264
f 9265 9259 9261
f 9266 9267 9268
f 9269 9262 9264
f 9270 9271 9272
f 9273 9266 9268
f 9274 9275 9276
f 9277 9270 9272
f 9278 9274 9276
f 9279 9280 9281
f 9279 9282 9280
f 9283 9284 9285
f 9284 9286 9285
f 9287 9288 9289
f 9290 9291 9292
f 9293 9291 9290
f 9294 9295 9296
f 9288 9297 9289
f 9295 9298 9296
f 9299 9300 9301
f 9299 9301 9302
f 9303 9304 9305
f 9303 9306 9304
f 9307 9308 9309
f 9307 9310 9308
f 9311 9312 9313
f 9314 9315 9316
f 9311 9317 9312
f 9318 9314 9316
f 9319 9320 9321
f 9321 9320 9322
f 9323 9324 9325
f 9326 9324 9323
f 9327 9328 9329
f 9330 9328 9327
f 9331 9332 9333
f 9334 9332 9331
f 9335 9336 9337
f 9338 9336 9335
f 9339 9340 9341
f 9342 9340 9339
f 9343 9344 9345
f 9346 9344 9343
f 9347 9348 9349
f 9350 9348 9347
f 9351 9352 9353
f 9354 9352 9351
f 9355 9356 9357
f 9358 9356 9355
f 9359 9360 9361
f 9362 9360 9359
f 9363 9364 9365
f 9366 9364 9363
f 9367 9368 9369
f 9370 9368 9367
f 9371 9372 9373
f 9373 9372 9374
f 9374 9372 9375
f 9375 9372 9376
f 9376 9372 9377
f 9378 9379 9380
f 9381 9380 9379
f 9382 9379 9378
f 9383 9381 9379
f 9384 9379 9382
f 9385 9383 9379
f 9386 9387 9385
f 9386 9388 9387
f 9386 9385 9379
f 9389 9388 9386
f 9390 9389 9386
f 9391 9390 9386
f 9392 9391 9386
f 9393 9394 9395
f 9393 9396 9394
f 9397 9398 9399
f 9397 9399 9400
f 9401 9402 9403
f 9401 9404 9402
f 9405 9406 9407
f 9405 9408 9406
f 9409 9410 9411
f 9409 9412 9410
f 9413 9414 9415
f 9413 9416 9414
f 9417 9418 9419
f 9417 9420 9418
f 9421 9422 9423
f 9421 9424 9422
f 9425 9426 9427
f 9425 9428 9426
f 9429 9430 9431
f 9429 9432 9430
f 9433 9434 9435
f 9433 9436 9434
f 9437 9438 9439
f 9437 9440 9438
f 9441 9442 9443
f 9441 9444 9442
f 9445 9446 9447
f 9445 9448 9446
f 9449 9450 9451
f 9452 9453 9454
f 9455 9456 9457
f 9458 9459 9460
f 9452 9461 9453
f 9462 9463 9464
f 9465 9466 9467
f 9449 9451 9468
f 9455 9469 9456
f 9465 9467 9470
f 9462 9471 9463
f 9458 9472 9459
f 9473 9474 9475
f 9476 9477 9478
f 9479 9480 9481
f 9482 9483 9484
f 9476 9485 9477
f 9486 9487 9488
f 9482 9484 9489
f 9486 9490 9487
f 9491 9492 9493
f 9491 9493 9494
f 9495 9496 9497
f 9479 9481 9498
f 9499 9500 9501
f 9502 9475 9474
f 9495 9497 9503
f 9504 9505 9506
f 9507 9508 9509
f 9499 9501 9510
f 9507 9509 9511
f 9504 9506 9512
f 9513 9514 9515
f 9513 9516 9514
f 9517 9518 9519
f 9520 9521 9522
f 9520 9522 9523
f 9524 9525 9526
f 9517 9519 9527
f 9524 9526 9528
f 9529 9530 9531
f 9532 9533 9534
f 9529 9531 9535
f 9536 9537 9538
f 9532 9539 9533
f 9540 9541 9542
f 9536 9543 9537
f 9544 9545 9546
f 9547 9548 9549
f 9550 9551 9552
f 9553 9554 9555
f 9547 9549 9556
f 9550 9552 9557
f 9553 9558 9554
f 9544 9546 9559
f 9540 9560 9541
f 9561 9562 9563
f 9564 9565 9566
f 9567 9568 9569
f 9567 9569 9570
f 9564 9571 9565
f 9561 9563 9572
f 9573 9574 9575
f 9576 9577 9578
f 9579 9580 9581
f 9582 9583 9584
f 9573 9575 9585
f 9576 9586 9577
f 9582 9584 9587
f 9588 9589 9590
f 9588 9591 9589
f 9592 9593 9594
f 9595 9596 9597
f 9592 9594 9598
f 9595 9597 9599
f 9600 9601 9602
f 9603 9604 9605
f 9606 9607 9608
f 9600 9602 9609
f 9603 9605 9610
f 9606 9611 9607
f 9612 9613 9614
f 9615 9616 9617
f 9618 9619 9620
f 9615 9617 9621
f 9618 9622 9619
f 9612 9623 9613
f 9624 9625 9626
f 9627 9628 9629
f 9624 9626 9630
f 9631 9632 9633
f 9634 9635 9636
f 9634 9637 9635
f 9631 9633 9638
f 9639 9640 9641
f 9642 9643 9644
f 9627 9645 9628
f 9639 9641 9646
f 9647 9648 9649
f 9647 9650 9648
f 9651 9652 9653
f 9642 9654 9643
f 9651 9655 9652
f 9656 9657 9658
f 9659 9660 9661
f 9659 9661 9662
f 9656 9658 9663
f 9664 9665 9666
f 9664 9667 9665
f 9668 9669 9670
f 9671 9672 9673
f 9674 9675 9676
f 9674 9677 9675
f 9668 9670 9678
f 9671 9679 9672
f 9680 9681 9682
f 9683 9684 9685
f 9683 9685 9686
f 9680 9682 9687
f 9688 9689 9690
f 9688 9690 9691
f 9692 9693 9694
f 9695 9696 9697
f 9698 9699 9700
f 9692 9694 9701
f 9698 9702 9699
f 9703 9704 9705
f 9695 9697 9706
f 9707 9708 9709
f 9703 9705 9710
f 9711 9712 9713
f 9714 9715 9716
f 9711 9717 9712
f 9714 9716 9718
f 9707 9719 9708
f 9720 9721 9722
f 9720 9722 9723
f 9724 9725 9726
f 9727 9728 9729
f 9724 9726 9730
f 9727 9729 9731
f 9732 9733 9734
f 9735 9579 9581
f 9736 9737 9738
f 9736 9738 9739
f 9740 9741 9742
f 9732 9734 9743
f 9744 9745 9746
f 9744 9747 9745
f 9748 9749 9750
f 9748 9750 9751
f 9740 9742 9752
f 9753 9754 9755
f 9756 9757 9758
f 9753 9755 9759
f 9756 9760 9757
f 9761 9762 9763
f 9764 9765 9766
f 9761 9763 9767
f 9764 9768 9765
f 9769 9770 9771
f 9772 9773 9774
f 9769 9775 9770
f 9776 9777 9778
f 9772 9774 9779
f 9776 9778 9780
f 9781 9782 9783
f 9784 9785 9786
f 9784 9787 9785
f 9788 9789 9790
f 9791 9792 9793
f 9788 9790 9794
f 9791 9795 9792
f 9781 9783 9796
f 9797 9798 9799
f 9800 9801 9802
f 9797 9803 9798
f 9804 9805 9806
f 9807 9808 9809
f 9807 9809 9810
f 9804 9811 9805
f 9800 9812 9801
f 9813 9814 9815
f 9816 9817 9814
f 9816 9818 9817
f 9819 9820 9816
f 9819 9816 9814
f 9821 9822 9823
f 9824 9825 9819
f 9826 9813 9827
f 9826 9814 9813
f 9826 9824 9819
f 9826 9819 9814
f 9828 9829 9830
f 9828 9821 9829
f 9831 9832 9833
f 9831 9834 9832
f 9831 9835 9836
f 9831 9837 9835
f 9831 9828 9837
f 9831 9838 9822
f 9831 9827 9838
f 9831 9833 9826
f 9831 9822 9821
f 9831 9826 9827
f 9831 9821 9828
f 9839 9840 9841
f 9841 9840 9842
f 9843 9844 9845
f 9846 9844 9843
f 9847 9848 9849
f 9850 9848 9847
f 9851 9852 9853
f 9854 9852 9851
f 9855 9856 9857
f 9858 9856 9855
f 9859 9860 9861
f 9862 9860 9859
f 9863 9864 9865
f 9866 9864 9863
f 9867 9868 9869
f 9870 9868 9867
f 9871 9872 9873
f 9874 9872 9871
f 9875 9876 9877
f 9878 9876 9875
f 9879 9880 9881
f 9882 9880 9879
f 9883 9884 9885
f 9886 9884 9883
f 9887 9888 9889
f 9890 9888 9887
f 9891 9892 9893
f 9894 9895 9896
f 9897 9891 9893
f 9898 9899 9900
f 9901 9894 9896
f 9902 9903 9904
f 9905 9898 9900
f 9906 9907 9908
f 9909 9902 9904
f 9910 9911 9912
f 9913 9906 9908
f 9914 9915 9916
f 9917 9910 9912
f 9918 9919 9920
f 9921 9914 9916
f 9922 9923 9924
f 9925 9918 9920
f 9926 9927 9928
f 9929 9922 9924
f 9930 9931 9932
f 9933 9926 9928
f 9934 9935 9936
f 9937 9930 9932
f 9938 9934 9936
f 9939 9940 9941
f 9939 9942 9940
f 9943 9944 9945
f 9945 9944 9946
f 9947 9948 9949
f 9950 9948 9947
f 9951 9952 9953
f 9954 9952 9951
f 9955 9956 9957
f 9958 9956 9955
f 9959 9960 9961
f 9962 9960 9959
f 9963 9964 9965
f 9966 9964 9963
f 9967 9968 9969
f 9970 9968 9967
f 9971 9972 9973
f 9974 9972 9971
f 9975 9976 9977
f 9978 9976 9975
f 9979 9980 9981
f 9982 9980 9979
f 9983 9984 9985
f 9986 9984 9983
f 9987 9988 9989
f 9990 9988 9987
f 9991 9992 9993
f 9994 9992 9991
f 9995 9996 9997
f 9998 9999 10000
f 10001 9995 9997
f 10002 10003 10004
f 10005 9998 10000
f 10006 10007 10008
f 10009 10002 10004
f 10010 10011 10012
f 10013 10006 10008
f 10014 10015 10016
f 10017 10010 10012
f 10018 10019 10020
f 10021 10014 10016
f 10022 10023 10024
f 10025 10018 10020
f 10026 10027 10028
f 10029 10022 10024
f 10030 10031 10032
f 10033 10026 10028
f 10034 10035 10036
f 10037 10030 10032
f 10038 10039 10040
f 10041 10034 10036
f 10042 10043 10044
f 10045 10038 10040
f 10046 10042 10044
f 10047 10048 10049
f 10047 10049 10050
f 10051 10052 10053
f 10054 10055 10056
f 10051 10057 10052
f 10058 10059 10060
f 10058 10060 10061
f 10054 10056 10062
f 10063 10064 10065
f 10066 10067 10068
f 10069 10070 10071
f 10063 10072 10064
f 10066 10073 10067
f 10074 10075 10076
f 10069 10077 10070
f 10074 10078 10075
f 10079 10080 10081
f 10082 10083 10084
f 10082 10085 10083
f 10086 10087 10088
f 10079 10081 10089
f 10090 10091 10092
f 10086 10088 10093
f 10094 10095 10096
f 10090 10097 10091
f 10094 10096 10098
f 10099 10100 10101
f 10102 10103 10104
f 10099 10101 10105
f 10102 10104 10106
f 10107 10108 10109
f 10107 10109 10110
f 10111 10112 10113
f 10114 10115 10116
f 10114 10116 10117
f 10111 10113 10118
f 10119 10120 10121
f 10122 10123 10124
f 10125 10126 10127
f 10119 10121 10128
f 10129 10130 10131
f 10125 10127 10132
f 10122 10124 10133
f 10129 10131 10134
f 10135 10136 10137
f 10138 10139 10140
f 10141 10142 10143
f 10135 10144 10136
f 10138 10145 10139
f 10141 10143 10146
f 10147 10148 10149
f 10150 10151 10152
f 10153 10154 10155
f 10147 10149 10156
f 10157 10158 10159
f 10157 10159 10160
f 10153 10161 10154
f 10162 10163 10164
f 10165 10166 10167
f 10150 10152 10168
f 10165 10169 10166
f 10162 10170 10163
f 10171 10172 10173
f 10171 10173 10174
f 10175 10176 10177
f 10178 10179 10180
f 10175 10177 10181
f 10182 10183 10184
f 10185 10186 10187
f 10182 10184 10188
f 10185 10187 10189
f 10178 10180 10190
f 10191 10192 10193
f 10194 10195 10196
f 10197 10198 10199
f 10197 10199 10200
f 10191 10193 10201
f 10194 10202 10195
f 10203 10204 10205
f 10206 10207 10208
f 10209 10210 10211
f 10212 10213 10214
f 10209 10211 10215
f 10206 10208 10216
f 10203 10205 10217
f 10212 10218 10213
f 10219 10220 10221
f 10222 10223 10224
f 10225 10226 10227
f 10225 10228 10226
f 10229 10230 10231
f 10219 10232 10220
f 10229 10231 10233
f 10234 10235 10236
f 10237 10238 10239
f 10234 10240 10235
f 10241 10242 10243
f 10237 10239 10244
f 10245 10246 10247
f 10241 10248 10242
f 10245 10247 10249
f 10250 10251 10252
f 10253 10254 10255
f 10256 10257 10258
f 10259 10260 10261
f 10256 10258 10262
f 10253 10263 10254
f 10259 10261 10264
f 10250 10252 10265
f 10266 10267 10268
f 10266 10268 10269
f 10270 10271 10272
f 10273 10274 10275
f 10276 10277 10278
f 10270 10272 10279
f 10276 10278 10280
f 10281 10282 10283
f 10281 10283 10284
f 10285 10286 10287
f 10288 10289 10290
f 10285 10291 10286
f 10273 10292 10274
f 10288 10290 10293
f 10294 10295 10296
f 10297 10298 10299
f 10300 10301 10302
f 10303 10304 10305
f 10294 10306 10295
f 10307 10308 10309
f 10300 10310 10301
f 10307 10309 10311
f 10303 10305 10312
f 10297 10313 10298
f 10314 10315 10316
f 10317 10318 10319
f 10317 10320 10318
f 10314 10321 10315
f 10322 10323 10324
f 10325 10326 10327
f 10325 10328 10326
f 10322 10324 10329
f 10330 10331 10332
f 10333 10334 10335
f 10336 10337 10338
f 10336 10338 10339
f 10340 10341 10342
f 10343 10344 10345
f 10333 10346 10334
f 10343 10345 10347
f 10340 10348 10341
f 10349 10350 10351
f 10330 10352 10331
f 10353 10354 10355
f 10224 10223 10356
f 10349 10351 10357
f 10358 10359 10360
f 10358 10361 10359
f 10353 10362 10354
f 10363 10364 10365
f 10363 10365 10366
f 10367 10368 10369
f 10370 10371 10372
f 10367 10369 10373
f 10374 10375 10376
f 10370 10377 10371
f 10378 10379 10380
f 10374 10376 10381
f 10378 10382 10379
f 10383 10384 10385
f 10386 10387 10388
f 10383 10385 10389
f 10390 10391 10392
f 10390 10392 10393
f 10386 10388 10394
f 10395 10396 10397
f 10398 10399 10400
f 10398 10401 10399
f 10395 10397 10402
f 10403 10404 10405
f 10406 10407 10408
f 10406 10408 10409
f 10403 10410 10404
f 10411 10412 10413
f 10413 10412 10414
f 10415 10416 10417
f 10418 10416 10415
f 10419 10420 10421
f 10422 10420 10419
f 10423 10424 10425
f 10426 10424 10423
f 10427 10428 10429
f 10430 10428 10427
f 10431 10432 10433
f 10434 10432 10431
f 10435 10436 10437
f 10438 10436 10435
f 10439 10440 10441
f 10442 10440 10439
f 10443 10444 10445
f 10446 10444 10443
f 10447 10448 10449
f 10450 10448 10447
f 10451 10452 10453
f 10454 10452 10451
f 10455 10456 10457
f 10458 10456 10455
f 10459 10460 10461
f 10462 10460 10459
f 10463 10464 10465
f 10466 10467 10468
f 10469 10467 10466
f 10470 10463 10471
f 10470 10464 10463
f 10472 10473 10474
f 10475 10476 10473
f 10475 10473 10472
f 10477 10474 10478
f 10477 10472 10474
f 10479 10480 10469
f 10479 10469 10466
f 10481 10482 10476
f 10481 10476 10475
f 10483 10478 10484
f 10483 10477 10478
f 10485 10486 10482
f 10485 10482 10481
f 10487 10471 10488
f 10487 10470 10471
f 10489 10484 10490
f 10489 10483 10484
f 10491 10480 10479
f 10492 10488 10493
f 10492 10487 10488
f 10494 10486 10485
f 10495 10496 10480
f 10495 10480 10491
f 10497 10490 10498
f 10497 10489 10490
f 10499 10493 10500
f 10499 10492 10493
f 10501 10502 10496
f 10501 10496 10495
f 10503 10504 10486
f 10505 10500 10502
f 10505 10499 10500
f 10505 10502 10501
f 10503 10486 10494
f 10506 10498 10507
f 10506 10497 10498
f 10508 10509 10504
f 10508 10504 10503
f 10510 10507 10511
f 10510 10506 10507
f 10512 10509 10508
f 10513 10509 10512
f 10514 10510 10511
f 10468 10514 10511
f 10465 10513 10512
f 10467 10514 10468
f 10464 10513 10465
f 10515 10516 10517
f 10517 10516 10518
f 10519 10520 10521
f 10522 10520 10519
f 10523 10524 10525
f 10526 10524 10523
f 10527 10528 10529
f 10530 10528 10527
f 10531 10532 10533
f 10534 10532 10531
f 10535 10536 10537
f 10538 10536 10535
f 10539 10540 10541
f 10542 10540 10539
f 10543 10544 10545
f 10546 10544 10543
f 10547 10548 10549
f 10550 10548 10547
f 10551 10552 10553
f 10554 10552 10551
f 10555 10556 10557
f 10558 10556 10555
f 10559 10560 10561
f 10562 10560 10559
f 10563 10564 10565
f 10566 10564 10563
f 10567 10568 10569
f 10570 10571 10572
f 10573 10567 10569
f 10574 10575 10576
f 10577 10570 10572
f 10578 10579 10580
f 10581 10574 10576
f 10582 10583 10584
f 10585 10578 10580
f 10586 10587 10588
f 10589 10582 10584
f 10590 10591 10592
f 10593 10586 10588
f 10594 10595 10596
f 10597 10590 10592
f 10598 10599 10600
f 10601 10594 10596
f 10602 10603 10604
f 10605 10598 10600
f 10606 10607 10608
f 10609 10602 10604
f 10610 10611 10612
f 10613 10606 10608
f 10614 10615 10616
f 10617 10610 10612
f 10618 10614 10616
f 10619 10620 10621
f 10622 10623 10624
f 10622 10625 10623
f 10626 10627 10619
f 10626 10619 10621
f 10628 10629 10630
f 10631 10632 10629
f 10633 10624 10634
f 10631 10629 10628
f 10633 10622 10624
f 10635 10630 10636
f 10635 10628 10630
f 10637 10638 10632
f 10637 10632 10631
f 10639 10636 10640
f 10641 10642 10627
f 10639 10635 10636
f 10641 10627 10626
f 10643 10634 10644
f 10643 10633 10634
f 10645 10646 10638
f 10645 10638 10637
f 10647 10648 10642
f 10649 10640 10650
f 10647 10642 10641
f 10649 10639 10640
f 10651 10644 10652
f 10651 10643 10644
f 10653 10654 10648
f 10653 10648 10647
f 10655 10646 10645
f 10656 10652 10654
f 10656 10651 10652
f 10656 10654 10653
f 10657 10646 10655
f 10658 10650 10659
f 10658 10649 10650
f 10660 10657 10655
f 10661 10659 10662
f 10661 10658 10659
f 10663 10657 10660
f 10664 10663 10660
f 10665 10662 10666
f 10665 10661 10662
f 10667 10663 10664
f 10667 10664 10668
f 10669 10665 10666
f 10670 10669 10666
f 10625 10667 10668
f 10625 10668 10623
f 10620 10669 10670
f 10621 10620 10670
f 10671 10672 10673
f 10671 10674 10672
f 10675 10676 10677
f 10678 10679 10680
f 10681 10675 10677
f 10682 10679 10678
f 10683 10680 10684
f 10683 10678 10680
f 10685 10671 10673
f 10685 10673 10686
f 10687 10679 10682
f 10688 10675 10681
f 10689 10687 10682
f 10690 10688 10681
f 10691 10684 10692
f 10691 10683 10684
f 10693 10686 10694
f 10695 10687 10689
f 10693 10685 10686
f 10696 10695 10689
f 10697 10688 10690
f 10698 10697 10690
f 10699 10692 10700
f 10699 10691 10692
f 10701 10695 10696
f 10702 10697 10698
f 10703 10701 10696
f 10704 10694 10705
f 10704 10693 10694
f 10706 10700 10707
f 10706 10699 10700
f 10708 10709 10702
f 10708 10702 10698
f 10710 10705 10709
f 10711 10701 10703
f 10710 10709 10708
f 10710 10704 10705
f 10712 10711 10703
f 10713 10707 10714
f 10713 10706 10707
f 10715 10711 10712
f 10716 10715 10712
f 10717 10714 10718
f 10717 10713 10714
f 10719 10715 10716
f 10719 10716 10720
f 10721 10717 10718
f 10722 10721 10718
f 10674 10719 10720
f 10674 10720 10672
f 10676 10721 10722
f 10677 10676 10722
f 10723 10724 10725
f 10725 10724 10726
f 10727 10728 10729
f 10730 10728 10727
f 10731 10732 10733
f 10734 10732 10731
f 10735 10736 10737
f 10738 10736 10735
f 10739 10740 10741
f 10742 10740 10739
f 10743 10744 10745
f 10746 10744 10743
f 10747 10748 10749
f 10750 10748 10747
f 10751 10752 10753
f 10754 10752 10751
f 10755 10756 10757
f 10758 10756 10755
f 10759 10760 10761
f 10762 10760 10759
f 10763 10764 10765
f 10766 10764 10763
f 10767 10768 10769
f 10770 10768 10767
f 10771 10772 10773
f 10774 10772 10771
f 10775 10776 10777
f 10778 10779 10780
f 10781 10775 10777
f 10782 10783 10784
f 10785 10778 10780
f 10786 10787 10788
f 10789 10782 10784
f 10790 10791 10792
f 10793 10786 10788
f 10794 10795 10796
f 10797 10790 10792
f 10798 10799 10800
f 10801 10794 10796
f 10802 10803 10804
f 10805 10798 10800
f 10806 10807 10808
f 10809 10802 10804
f 10810 10811 10812
f 10813 10806 10808
f 10814 10815 10816
f 10817 10810 10812
f 10818 10819 10820
f 10821 10814 10816
f 10822 10823 10824
f 10825 10818 10820
f 10826 10822 10824
f 10827 10828 10829
f 10830 10827 10829
f 10831 10832 10833
f 10834 10827 10830
f 10835 10836 10832
f 10837 10838 10839
f 10835 10832 10831
f 10837 10840 10838
f 10841 10833 10842
f 10841 10831 10833
f 10843 10834 10830
f 10844 10836 10835
f 10845 10834 10843
f 10846 10836 10844
f 10847 10842 10848
f 10849 10837 10839
f 10847 10841 10842
f 10849 10839 10850
f 10851 10846 10844
f 10852 10848 10853
f 10852 10847 10848
f 10854 10855 10845
f 10856 10846 10851
f 10854 10845 10843
f 10857 10850 10858
f 10859 10856 10851
f 10857 10849 10850
f 10860 10861 10855
f 10860 10855 10854
f 10862 10853 10863
f 10862 10852 10853
f 10864 10858 10861
f 10864 10857 10858
f 10864 10861 10860
f 10865 10856 10859
f 10866 10865 10859
f 10867 10863 10868
f 10867 10862 10863
f 10869 10865 10866
f 10870 10869 10866
f 10871 10868 10872
f 10871 10867 10868
f 10873 10869 10870
f 10873 10870 10874
f 10875 10871 10872
f 10876 10875 10872
f 10877 10874 10878
f 10877 10873 10874
f 10828 10875 10876
f 10829 10828 10876
f 10840 10878 10838
f 10840 10877 10878
f 10879 10880 10881
f 10882 10883 10884
f 10885 10886 10887
f 10888 10889 10890
f 10891 10892 10893
f 10894 10895 10896
f 10888 10890 10897
f 10891 10898 10892
f 10894 10899 10895
f 10900 10901 10902
f 10903 10904 10905
f 10906 10907 10908
f 10903 10909 10904
f 10910 10911 10912
f 10910 10913 10911
f 10900 10914 10901
f 10915 10916 10917
f 10915 10918 10916
f 10919 10920 10921
f 10906 10908 10922
f 10923 10924 10925
f 10919 10926 10920
f 10923 10925 10927
f 10928 10929 10930
f 10931 10932 10933
f 10928 10930 10934
f 10935 10936 10937
f 10938 10939 10940
f 10935 10941 10936
f 10938 10940 10942
f 10931 10933 10943
f 10944 10945 10946
f 10947 10948 10949
f 10950 10951 10952
f 10950 10953 10951
f 10947 10949 10954
f 10944 10946 10955
f 10956 10957 10958
f 10959 10960 10961
f 10962 10963 10964
f 10965 10966 10967
f 10962 10964 10968
f 10956 10958 10969
f 10965 10970 10966
f 10959 10961 10971
f 10972 10973 10974
f 10972 10975 10973
f 10976 10977 10978
f 10976 10979 10977
f 10980 10981 10982
f 10980 10983 10981
f 10984 10985 10986
f 10987 10988 10989
f 10990 10991 10992
f 10984 10986 10993
f 10994 10995 10996
f 10987 10989 10997
f 10990 10992 10998
f 10994 10996 10999
f 11000 11001 11002
f 11003 11004 11005
f 11006 11007 11008
f 11003 11009 11004
f 11006 11010 11007
f 11000 11011 11001
f 11012 11013 11014
f 11015 11016 11017
f 11015 11017 11018
f 11019 11020 11021
f 11022 11023 11024
f 11019 11025 11020
f 11022 11024 11026
f 11012 11014 11027
f 11028 11029 11030
f 11031 11032 11033
f 11034 11035 11036
f 11034 11037 11035
f 11031 11038 11032
f 11028 11030 11039
f 11040 11041 11042
f 11043 11044 11045
f 11046 11047 11048
f 11043 11045 11049
f 11050 11051 11052
f 11040 11042 11053
f 11046 11048 11054
f 11055 11056 11057
f 11050 11058 11051
f 11059 11060 11061
f 11062 11063 11064
f 11065 11066 11067
f 11055 11057 11068
f 11059 11069 11060
f 11065 11067 11070
f 11062 11071 11063
f 11072 11073 11074
f 11075 11076 11077
f 11072 11078 11073
f 11075 11077 11079
f 11080 11081 11082
f 11083 11084 11085
f 11080 11082 11086
f 11087 11088 11089
f 11083 11090 11084
f 11091 11092 11093
f 11094 11095 11096
f 11087 11097 11088
f 11091 11093 11098
f 11099 11100 11101
f 11099 11101 11102
f 11094 11096 11103
f 11104 11105 11106
f 11104 11106 11107
f 11108 11109 11110
f 11111 11112 11113
f 11114 11115 11116
f 11111 11113 11117
f 11108 11118 11109
f 11119 11120 11121
f 11122 11123 11124
f 11122 11124 11125
f 11126 11127 11128
f 11119 11129 11120
f 11114 11130 11115
f 11126 11131 11127
f 11132 11133 11134
f 11135 11136 11137
f 11132 11134 11138
f 11139 11140 11141
f 11142 11143 11144
f 11139 11145 11140
f 11142 11144 11146
f 11147 11148 11149
f 11135 11150 11136
f 11151 11152 11153
f 11147 11149 11154
f 11155 11156 11157
f 11151 11158 11152
f 11159 11160 11161
f 11155 11162 11156
f 11159 11163 11160
f 11164 11165 11166
f 11167 11168 11169
f 11164 11166 11170
f 11171 11172 11173
f 11174 11175 11176
f 11177 11178 11179
f 11177 11179 11180
f 11174 11181 11175
f 11182 11183 11184
f 11182 11184 11185
f 11186 11187 11188
f 11167 11189 11168
f 11186 11188 11190
f 11171 11191 11172
f 11192 11193 11194
f 11195 11196 11197
f 11192 11198 11193
f 11199 11200 11201
f 11195 11202 11196
f 11203 11204 11205
f 11203 11205 11206
f 11199 11201 11207
f 11208 11209 11210
f 11208 11211 11209
f 11212 11213 11214
f 11215 11216 11217
f 11215 11218 11216
f 11212 11219 11213
f 11220 11221 11222
f 11223 11224 11225
f 11223 11225 11226
f 11227 11228 11229
f 11227 11230 11228
f 11220 11222 11231
f 11232 11233 11234
f 11232 11234 11235
f 11236 11237 11238
f 11236 11239 11237
f 10882 11240 10883
f 10879 11241 10880
f 10885 11242 10886
f 11243 11244 11245
f 11245 11244 11246
f 11247 11248 11249
f 11250 11248 11247
f 11251 11252 11253
f 11254 11252 11251
f 11255 11256 11257
f 11258 11256 11255
f 11259 11260 11261
f 11262 11260 11259
f 11263 11264 11265
f 11266 11264 11263
f 11267 11268 11269
f 11270 11268 11267
f 11271 11272 11273
f 11274 11272 11271
f 11275 11276 11277
f 11278 11276 11275
f 11279 11280 11281
f 11282 11280 11279
f 11283 11284 11285
f 11286 11284 11283
f 11287 11288 11289
f 11290 11288 11287
f 11291 11292 11293
f 11294 11292 11291
f 11295 11296 11297
f 11295 11298 11296
f 11299 11300 11301
f 11302 11299 11301
f 11303 11304 11305
f 11306 11307 11304
f 11306 11304 11303
f 11308 11299 11302
f 11309 11297 11310
f 11311 11305 11312
f 11311 11303 11305
f 11309 11295 11297
f 11313 11314 11307
f 11313 11307 11306
f 11315 11316 11308
f 11315 11308 11302
f 11317 11312 11318
f 11317 11311 11312
f 11319 11314 11313
f 11320 11314 11319
f 11321 11310 11322
f 11321 11309 11310
f 11323 11318 11324
f 11325 11326 11316
f 11325 11316 11315
f 11323 11317 11318
f 11327 11320 11319
f 11328 11322 11329
f 11328 11321 11322
f 11330 11331 11326
f 11330 11326 11325
f 11332 11329 11331
f 11332 11328 11329
f 11333 11324 11334
f 11332 11331 11330
f 11333 11323 11324
f 11335 11320 11327
f 11336 11335 11327
f 11337 11334 11338
f 11337 11333 11334
f 11339 11335 11336
f 11340 11339 11336
f 11341 11338 11342
f 11341 11337 11338
f 11343 11339 11340
f 11343 11340 11344
f 11345 11341 11342
f 11346 11345 11342
f 11298 11343 11344
f 11298 11344 11296
f 11300 11345 11346
f 11301 11300 11346
f 11347 11348 11349
f 11350 11351 11352
f 11350 11352 11348
f 11350 11348 11347
f 11353 11354 11355
f 11353 11356 11354
f 11357 11358 11359
f 11357 11360 11358
f 11361 11362 11363
f 11361 11364 11362
f 11365 11366 11367
f 11365 11368 11366
f 11369 11370 11371
f 11369 11372 11370
f 11373 11374 11375
f 11373 11376 11374
f 11377 11378 11379
f 11380 11381 11382
f 11383 11384 11385
f 11386 11387 11388
f 11389 11390 11391
f 11392 11393 11394
f 11395 11396 11397
f 11398 11399 11400
f 11401 11402 11403
f 11404 11405 11406
f 11407 11408 11409
f 11410 11411 11412
f 11413 11414 11415
f 11416 11417 11418
f 11419 11420 11421
f 11422 11423 11424
f 11422 11425 11423
f 11426 11427 11428
f 11426 11429 11427
f 11430 11431 11432
f 11430 11433 11431
f 11434 11435 11436
f 11434 11437 11435
f 11438 11439 11440
f 11438 11441 11439
f 11442 11443 11444
f 11442 11445 11443
f 11446 11447 11448
f 11446 11449 11447
f 11450 11451 11452
f 11450 11453 11451
f 11454 11455 11456
f 11454 11457 11455
f 11458 11459 11460
f 11458 11461 11459
f 11462 11463 11464
f 11462 11465 11463
f 11466 11467 11468
f 11466 11469 11467
f 11470 11471 11472
f 11470 11473 11471
f 11474 11475 11476
f 11474 11477 11475
f 11478 11479 11480
f 11478 11481 11479
f 11482 11483 11484
f 11482 11485 11483
f 11486 11487 11488
f 11486 11489 11487
f 11490 11491 11492
f 11490 11493 11491
f 11494 11495 11496
f 11494 11497 11495
f 11498 11499 11500
f 11498 11501 11499
f 11502 11503 11504
f 11502 11505 11503
f 11506 11507 11508
f 11506 11509 11507
f 11510 11511 11512
f 11510 11513 11511
f 11514 11515 11516
f 11514 11517 11515
f 11518 11519 11520
f 11518 11521 11519
f 11522 11523 11524
f 11522 11525 11523
f 11526 11527 11528
f 11526 11529 11527
f 11530 11531 11532
f 11530 11533 11531
f 11534 11535 11536
f 11534 11537 11535
f 11538 11539 11540
f 11538 11541 11539
f 11542 11543 11544
f 11542 11545 11543
f 11546 11547 11548
f 11546 11549 11547
f 11550 11551 11552
f 11553 11554 11555
f 11556 11557 11558
f 11559 11560 11561
f 11562 11563 11564
f 11565 11566 11567
f 11568 11569 11570
f 11571 11572 11573
f 11574 11575 11576
f 11577 11578 11579
f 11580 11581 11582
f 11583 11584 11585
f 11586 11587 11588
f 11589 11590 11591
f 11592 11593 11594
f 11595 11596 11597
f 11598 11597 11599
f 11598 11600 11595
f 11598 11595 11597
f 11601 11602 11603
f 11603 11602 11604
f 11605 11606 11607
f 11608 11606 11605
f 11609 11610 11611
f 11612 11610 11609
f 11613 11614 11615
f 11616 11614 11613
f 11617 11618 11619
f 11620 11618 11617
f 11621 11622 11623
f 11624 11622 11621
f 11625 11626 11627
f 11628 11626 11625
f 11629 11630 11631
f 11632 11630 11629
f 11633 11634 11635
f 11636 11634 11633
f 11637 11638 11639
f 11640 11638 11637
f 11641 11642 11643
f 11644 11642 11641
f 11645 11646 11647
f 11648 11646 11645
f 11649 11650 11651
f 11652 11650 11649
f 11653 11654 11655
f 11655 11654 11656
f 11657 11658 11659
f 11660 11658 11657
f 11661 11662 11663
f 11664 11662 11661
f 11665 11666 11667
f 11668 11666 11665
f 11669 11670 11671
f 11672 11670 11669
f 11673 11674 11675
f 11676 11674 11673
f 11677 11678 11679
f 11680 11678 11677
f 11681 11682 11683
f 11684 11682 11681
f 11685 11686 11687
f 11688 11686 11685
f 11689 11690 11691
f 11692 11690 11689
f 11693 11694 11695
f 11696 11694 11693
f 11697 11698 11699
f 11700 11698 11697
f 11701 11702 11703
f 11704 11702 11701
f 11705 11706 11707
f 11705 11708 11706
f 11709 11710 11711
f 11709 11712 11710
f 11713 11714 11715
f 11713 11716 11714
f 11717 11718 11719
f 11717 11720 11718
f 11721 11722 11723
f 11724 11725 11726
f 11722 11727 11723
f 11728 11729 11730
f 11725 11731 11726
f 11732 11733 11734
f 11729 11735 11730
f 11736 11737 11738
f 11733 11739 11734
f 11740 11741 11742
f 11737 11743 11738
f 11744 11745 11746
f 11741 11747 11742
f 11748 11749 11750
f 11745 11751 11746
f 11752 11753 11754
f 11749 11755 11750
f 11756 11757 11758
f 11753 11759 11754
f 11760 11761 11762
f 11757 11763 11758
f 11764 11765 11766
f 11761 11767 11762
f 11768 11769 11770
f 11765 11771 11766
f 11769 11772 11770
f 11773 11774 11775
f 11775 11774 11776
f 11777 11778 11779
f 11780 11781 11782
f 11778 11783 11779
f 11784 11785 11786
f 11781 11787 11782
f 11788 11789 11790
f 11785 11791 11786
f 11792 11793 11794
f 11789 11795 11790
f 11796 11797 11798
f 11793 11799 11794
f 11800 11801 11802
f 11797 11803 11798
f 11804 11805 11806
f 11801 11807 11802
f 11808 11809 11810
f 11805 11811 11806
f 11812 11813 11814
f 11809 11815 11810
f 11816 11817 11818
f 11813 11819 11814
f 11820 11821 11822
f 11817 11823 11818
f 11821 11824 11822
f 11825 11826 11827
f 11828 11829 11830
f 11826 11831 11827
f 11832 11833 11834
f 11829 11835 11830
f 11836 11837 11838
f 11833 11839 11834
f 11840 11841 11842
f 11837 11843 11838
f 11844 11845 11846
f 11841 11847 11842
f 11848 11849 11850
f 11845 11851 11846
f 11852 11853 11854
f 11849 11855 11850
f 11856 11857 11858
f 11853 11859 11854
f 11860 11861 11862
f 11857 11863 11858
f 11864 11865 11866
f 11861 11867 11862
f 11868 11869 11870
f 11865 11871 11866
f 11872 11873 11874
f 11869 11875 11870
f 11873 11876 11874
f 11877 11878 11879
f 11879 11878 11880
f 11881 11882 11883
f 11884 11882 11881
f 11885 11886 11887
f 11888 11886 11885
f 11889 11890 11891
f 11892 11890 11889
f 11893 11894 11895
f 11896 11894 11893
f 11897 11898 11899
f 11900 11898 11897
f 11901 11902 11903
f 11904 11902 11901
f 11905 11906 11907
f 11908 11906 11905
f 11909 11910 11911
f 11912 11910 11909
f 11913 11914 11915
f 11916 11914 11913
f 11917 11918 11919
f 11920 11918 11917
f 11921 11922 11923
f 11924 11925 11926
f 11927 11925 11924
f 11922 11928 11923
f 11929 11930 11931
f 11929 11932 11930
f 11933 11934 11935
f 11929 11936 11932
f 11929 11937 11936
f 11929 11938 11939
f 11929 11940 11937
f 11929 11941 11940
f 11929 11939 11942
f 11933 11935 11943
f 11944 11945 11942
f 11946 11947 11939
f 11948 11949 11941
f 11948 11950 11949
f 11946 11951 11947
f 11952 11942 11945
f 11948 11953 11950
f 11948 11954 11953
f 11948 11955 11954
f 11948 11956 11955
f 11948 11957 11956
f 11958 11959 11934
f 11960 11944 11942
f 11948 11961 11957
f 11948 11962 11963
f 11948 11963 11961
f 11964 11942 11952
f 11965 11948 11941
f 11965 11941 11929
f 11958 11934 11933
f 11966 11960 11942
f 11938 11946 11939
f 11967 11942 11964
f 11968 11969 11959
f 11939 11966 11942
f 11968 11959 11958
f 11970 11942 11967
f 11971 11972 11969
f 11971 11969 11968
f 11973 11974 11972
f 11973 11972 11971
f 11975 11970 11976
f 11975 11942 11970
f 11977 11978 11974
f 11962 11979 11980
f 11962 11976 11979
f 11962 11975 11976
f 11977 11974 11973
f 11981 11962 11980
f 11982 11983 11978
f 11982 11978 11977
f 11984 11962 11981
f 11985 11986 11983
f 11985 11983 11982
f 11987 11962 11984
f 11963 11962 11988
f 11963 11986 11985
f 11963 11988 11986
f 11989 11962 11987
f 11990 11962 11989
f 11988 11962 11990
f 11943 11935 11991
f 11951 11991 11947
f 11951 11943 11991
f 11929 11992 11938
f 11929 11931 11992
f 11993 11994 11995
f 11994 11996 11995
f 11997 11998 11999
f 12000 11998 11997
f 12001 12002 12003
f 12004 12002 12001
f 12005 12006 12007
f 12008 12006 12005
f 12009 12010 12011
f 12012 12010 12009
f 12013 12014 12015
f 12016 12014 12013
f 12017 12018 12019
f 12020 12018 12017
f 12021 12022 12023
f 12024 12022 12021
f 12025 12026 12027
f 12028 12026 12025
f 12029 12030 12031
f 12032 12030 12029
f 12033 12034 12035
f 12036 12034 12033
f 12037 12038 12039
f 12040 12038 12037
f 12041 12042 12043
f 12044 12042 12041
f 12045 12046 12047
f 12048 12049 12050
f 12046 12051 12047
f 12052 12053 12054
f 12049 12055 12050
f 12056 12057 12058
f 12053 12059 12054
f 12060 12061 12062
f 12057 12063 12058
f 12064 12065 12066
f 12061 12067 12062
f 12068 12069 12070
f 12065 12071 12066
f 12072 12073 12074
f 12069 12075 12070
f 12076 12077 12078
f 12073 12079 12074
f 12080 12081 12082
f 12077 12083 12078
f 12084 12085 12086
f 12081 12087 12082
f 12088 12089 12090
f 12085 12091 12086
f 12092 12093 12094
f 12089 12095 12090
f 12093 12096 12094
f 12097 12098 12099
f 12100 12101 12102
f 12103 12104 12105
f 12106 12107 12108
f 12109 12110 12111
f 12112 12113 12114
f 12115 12116 12117
f 12118 12119 12120
f 12121 12122 12123
f 12124 12125 12126
f 12127 12128 12129
f 12130 12131 12132
f 12133 12134 12135
f 12136 12137 12138
f 12139 12140 12141
f 12142 12143 12144
f 12142 12145 12146
f 12142 12144 12145
f 12147 12148 12149
f 12147 12149 12150
f 12151 12148 12147
f 12152 12148 12151
f 12153 12154 12148
f 12153 12155 12154
f 12153 12156 12155
f 12153 12148 12152
f 12157 12153 12158
f 12157 12156 12153
f 12159 12157 12158
f 12160 12159 12158
f 12161 12158 12162
f 12161 12162 12163
f 12161 12163 12164
f 12161 12160 12158
f 12165 12161 12164
f 12166 12167 12168
f 12169 12145 12170
f 12169 12170 12171
f 12169 12171 12166
f 12169 12166 12168
f 12172 12165 12173
f 12172 12173 12174
f 12172 12174 12144
f 12172 12161 12165
f 12175 12145 12169
f 12176 12172 12144
f 12177 12145 12175
f 12143 12176 12144
f 12146 12145 12177
f 12178 12179 12180
f 12181 12182 12183
f 12184 12185 12186
f 12187 12188 12189
f 12190 12191 12192
f 12193 12194 12195
f 12196 12197 12198
f 12199 12200 12201
f 12202 12203 12204
f 12205 12206 12207
f 12208 12209 12210
f 12211 12212 12213
f 12214 12215 12216
f 12217 12218 12219
f 12220 12214 12216
f 12221 12222 12223
f 12224 12223 12222
f 12225 12221 12223
f 12226 12223 12224
f 12227 12225 12223
f 12228 12227 12223
f 12229 12223 12226
f 12230 12223 12231
f 12230 12228 12223
f 12232 12230 12231
f 12233 12232 12231
f 12234 12233 12231
f 12235 12234 12231
f 12236 12235 12231
f 12237 12236 12231
f 12238 12237 12231
f 12239 12240 12241
f 12239 12241 12242
f 12243 12244 12245
f 12246 12245 12244
f 12247 12240 12239
f 12248 12243 12245
f 12247 12249 12240
f 12250 12245 12246
f 12251 12249 12247
f 12251 12252 12249
f 12253 12248 12245
f 12254 12255 12256
f 12254 12257 12255
f 12254 12256 12245
f 12258 12253 12245
f 12259 12257 12254
f 12260 12261 12252
f 12260 12252 12251
f 12262 12259 12254
f 12263 12258 12245
f 12264 12265 12266
f 12264 12250 12265
f 12267 12268 12261
f 12264 12245 12250
f 12269 12264 12266
f 12267 12261 12260
f 12270 12262 12254
f 12271 12272 12268
f 12271 12268 12267
f 12273 12264 12269
f 12274 12270 12254
f 12275 12276 12272
f 12275 12272 12271
f 12277 12264 12273
f 12278 12274 12254
f 12279 12264 12277
f 12280 12264 12279
f 12281 12264 12280
f 12282 12283 12284
f 12282 12285 12283
f 12282 12286 12285
f 12282 12287 12286
f 12282 12288 12287
f 12282 12289 12288
f 12282 12290 12289
f 12282 12284 12278
f 12282 12278 12254
f 12282 12264 12281
f 12282 12281 12276
f 12282 12276 12290
f 12290 12276 12275
f 12291 12292 12293
f 12294 12293 12263
f 12294 12291 12293
f 12242 12241 12292
f 12242 12292 12291
f 12256 12263 12245
f 12256 12294 12263
f 12295 12296 12297
f 12295 12297 12298
f 12295 12298 12299
f 12295 12299 12300
f 12295 12300 12301
f 12295 12301 12302
f 12303 12295 12302
f 12304 12303 12302
f 12304 12302 12305
f 12306 12304 12305
f 12306 12305 12307
f 12308 12309 12306
f 12308 12306 12307
f 12310 12311 12309
f 12310 12309 12308
f 12312 12308 12307
f 12312 12307 12313
f 12314 12315 12311
f 12314 12311 12310
f 12316 12313 12317
f 12316 12312 12313
f 12318 12319 12315
f 12318 12315 12314
f 12320 12321 12322
f 12323 12320 12322
f 12324 12316 12317
f 12324 12317 12325
f 12326 12320 12323
f 12327 12320 12326
f 12327 12328 12320
f 12329 12330 12319
f 12329 12319 12318
f 12331 12325 12332
f 12331 12324 12325
f 12333 12334 12335
f 12333 12335 12330
f 12333 12330 12329
f 12336 12331 12332
f 12337 12334 12333
f 12337 12338 12339
f 12337 12339 12334
f 12340 12336 12332
f 12340 12332 12341
f 12342 12338 12337
f 12343 12342 12337
f 12344 12328 12327
f 12344 12345 12328
f 12346 12340 12341
f 12347 12344 12348
f 12349 12345 12344
f 12349 12344 12347
f 12350 12342 12343
f 12351 12346 12341
f 12351 12341 12352
f 12353 12351 12352
f 12353 12352 12345
f 12354 12343 12355
f 12354 12350 12343
f 12356 12355 12357
f 12356 12357 12358
f 12356 12354 12355
f 12359 12358 12360
f 12359 12360 12361
f 12359 12356 12358
f 12362 12361 12363
f 12362 12359 12361
f 12364 12363 12365
f 12364 12362 12363
f 12366 12365 12367
f 12366 12364 12365
f 12368 12366 12367
f 12369 12370 12368
f 12369 12367 12371
f 12369 12368 12367
f 12369 12372 12370
f 12373 12349 12374
f 12375 12345 12349
f 12375 12353 12345
f 12375 12349 12373
f 12376 12373 12374
f 12376 12374 12377
f 12378 12371 12353
f 12378 12369 12371
f 12378 12353 12375
f 12379 12376 12377
f 12380 12369 12378
f 12381 12379 12377
f 12381 12377 12382
f 12383 12369 12380
f 12384 12381 12382
f 12385 12369 12383
f 12386 12384 12382
f 12386 12387 12388
f 12386 12389 12387
f 12386 12382 12389
f 12386 12388 12390
f 12391 12369 12385
f 12392 12386 12390
f 12393 12369 12391
f 12394 12392 12390
f 12395 12392 12394
f 12395 12396 12392
f 12397 12398 12396
f 12397 12396 12395
f 12399 12369 12393
f 12399 12400 12401
f 12399 12393 12402
f 12399 12402 12403
f 12399 12403 12400
f 12404 12398 12397
f 12405 12401 12406
f 12405 12399 12401
f 12407 12408 12398
f 12407 12398 12404
f 12409 12406 12410
f 12409 12410 12411
f 12409 12405 12406
f 12412 12413 12414
f 12412 12414 12408
f 12412 12408 12407
f 12415 12411 12413
f 12415 12409 12411
f 12415 12413 12412
f 12416 12417 12418
f 12419 12420 12421
f 12422 12423 12424
f 12425 12426 12427
f 12428 12429 12430
f 12431 12432 12433
f 12434 12435 12436
f 12437 12438 12439
f 12440 12441 12442
f 12443 12444 12445
f 12446 12447 12448
f 12449 12450 12451
f 12452 12453 12454
f 12455 12456 12457
f 12458 12459 12460
f 12461 12462 12463
f 12464 12465 12466
f 12467 12468 12469
f 12470 12471 12472
f 12473 12474 12475
f 12473 12476 12474
f 12477 12478 12479
f 12480 12479 12481
f 12480 12481 12482
f 12480 12477 12479
f 12483 12484 12478
f 12483 12478 12477
f 12485 12486 12487
f 12485 12488 12486
f 12485 12482 12488
f 12485 12480 12482
f 12489 12490 12484
f 12489 12484 12483
f 12491 12487 12492
f 12491 12485 12487
f 12493 12494 12495
f 12493 12495 12496
f 12493 12496 12497
f 12493 12497 12498
f 12499 12490 12489
f 12499 12500 12490
f 12501 12491 12492
f 12502 12473 12494
f 12502 12494 12493
f 12503 12500 12499
f 12503 12504 12500
f 12505 12492 12506
f 12505 12501 12492
f 12507 12476 12473
f 12507 12473 12502
f 12508 12504 12503
f 12509 12505 12506
f 12510 12506 12476
f 12510 12476 12507
f 12510 12509 12506
f 12511 12508 12512
f 12511 12504 12508
f 12513 12511 12512
f 12514 12513 12515
f 12514 12515 12516
f 12514 12511 12513
f 12517 12516 12518
f 12517 12518 12519
f 12517 12519 12520
f 12517 12520 12521
f 12517 12514 12516
f 12522 12523 12524
f 12522 12524 12525
f 12526 12524 12523
f 12526 12527 12524
f 12528 12522 12525
f 12529 12530 12510
f 12529 12527 12526
f 12529 12507 12527
f 12529 12510 12507
f 12531 12528 12525
f 12531 12525 12532
f 12533 12534 12530
f 12533 12530 12529
f 12535 12531 12532
f 12535 12532 12536
f 12537 12534 12533
f 12538 12536 12539
f 12538 12535 12536
f 12540 12539 12541
f 12540 12538 12539
f 12542 12540 12541
f 12543 12544 12534
f 12543 12521 12545
f 12543 12545 12546
f 12543 12546 12544
f 12543 12517 12521
f 12543 12534 12537
f 12547 12548 12543
f 12549 12543 12537
f 12549 12547 12543
f 12550 12537 12551
f 12550 12549 12537
f 12552 12551 12553
f 12552 12550 12551
f 12554 12553 12555
f 12554 12555 12556
f 12554 12552 12553
f 12557 12554 12556
f 12557 12556 12558
f 12557 12558 12559
f 12560 12561 12562
f 12563 12562 12542
f 12563 12560 12562
f 12564 12565 12561
f 12564 12561 12560
f 12566 12541 12567
f 12566 12542 12541
f 12566 12563 12542
f 12568 12565 12564
f 12569 12566 12567
f 12570 12565 12568
f 12570 12571 12565
f 12572 12569 12567
f 12572 12573 12574
f 12572 12574 12569
f 12575 12573 12572
f 12576 12573 12575
f 12577 12559 12578
f 12577 12578 12579
f 12577 12557 12559
f 12580 12571 12570
f 12580 12581 12571
f 12582 12573 12576
f 12582 12583 12584
f 12582 12584 12573
f 12585 12582 12576
f 12586 12581 12580
f 12587 12577 12579
f 12588 12589 12581
f 12588 12581 12586
f 12590 12579 12589
f 12590 12587 12579
f 12591 12589 12588
f 12592 12589 12591
f 12592 12590 12589
f 12593 12594 12595
f 12593 12596 12594
f 12597 12598 12599
f 12597 12600 12598
f 12601 12602 12603
f 12601 12604 12602
f 12605 12606 12607
f 12605 12608 12606
f 12609 12610 12611
f 12609 12612 12610
f 12613 12614 12615
f 12613 12616 12614
f 12617 12618 12619
f 12617 12620 12618
f 12621 12622 12623
f 12624 12621 12623
f 12625 12626 12627
f 12628 12626 12625
f 12628 12629 12626
f 12628 12630 12629
f 12631 12625 12627
f 12631 12627 12632
f 12633 12630 12628
f 12633 12634 12630
f 12633 12635 12634
f 12633 12636 12635
f 12637 12631 12632
f 12637 12632 12638
f 12639 12636 12633
f 12639 12640 12636
f 12641 12642 12643
f 12641 12644 12642
f 12641 12645 12644
f 12641 12646 12645
f 12647 12637 12638
f 12647 12638 12648
f 12649 12640 12639
f 12650 12641 12643
f 12650 12643 12624
f 12651 12648 12652
f 12651 12647 12648
f 12653 12640 12649
f 12653 12654 12640
f 12655 12624 12623
f 12655 12650 12624
f 12656 12651 12652
f 12657 12654 12653
f 12658 12623 12654
f 12658 12655 12623
f 12658 12654 12657
f 12659 12660 12656
f 12659 12656 12652
f 12661 12660 12659
f 12662 12661 12659
f 12662 12663 12661
f 12662 12664 12663
f 12665 12666 12664
f 12665 12667 12666
f 12665 12668 12667
f 12665 12669 12668
f 12665 12664 12662
f 12670 12671 12672
f 12670 12673 12671
f 12670 12674 12673
f 12670 12675 12674
f 12670 12676 12675
f 12670 12677 12676
f 12678 12679 12680
f 12678 12681 12679
f 12682 12680 12679
f 12682 12679 12683
f 12684 12681 12678
f 12685 12655 12658
f 12685 12658 12686
f 12685 12682 12683
f 12685 12683 12655
f 12687 12670 12672
f 12687 12672 12681
f 12687 12681 12684
f 12688 12686 12689
f 12688 12685 12686
f 12690 12670 12687
f 12691 12688 12689
f 12692 12670 12690
f 12693 12670 12692
f 12694 12670 12693
f 12695 12689 12696
f 12695 12697 12669
f 12695 12698 12697
f 12695 12696 12698
f 12695 12691 12689
f 12695 12669 12665
f 12699 12695 12700
f 12701 12691 12695
f 12701 12695 12699
f 12702 12691 12701
f 12702 12703 12691
f 12704 12705 12703
f 12704 12703 12702
f 12706 12705 12704
f 12706 12707 12705
f 12706 12708 12707
f 12709 12710 12708
f 12709 12711 12710
f 12709 12708 12706
f 12712 12713 12714
f 12715 12694 12713
f 12715 12670 12694
f 12715 12713 12712
f 12716 12714 12717
f 12716 12712 12714
f 12718 12670 12715
f 12719 12716 12717
f 12720 12670 12718
f 12720 12721 12670
f 12722 12719 12717
f 12722 12717 12723
f 12724 12720 12725
f 12724 12725 12726
f 12724 12721 12720
f 12727 12724 12726
f 12728 12727 12726
f 12729 12726 12730
f 12731 12732 12711
f 12731 12733 12732
f 12731 12711 12709
f 12734 12722 12723
f 12734 12723 12735
f 12736 12728 12726
f 12737 12726 12729
f 12737 12736 12726
f 12738 12733 12731
f 12739 12734 12735
f 12740 12735 12741
f 12740 12739 12735
f 12742 12733 12738
f 12742 12741 12733
f 12743 12740 12741
f 12744 12741 12742
f 12744 12743 12741
f 12745 12746 12747
f 12747 12746 12748
f 12749 12750 12751
f 12752 12750 12749
f 12753 12754 12755
f 12756 12754 12753
f 12757 12758 12759
f 12760 12758 12757
f 12761 12762 12763
f 12764 12762 12761
f 12765 12766 12767
f 12768 12766 12765
f 12769 12770 12771
f 12772 12770 12769
f 12773 12774 12775
f 12776 12777 12778
f 12774 12779 12775
f 12780 12781 12782
f 12777 12783 12778
f 12784 12785 12786
f 12781 12787 12782
f 12788 12789 12790
f 12785 12791 12786
f 12792 12793 12794
f 12789 12795 12790
f 12796 12797 12798
f 12793 12799 12794
f 12797 12800 12798
f 12801 12802 12803
f 12801 12804 12802
f 12805 12806 12807
f 12805 12807 12808
f 12809 12810 12806
f 12809 12806 12805
f 12811 12808 12812
f 12811 12813 12814
f 12811 12815 12813
f 12811 12812 12815
f 12811 12805 12808
f 12816 12817 12818
f 12816 12818 12810
f 12816 12810 12809
f 12819 12811 12814
f 12820 12817 12816
f 12820 12821 12817
f 12822 12823 12824
f 12822 12824 12825
f 12822 12825 12826
f 12822 12826 12827
f 12828 12814 12829
f 12828 12819 12814
f 12830 12821 12820
f 12831 12801 12823
f 12831 12823 12822
f 12832 12828 12829
f 12833 12821 12830
f 12833 12834 12821
f 12835 12804 12801
f 12835 12801 12831
f 12836 12829 12837
f 12836 12832 12829
f 12838 12834 12833
f 12839 12837 12804
f 12839 12836 12837
f 12840 12839 12804
f 12840 12804 12835
f 12841 12834 12838
f 12841 12838 12842
f 12843 12841 12842
f 12844 12841 12843
f 12844 12843 12845
f 12846 12847 12848
f 12846 12848 12849
f 12846 12849 12850
f 12846 12845 12847
f 12846 12844 12845
f 12851 12852 12853
f 12851 12854 12852
f 12851 12855 12854
f 12851 12856 12855
f 12851 12857 12856
f 12851 12858 12857
f 12859 12860 12861
f 12862 12860 12859
f 12863 12859 12861
f 12864 12865 12860
f 12864 12860 12862
f 12866 12861 12858
f 12866 12863 12861
f 12867 12868 12840
f 12867 12840 12835
f 12867 12835 12865
f 12867 12865 12864
f 12869 12858 12851
f 12869 12866 12858
f 12870 12868 12867
f 12871 12869 12851
f 12872 12871 12851
f 12873 12872 12851
f 12874 12873 12851
f 12875 12850 12876
f 12875 12876 12877
f 12875 12877 12878
f 12875 12878 12879
f 12875 12879 12868
f 12875 12846 12850
f 12875 12870 12880
f 12875 12868 12870
f 12881 12882 12875
f 12883 12875 12880
f 12883 12881 12875
f 12884 12880 12885
f 12884 12883 12880
f 12886 12885 12887
f 12886 12884 12885
f 12888 12886 12887
f 12888 12887 12889
f 12890 12888 12889
f 12890 12889 12891
f 12890 12891 12892
f 12893 12894 12874
f 12895 12893 12874
f 12895 12874 12851
f 12896 12894 12893
f 12896 12897 12894
f 12898 12895 12851
f 12899 12900 12897
f 12899 12897 12896
f 12901 12898 12851
f 12901 12851 12902
f 12903 12900 12899
f 12903 12904 12900
f 12905 12906 12907
f 12905 12907 12901
f 12905 12901 12902
f 12908 12906 12905
f 12909 12906 12908
f 12910 12890 12892
f 12910 12892 12911
f 12910 12911 12912
f 12913 12904 12903
f 12914 12909 12908
f 12914 12908 12915
f 12914 12915 12916
f 12914 12917 12909
f 12918 12919 12904
f 12918 12904 12913
f 12920 12910 12912
f 12920 12912 12921
f 12922 12919 12918
f 12923 12920 12921
f 12924 12921 12919
f 12924 12923 12921
f 12925 12919 12922
f 12925 12924 12919
f 12926 12927 12928
f 12929 12930 12931
f 12932 12926 12928
f 12933 12934 12935
f 12936 12929 12931
f 12937 12938 12939
f 12940 12933 12935
f 12941 12942 12943
f 12944 12937 12939
f 12945 12946 12947
f 12948 12941 12943
f 12949 12945 12947
f 12950 12951 12952
f 12950 12953 12951
f 12954 12955 12956
f 12957 12958 12959
f 12960 12961 12962
f 12961 12963 12962
f 12964 12965 12966
f 12967 12968 12969
f 12970 12971 12972
f 12973 12974 12975
f 12976 12977 12978
f 12979 12980 12981
f 12982 12983 12984
f 12985 12986 12987
f 12988 12989 12990
f 12991 12992 12993
f 12994 12995 12996
f 12997 12998 12999
f 13000 13001 13002
f 13003 13004 13005
f 13006 13007 13008
f 13009 13010 13011
f 13012 13013 13014
f 13010 13015 13011
f 13016 13017 13018
f 13013 13019 13014
f 13020 13021 13022
f 13017 13023 13018
f 13024 13025 13026
f 13021 13027 13022
f 13028 13029 13030
f 13025 13031 13026
f 13032 13033 13034
f 13029 13035 13030
f 13036 13037 13038
f 13033 13039 13034
f 13040 13041 13042
f 13037 13043 13038
f 13044 13045 13046
f 13041 13047 13042
f 13048 13049 13050
f 13045 13051 13046
f 13052 13053 13054
f 13049 13055 13050
f 13056 13057 13058
f 13053 13059 13054
f 13057 13060 13058
f 13061 13062 13063
f 13064 13065 13066
f 13062 13067 13063
f 13068 13069 13070
f 13065 13071 13066
f 13072 13073 13074
f 13069 13075 13070
f 13076 13077 13078
f 13073 13079 13074
f 13080 13081 13082
f 13077 13083 13078
f 13084 13085 13086
f 13081 13087 13082
f 13088 13089 13090
f 13085 13091 13086
f 13092 13093 13094
f 13089 13095 13090
f 13096 13097 13098
f 13093 13099 13094
f 13100 13101 13102
f 13097 13103 13098
f 13104 13105 13106
f 13101 13107 13102
f 13108 13109 13110
f 13105 13111 13106
f 13109 13112 13110
f 13113 13114 13115
f 13116 13117 13118
f 13114 13119 13115
f 13120 13121 13122
f 13117 13123 13118
f 13124 13125 13126
f 13121 13127 13122
f 13128 13129 13130
f 13125 13131 13126
f 13132 13133 13134
f 13129 13135 13130
f 13136 13137 13138
f 13133 13139 13134
f 13137 13140 13138
f 13141 13142 13143
f 13141 13144 13142
f 13145 13146 13147
f 13145 13148 13146
f 13149 13150 13151
f 13149 13152 13150
f 13153 13154 13155
f 13153 13156 13154
f 13157 13158 13159
f 13157 13160 13158
f 13161 13162 13163
f 13161 13164 13162
f 13165 13166 13167
f 13165 13168 13166
f 13169 13170 13171
f 13169 13172 13170
f 13173 13174 13175
f 13173 13176 13174
f 13177 13178 13179
f 13180 13181 13182
f 13178 13183 13179
f 13184 13185 13186
f 13181 13187 13182
f 13185 13188 13186
f 13189 13190 13191
f 13189 13192 13190
f 13193 13194 13195
f 13196 13197 13198
f 13199 13193 13195
f 13200 13201 13202
f 13203 13196 13198
f 13204 13200 13202
f 13205 13206 13207
f 13205 13208 13206
f 13209 13210 13211
f 13209 13211 13212
f 13213 13214 13215
f 13213 13216 13214
f 13217 13218 13219
f 13217 13220 13218
f 13221 13222 13223
f 13221 13224 13222
f 13225 13226 13227
f 13225 13228 13226
f 13229 13230 13231
f 13229 13232 13230
f 13233 13234 13235
f 13233 13236 13234
f 13237 13238 13239
f 13237 13240 13238
f 13241 13242 13243
f 13244 13245 13246
f 13244 13247 13245
f 13248 13241 13243
f 13249 13250 13251
f 13249 13252 13250
f 13253 13254 13255
f 13256 13257 13258
f 13259 13253 13255
f 13260 13261 13262
f 13263 13256 13258
f 13264 13265 13266
f 13267 13260 13262
f 13268 13269 13270
f 13271 13264 13266
f 13272 13268 13270
f 13253 13273 13254
f 13254 13273 13274
f 13275 13276 13277
f 13278 13276 13275
f 13279 13280 13281
f 13282 13280 13279
f 13283 13284 13285
f 13286 13284 13283
f 13287 13288 13289
f 13287 13290 13288
f 13291 13292 13293
f 13293 13292 13294
f 13295 13296 13297
f 13298 13296 13295
f 13299 13300 13301
f 13302 13300 13299
f 13303 13304 13305
f 13306 13304 13303
f 13307 13308 13309
f 13310 13308 13307
f 13311 13312 13313
f 13314 13312 13311
f 13315 13316 13317
f 13318 13316 13315
f 13319 13320 13321
f 13322 13320 13319
f 13323 13324 13325
f 13326 13324 13323
f 13327 13328 13329
f 13330 13328 13327
f 13331 13332 13333
f 13334 13332 13331
f 13335 13336 13337
f 13338 13336 13335
f 13339 13340 13341
f 13342 13340 13339
f 13343 13344 13345
f 13345 13344 13346
f 13347 13348 13349
f 13350 13348 13347
f 13351 13352 13353
f 13354 13352 13351
f 13355 13356 13357
f 13358 13356 13355
f 13359 13360 13361
f 13362 13360 13359
f 13363 13364 13365
f 13366 13364 13363
f 13367 13368 13369
f 13370 13368 13367
f 13371 13372 13373
f 13374 13372 13371
f 13375 13376 13377
f 13378 13376 13375
f 13379 13380 13381
f 13382 13380 13379
f 13383 13384 13385
f 13386 13384 13383
f 13387 13388 13389
f 13390 13388 13387
f 13391 13392 13393
f 13394 13392 13391
f 13395 13396 13397
f 13398 13395 13397
f 13399 13400 13401
f 13402 13403 13404
f 13400 13405 13401
f 13406 13407 13408
f 13403 13409 13404
f 13410 13411 13412
f 13407 13413 13408
f 13411 13414 13412
f 13415 13416 13417
f 13418 13419 13420
f 13421 13415 13417
f 13422 13423 13424
f 13425 13418 13420
f 13426 13427 13428
f 13429 13422 13424
f 13430 13431 13412
f 13432 13426 13428
f 13414 13430 13412
f 13433 13434 13435
f 13433 13436 13434
f 13437 13438 13439
f 13437 13440 13438
f 13441 13442 13443
f 13441 13444 13442
f 13445 13446 13447
f 13445 13448 13446
f 13449 13450 13451
f 13449 13452 13450
f 13453 13454 13455
f 13453 13456 13454
f 13457 13458 13459
f 13457 13460 13458
f 13461 13462 13463
f 13461 13464 13462
f 13465 13466 13467
f 13465 13468 13466
f 13469 13470 13471
f 13469 13472 13470
f 13473 13474 13475
f 13473 13476 13474
f 13477 13478 13479
f 13477 13480 13478
f 13481 13482 13483
f 13484 13485 13486
f 13481 13487 13482
f 13488 13484 13486
f 13489 13490 13491
f 13489 13492 13490
f 13493 13494 13495
f 13496 13497 13498
f 13499 13493 13495
f 13500 13496 13498
f 13501 13502 13503
f 13501 13504 13502
f 13505 13506 13507
f 13505 13508 13506
f 13509 13510 13511
f 13511 13510 13512
f 13513 13514 13515
f 13516 13514 13513
f 13517 13518 13519
f 13520 13518 13517
f 13521 13522 13523
f 13521 13524 13522
f 13525 13526 13527
f 13525 13528 13526
f 13529 13530 13531
f 13529 13532 13530
f 13533 13534 13535
f 13533 13536 13534
f 13537 13538 13539
f 13537 13540 13538
f 13541 13542 13543
f 13541 13544 13542
f 13545 13546 13547
f 13545 13548 13546
f 13549 13550 13551
f 13549 13552 13550
f 13553 13554 13555
f 13553 13556 13554
f 13557 13558 13559
f 13560 13561 13562
f 13558 13563 13559
f 13564 13565 13566
f 13561 13567 13562
f 13568 13569 13570
f 13565 13571 13566
f 13572 13573 13574
f 13569 13575 13570
f 13576 13577 13578
f 13573 13579 13574
f 13580 13581 13582
f 13577 13583 13578
f 13581 13584 13582
f 13585 13586 13587
f 13585 13588 13586
f 13589 13590 13591
f 13589 13592 13590
f 13593 13594 13595
f 13595 13594 13596
f 13597 13598 13599
f 13600 13598 13597
f 13601 13602 13603
f 13604 13602 13601
f 13605 13606 13607
f 13605 13608 13606
f 13609 13610 13611
f 13609 13612 13610
f 13613 13614 13615
f 13613 13616 13614
f 13617 13618 13619
f 13620 13621 13622
f 13623 13617 13619
f 13624 13625 13626
f 13627 13620 13622
f 13628 13624 13626
f 13629 13630 13631
f 13631 13630 13632
f 13633 13634 13635
f 13636 13634 13633
f 13637 13638 13639
f 13640 13638 13637
f 13641 13642 13643
f 13644 13645 13646
f 13647 13648 13649
f 13650 13651 13652
f 13653 13654 13655
f 13656 13657 13658
f 13659 13660 13661
f 13662 13663 13664
f 13665 13666 13667
f 13668 13669 13670
f 13671 13672 13673
f 13674 13675 13676
f 13677 13678 13679
f 13680 13681 13682
f 13683 13684 13685
f 13686 13687 13688
f 13689 13690 13691
f 13692 13693 13694
f 13695 13696 13697
f 13698 13699 13700
f 13701 13702 13703
f 13701 13703 13704
f 13705 13706 13707
f 13708 13709 13710
f 13711 13712 13713
f 13714 13715 13716
f 13717 13718 13719
f 13720 13721 13722
f 13723 13724 13725
f 13726 13727 13728
f 13729 13730 13731
f 13732 13733 13734
f 13735 13736 13737
f 13738 13739 13740
f 13741 13742 13743
f 13744 13745 13746
f 13747 13748 13749
f 13750 13751 13752
f 13753 13754 13755
f 13756 13757 13758
f 13759 13760 13761
f 13762 13763 13764
f 13765 13766 13767
f 13768 13769 13770
f 13771 13772 13773
f 13771 13773 13774
f 13775 13776 13777
f 13778 13779 13780
f 13781 13782 13783
f 13784 13785 13786
f 13787 13788 13789
f 13790 13791 13792
f 13793 13794 13795
f 13796 13797 13798
f 13799 13800 13801
f 13802 13803 13804
f 13805 13806 13807
f 13808 13809 13810
f 13808 13811 13809
f 13812 13813 13814
f 13815 13816 13817
f 13818 13819 13820
f 13821 13822 13823
f 13824 13825 13826
f 13827 13828 13829
f 13830 13831 13832
f 13833 13834 13835
f 13836 13837 13838
f 13839 13840 13841
f 13842 13843 13844
f 13839 13845 13840
f 13846 13847 13848
f 13849 13850 13851
f 13852 13853 13854
f 13855 13856 13857
f 13858 13859 13860
f 13861 13862 13863
f 13858 13860 13864
f 13865 13822 13821
f 13866 13867 13868
f 13869 13870 13871
f 13872 13873 13874
f 13875 13876 13877
f 13878 13879 13880
f 13881 13882 13883
f 13884 13885 13886
f 13887 13888 13889
f 13890 13891 13892
f 13893 13894 13895
f 13893 13896 13894
f 13897 13898 13899
f 13900 13901 13902
f 13903 13904 13905
f 13906 13907 13908
f 13909 13910 13901
f 13911 13898 13897
f 13912 13904 13903
f 13913 13900 13914
f 13915 13898 13911
f 13913 13901 13900
f 13912 13916 13904
f 13913 13909 13901
f 13917 13898 13915
f 13918 13909 13913
f 13919 13920 13921
f 13901 13898 13922
f 13919 13921 13923
f 13901 13922 13924
f 13919 13923 13925
f 13901 13924 13926
f 13927 13898 13917
f 13919 13925 13928
f 13929 13916 13912
f 13929 13930 13916
f 13922 13898 13927
f 13931 13930 13929
f 13931 13932 13930
f 13933 13934 13935
f 13936 13932 13931
f 13933 13935 13937
f 13936 13924 13932
f 13926 13924 13936
f 13938 13934 13933
f 13938 13939 13934
f 13940 13941 13933
f 13942 13934 13939
f 13943 13938 13933
f 13944 13945 13941
f 13946 13934 13942
f 13947 13944 13941
f 13947 13941 13940
f 13946 13928 13934
f 13948 13943 13933
f 13949 13950 13945
f 13951 13919 13928
f 13949 13945 13944
f 13951 13928 13946
f 13952 13947 13940
f 13953 13948 13933
f 13954 13906 13908
f 13955 13956 13950
f 13955 13950 13949
f 13954 13957 13906
f 13958 13940 13959
f 13960 13953 13933
f 13961 13952 13940
f 13962 13956 13955
f 13962 13905 13963
f 13962 13963 13956
f 13941 13960 13933
f 13964 13961 13940
f 13898 13965 13966
f 13908 13940 13958
f 13898 13966 13967
f 13968 13969 13970
f 13898 13967 13971
f 13972 13964 13940
f 13898 13971 13973
f 13898 13973 13974
f 13898 13974 13899
f 13975 13972 13940
f 13975 13940 13908
f 13976 13954 13977
f 13976 13977 13969
f 13976 13957 13954
f 13976 13969 13968
f 13978 13899 13919
f 13979 13975 13908
f 13978 13919 13951
f 13976 13980 13981
f 13976 13981 13957
f 13902 13980 13976
f 13982 13899 13978
f 13902 13983 13984
f 13985 13905 13962
f 13902 13984 13980
f 13907 13979 13908
f 13901 13983 13902
f 13901 13926 13986
f 13901 13986 13987
f 13901 13987 13988
f 13901 13988 13989
f 13901 13989 13990
f 13897 13899 13982
f 13901 13990 13983
f 13903 13905 13985
f 13991 13992 13993
f 13991 13994 13992
f 13995 13996 13997
f 13995 13998 13996
f 13999 14000 14001
f 13999 14002 14000
f 14003 14004 14005
f 14006 14007 14008
f 14006 14008 14009
f 14006 14009 14010
f 14011 14012 14013
f 14006 14010 14014
f 14006 14014 14015
f 14006 14015 14016
f 14017 14012 14011
f 14006 14016 14018
f 14017 14019 14012
f 14020 14021 14018
f 14022 14023 14024
f 14025 14019 14017
f 14022 14024 14007
f 14022 14007 14006
f 14022 14003 14023
f 14026 14027 14028
f 14029 14030 14031
f 14032 14022 14006
f 14033 14006 14034
f 14035 14019 14025
f 14036 14037 14027
f 14038 14029 14031
f 14036 14026 14039
f 14040 14032 14006
f 14038 14031 14041
f 14042 14020 14018
f 14036 14027 14026
f 14043 14006 14033
f 14044 14040 14006
f 14045 14042 14018
f 14044 14006 14043
f 14046 14041 14047
f 14048 14045 14018
f 14049 14050 14051
f 14046 14038 14041
f 14052 14049 14051
f 14053 14019 14035
f 14054 14048 14018
f 14055 14047 14056
f 14057 14052 14051
f 14057 14051 14058
f 14059 14054 14018
f 14055 14046 14047
f 14060 14058 14051
f 14061 14052 14057
f 14062 14055 14056
f 14062 14056 14063
f 14064 14060 14051
f 14065 14062 14063
f 14064 14051 14037
f 14065 14063 14066
f 14067 14052 14061
f 14016 14065 14066
f 14068 14037 14036
f 14016 14066 14059
f 14068 14064 14037
f 14016 14059 14018
f 14069 14070 14071
f 14072 14052 14067
f 14073 14070 14069
f 14073 14052 14070
f 14073 14012 14052
f 14074 14052 14072
f 14075 14071 14076
f 14075 14069 14071
f 14077 14012 14073
f 14070 14052 14074
f 14005 14019 14053
f 14005 14053 14078
f 14079 14076 14080
f 14079 14075 14076
f 14081 14082 14012
f 14018 14083 14084
f 14018 14084 14085
f 14018 14085 14086
f 14087 14012 14077
f 14018 14086 14088
f 14018 14088 14089
f 14018 14089 14090
f 14091 14068 14036
f 14030 14092 14031
f 14030 14080 14092
f 14030 14079 14080
f 14004 14093 14094
f 14004 14094 14095
f 14004 14095 14005
f 14096 14091 14036
f 14096 14036 14083
f 14013 14012 14087
f 14003 14078 14023
f 14019 14081 14012
f 14021 14083 14018
f 14003 14005 14078
f 14021 14096 14083
f 14097 14098 14099
f 14097 14100 14098
f 14101 14102 14103
f 14101 14104 14102
f 14105 14106 14107
f 14105 14108 14106
f 14109 14110 14111
f 14112 14113 14114
f 14115 14109 14111
f 14116 14117 14118
f 14119 14112 14114
f 14120 14121 14122
f 14123 14116 14118
f 14124 14125 14126
f 14127 14120 14122
f 14128 14124 14126
f 14129 14130 14131
f 14132 14130 14129
f 14133 14134 14135
f 14133 14136 14134
f 14137 14138 14139
f 14137 14140 14138
f 14141 14142 14143
f 14141 14144 14142
f 14145 14146 14147
f 14145 14148 14146
f 14149 14150 14151
f 14149 14152 14150
f 14153 14154 14155
f 14153 14156 14154
f 14157 14158 14159
f 14157 14160 14158
f 14161 14162 14163
f 14161 14164 14162
f 14165 14166 14167
f 14165 14168 14166
f 14169 14170 14171
f 14169 14172 14170
f 14173 14174 14175
f 14173 14176 14174
f 14177 14178 14179
f 14177 14180 14178
f 14181 14182 14183
f 14181 14184 14182
f 14185 14186 14187
f 14185 14188 14186
f 14189 14190 14191
f 14192 14190 14189
f 14193 14194 14195
f 14193 14196 14194
f 14197 14198 14199
f 14197 14200 14198
f 14201 14202 14203
f 14201 14204 14202
f 14205 14206 14207
f 14205 14208 14206
f 14209 14210 14211
f 14209 14212 14210
f 14213 14214 14215
f 14216 14217 14218
f 14216 14219 14217
f 14220 14213 14215
f 14221 14222 14223
f 14224 14222 14221
f 14225 14226 14227
f 14226 14228 14227
f 14229 14230 14231
f 14232 14230 14229
f 14233 14234 14235
f 14236 14234 14233
f 14237 14238 14239
f 14240 14238 14237
f 14241 14242 14243
f 14244 14242 14241
f 14245 14246 14247
f 14248 14246 14245
f 14249 14250 14251
f 14252 14250 14249
f 14253 14254 14255
f 14256 14254 14253
f 14257 14258 14259
f 14260 14258 14257
f 14261 14262 14263
f 14264 14262 14261
f 14265 14266 14267
f 14268 14266 14265
f 14269 14270 14271
f 14272 14273 14274
f 14275 14270 14269
f 14273 14276 14274
f 14277 14278 14279
f 14277 14280 14278
f 14281 11879 14282
f 14283 11881 14284
f 11879 11880 14282
f 14285 11885 14286
f 11881 11883 14284
f 14287 11889 14288
f 11885 11887 14286
f 14289 11893 14290
f 11889 11891 14288
f 14291 11897 14292
f 11893 11895 14290
f 14293 11901 14294
f 11897 11899 14292
f 14295 11905 14296
f 11901 11903 14294
f 14297 11909 14298
f 11905 11907 14296
f 14299 11913 14300
f 11909 11911 14298
f 14301 11917 14302
f 11913 11915 14300
f 14303 11924 14304
f 11917 11919 14302
f 14305 11921 14306
f 11924 11926 14304
f 11921 11923 14306
f 14307 14308 14309
f 14310 14308 14307
f 14311 14312 14313
f 14311 14314 14312
f 14315 14316 14317
f 14315 14317 14318
f 14319 14320 14321
f 14319 14321 14322
f 14323 14324 14325
f 14323 14325 14326
f 14327 14328 14329
f 14327 14329 14330
f 14331 14332 14333
f 14331 14333 14334
f 14335 14336 14337
f 14335 14337 14338
f 14339 14340 14341
f 14339 14341 14342
f 14343 14344 14345
f 14343 14345 14346
f 14347 14348 14349
f 14347 14349 14350
f 14351 14352 14353
f 14351 14353 14354
f 14355 14356 14357
f 14355 14357 14358
f 14359 14360 14361
f 14359 14361 14362
f 14363 14364 14365
f 14363 14365 14366
f 14367 14368 14369
f 14367 14369 14370
f 14371 14372 14373
f 14371 14373 14374
f 14375 14376 14377
f 14375 14378 14376
f 14379 14380 14381
f 14382 14383 14384
f 14380 14385 14381
f 14386 14387 14388
f 14383 14389 14384
f 14390 14391 14392
f 14387 14393 14388
f 14394 14395 14396
f 14391 14397 14392
f 14398 14399 14400
f 14395 14401 14396
f 14402 14403 14404
f 14399 14405 14400
f 14406 14407 14408
f 14403 14409 14404
f 14410 14411 14412
f 14407 14413 14408
f 14414 14415 14416
f 14411 14417 14412
f 14418 14419 14420
f 14415 14421 14416
f 14422 14423 14424
f 14419 14425 14420
f 14423 14426 14424
f 14427 14428 14429
f 14430 14428 14427
f 14431 14432 14433
f 14431 14434 14432
f 14435 14436 14437
f 14438 14439 14440
f 14441 14442 14443
f 14444 14445 14446
f 14447 14448 14449
f 14450 14451 14452
f 14453 14454 14455
f 14456 14457 14458
f 14459 14460 14461
f 14462 14463 14464
f 14465 14466 14467
f 14468 14469 14470
f 14471 14472 14473
f 14474 14475 14476
f 14477 14478 14479
f 14480 14481 14482
f 14480 14483 14481
f 14484 14485 14486
f 14487 14485 14484
f 14488 14489 14490
f 14491 14490 14492
f 14493 14488 14490
f 14493 14490 14491
f 14494 14495 14496
f 14497 14498 14499
f 14500 14494 14496
f 14501 14502 14503
f 14504 14497 14499
f 14505 14506 14507
f 14508 14501 14503
f 14509 14510 14511
f 14512 14505 14507
f 14513 14514 14515
f 14516 14509 14511
f 14517 14518 14519
f 14520 14513 14515
f 14521 14517 14519
f 14522 14523 14524
f 14522 14525 14523
f 14526 14527 14528
f 14529 14526 14528
f 14530 14531 14532
f 14530 14533 14531
f 14534 14535 14536
f 14534 14537 14535
f 14538 14539 14540
f 14538 14541 14539
f 14542 14543 14544
f 14542 14545 14543
f 14546 14547 14548
f 14546 14549 14547
f 14550 14551 14552
f 14550 14553 14551
f 14554 14555 14556
f 14554 14557 14555
f 14558 14559 14560
f 14561 14559 14558
f 14562 14563 14564
f 14565 14566 14567
f 14568 14562 14564
f 14569 14570 14571
f 14572 14565 14567
f 14573 14574 14575
f 14576 14569 14571
f 14577 14578 14579
f 14580 14573 14575
f 14581 14582 14583
f 14584 14577 14579
f 14585 14586 14587
f 14588 14581 14583
f 14589 14585 14587
f 14590 14591 14592
f 14590 14593 14591
f 14594 14595 14596
f 14594 14597 14595
f 14598 14599 14600
f 14598 14601 14599
f 14602 14603 14604
f 14602 14605 14603
f 14606 14607 14608
f 14606 14609 14607
f 14610 14611 14612
f 14610 14613 14611
f 14614 14615 14616
f 14614 14617 14615
f 14618 14619 14620
f 14621 14622 14623
f 14624 14625 14626
f 14627 14628 14629
f 14630 14631 14632
f 14633 14634 14635
f 14636 14637 14638
f 14639 14640 14641
f 14642 14643 14644
f 14645 14646 14647
f 14648 14649 14650
f 14651 14652 14653
f 14654 14655 14656
f 14657 14658 14659
f 14660 14661 14662
f 14663 14664 14665
f 14666 14664 14663
f 14561 14667 14559
f 14668 14667 14561
f 14669 14485 14487
f 14669 14670 14485
f 14671 14672 14673
f 14671 14673 14674
f 14675 14671 14674
f 14676 14671 14675
f 14677 14664 14666
f 14677 14678 14664
f 14679 14434 14431
f 14679 14680 14434
f 14522 14681 14525
f 14682 14681 14522
f 14480 14683 14483
f 14684 14683 14480
f 14685 14686 14687
f 14688 14687 14689
f 14688 14685 14687
f 14690 14688 14689
f 14691 14692 14693
f 14694 14695 14696
f 14697 14698 14699
f 14700 14701 14702
f 14703 14704 14705
f 14706 14707 14708
f 14697 14699 14709
f 14710 14711 14712
f 14713 14714 14715
f 14716 14717 14718
f 14719 14720 14721
f 14722 14723 14724
f 14725 14726 14727
f 14728 14729 14730
f 14731 14732 14733
f 14734 14735 14736
f 14737 14738 14739
f 14740 14741 14742
f 14743 14744 14745
f 14746 14747 14748
f 14749 14750 14751
f 14752 14753 14754
f 14755 14756 14757
f 14758 14759 14760
f 14761 14762 14763
f 14764 14765 14766
f 14767 14768 14769
f 14770 14771 14772
f 14773 14774 14775
f 14776 14777 14778
f 14779 14780 14781
f 14782 14783 14784
f 14785 14786 14787
f 14788 14789 14790
f 14791 14792 14793
f 14794 14795 14796
f 14797 14798 14799
f 14800 14801 14802
f 14803 14804 14805
f 14806 14807 14808
f 14809 14810 14811
f 14812 14813 14814
f 14812 14814 14815
f 14816 14817 14818
f 14819 14820 14821
f 14822 14823 14824
f 14825 14826 14827
f 14828 14829 14830
f 14831 14832 14833
f 14834 14835 14836
f 14837 14838 14839
f 14840 14841 14842
f 14843 14844 14845
f 14846 14847 14848
f 14849 14850 14851
f 14849 14851 14852
f 14853 14854 14855
f 14856 14857 14858
f 14859 14860 14861
f 14862 14863 14864
f 14865 14866 14867
f 14868 14807 14806
f 14869 14870 14871
f 14872 14873 14874
f 14875 14876 14877
f 14878 14879 14880
f 14881 14882 14883
f 14884 14885 14886
f 14887 14888 14889
f 14890 14891 14892
f 14893 14894 14895
f 14896 14897 14898
f 14881 14899 14882
f 14900 14901 14902
f 14903 14904 14905
f 14906 14907 14908
f 14909 14910 14911
f 14912 14913 14914
f 14915 14916 14917
f 14918 14919 14920
f 14921 14922 14923
f 14924 14925 14926
f 14927 14928 14929
f 14930 14931 14932
f 14933 14934 14935
f 14936 14937 14938
f 14939 14931 14930
f 14940 14941 14942
f 14943 14944 14945
f 14946 14947 14948
f 14949 14950 14951
f 14952 14953 14954
f 14955 14956 14957
f 14958 14959 14960
f 14961 14962 14963
f 14964 14965 14966
f 14967 14968 14969
f 14970 14971 14972
f 14973 14974 14975
f 14976 14977 14978
f 14979 14980 14981
f 14982 14983 14984
f 14985 14986 14987
f 14988 14989 14990
f 14991 14992 14993
f 14756 14994 14757
f 14995 14996 14997
f 14998 14999 15000
f 15001 15002 15003
f 15004 15005 15006
f 15007 15008 15009
f 15010 15011 15012
f 15013 15014 15015
f 15016 15017 15018
f 15019 15020 15021
f 15022 15023 15024
f 15025 15026 15027
f 15028 15029 15030
f 15031 15032 15033
f 15034 15035 15036
f 15037 15038 15039
f 15040 15041 15042
f 15043 15044 15045
f 15046 15047 15048
f 15049 15026 15025
f 15050 15051 15052
f 15053 15054 15055
f 15056 15057 15058
f 15059 15060 15061
f 15062 15063 15064
f 15065 15066 15067
f 15068 15069 15070
f 15071 15072 15073
f 15074 15075 15076
f 15077 15078 15079
f 15080 15081 15082
f 15083 15084 15085
f 15086 15087 15088
f 15089 15090 15091
f 15092 15093 15094
f 15095 15096 15097
f 15098 15099 15100
f 15101 15102 15103
f 15104 15105 15106
f 15107 15108 15109
f 15110 15111 15112
f 15113 15114 15115
f 15116 15117 15118
f 15119 15120 15121
f 15122 15123 15124
f 15125 15126 15127
f 15128 15129 15130
f 15131 15132 15133
f 15134 15135 15136
f 15137 15138 15139
f 15140 15141 15142
f 15143 15144 15145
f 15146 15147 15148
f 15149 15150 15151
f 15152 15153 15154
f 15155 15156 15157
f 15158 15159 15160
f 15161 15162 15163
f 15164 15165 15166
f 15167 15168 15169
f 15170 15171 15172
f 15173 15174 15175
f 15176 15177 15178
f 15179 15180 15181
f 15182 15183 15184
f 15185 15186 15187
f 15188 15189 15190
f 15191 15192 15193
f 15194 15195 15196
f 15197 15198 15199
f 15200 15201 15202
f 15203 15204 15205
f 15206 15207 15208
f 15209 15210 15211
f 15212 15213 15214
f 15215 15216 15217
f 15218 15219 15220
f 15221 15222 15223
f 15224 15225 15226
f 15221 15223 15227
f 15228 15229 15230
f 15231 15232 15233
f 15234 15235 15236
f 15237 15238 15239
f 15234 15240 15235
f 15241 15242 15243
f 15244 15245 15246
f 15247 15248 15249
f 15250 15251 15252
f 15247 15249 15253
f 15254 15255 15256
f 15257 15258 15259
f 15260 15261 15262
f 15263 15264 15265
f 15266 15267 15268
f 15269 15270 15271
f 15263 15272 15264
f 15273 15274 15275
f 15276 15277 15278
f 15279 15280 15281
f 15282 15283 15284
f 15285 15286 15287
f 15288 15289 15290
f 15291 15292 15293
f 15276 15294 15277
f 15291 15293 15295
f 15296 15297 15298
f 15299 15300 15301
f 15302 15275 15274
f 15303 15304 15305
f 15306 15307 15308
f 15309 15310 15311
f 15312 15313 15314
f 15315 15316 15317
f 15318 15319 15320
f 15321 15322 15323
f 15324 15325 15326
f 15327 15326 15328
f 15327 15328 15329
f 15327 15324 15326

