# https://github.com/mikedh/trimesh
mtllib material.mtl

o geometry0
usemtl material_0
v -0.00799977 -0.00000065 0.02650000
v -0.00776730 -0.00191518 0.02650000
v -0.00799977 -0.00000065 0.01800000
v -0.00776730 -0.00191518 0.01800000
v -0.00776730 -0.00191518 0.01800000
v -0.00708342 -0.00371844 0.02650000
v -0.00708342 -0.00371844 0.01800000
v -0.00776730 -0.00191518 0.02650000
v -0.00708342 -0.00371844 0.01800000
v -0.00598785 -0.00530563 0.02650000
v -0.00598785 -0.00530563 0.01800000
v -0.00708342 -0.00371844 0.02650000
v -0.00598785 -0.00530563 0.01800000
v -0.00454428 -0.00658452 0.02650000
v -0.00454428 -0.00658452 0.01800000
v -0.00598785 -0.00530563 0.02650000
v -0.00454428 -0.00658452 0.01800000
v -0.00283661 -0.00748078 0.02650000
v -0.00283661 -0.00748078 0.01800000
v -0.00454428 -0.00658452 0.02650000
v -0.00283661 -0.00748078 0.01800000
v -0.00096406 -0.00794232 0.02650000
v -0.00096406 -0.00794232 0.01800000
v -0.00283661 -0.00748078 0.02650000
v -0.00096406 -0.00794232 0.01800000
v 0.00096453 -0.00794232 0.02650000
v 0.00096453 -0.00794232 0.01800000
v -0.00096406 -0.00794232 0.02650000
v 0.00096453 -0.00794232 0.01800000
v 0.00283707 -0.00748078 0.02650000
v 0.00283707 -0.00748078 0.01800000
v 0.00096453 -0.00794232 0.02650000
v 0.00283707 -0.00748078 0.01800000
v 0.00454475 -0.00658452 0.02650000
v 0.00454475 -0.00658452 0.01800000
v 0.00283707 -0.00748078 0.02650000
v 0.00454475 -0.00658452 0.01800000
v 0.00598832 -0.00530563 0.02650000
v 0.00598832 -0.00530563 0.01800000
v 0.00454475 -0.00658452 0.02650000
v 0.00598832 -0.00530563 0.01800000
v 0.00708388 -0.00371844 0.02650000
v 0.00708388 -0.00371844 0.01800000
v 0.00598832 -0.00530563 0.02650000
v 0.00708388 -0.00371844 0.01800000
v 0.00776777 -0.00191518 0.02650000
v 0.00776777 -0.00191518 0.01800000
v 0.00708388 -0.00371844 0.02650000
v 0.00776777 -0.00191518 0.01800000
v 0.00800023 -0.00000065 0.02650000
v 0.00800023 -0.00000065 0.01800000
v 0.00776777 -0.00191518 0.02650000
v 0.00950023 -0.00000065 0.02650000
v 0.00950023 -0.00000065 0.01800000
v 0.00922418 0.00227285 0.01800000
v 0.00922418 0.00227285 0.02650000
v 0.00922418 0.00227285 0.01800000
v 0.00841207 0.00441422 0.01800000
v 0.00922418 0.00227285 0.02650000
v 0.00841207 0.00441422 0.02650000
v 0.00841207 0.00441422 0.01800000
v 0.00711109 0.00629901 0.01800000
v 0.00841207 0.00441422 0.02650000
v 0.00711109 0.00629901 0.02650000
v 0.00711109 0.00629901 0.01800000
v 0.00539685 0.00781769 0.01800000
v 0.00711109 0.00629901 0.02650000
v 0.00539685 0.00781769 0.02650000
v 0.00539685 0.00781769 0.01800000
v 0.00336898 0.00888200 0.01800000
v 0.00539685 0.00781769 0.02650000
v 0.00336898 0.00888200 0.02650000
v 0.00336898 0.00888200 0.01800000
v 0.00114533 0.00943008 0.01800000
v 0.00336898 0.00888200 0.02650000
v 0.00114533 0.00943008 0.02650000
v 0.00114533 0.00943008 0.01800000
v -0.00114486 0.00943008 0.01800000
v 0.00114533 0.00943008 0.02650000
v -0.00114486 0.00943008 0.02650000
v -0.00114486 0.00943008 0.01800000
v -0.00336851 0.00888200 0.01800000
v -0.00114486 0.00943008 0.02650000
v -0.00336851 0.00888200 0.02650000
v -0.00336851 0.00888200 0.01800000
v -0.00539638 0.00781769 0.01800000
v -0.00336851 0.00888200 0.02650000
v -0.00539638 0.00781769 0.02650000
v -0.00539638 0.00781769 0.01800000
v -0.00711062 0.00629901 0.01800000
v -0.00539638 0.00781769 0.02650000
v -0.00711062 0.00629901 0.02650000
v -0.00711062 0.00629901 0.01800000
v -0.00841160 0.00441422 0.01800000
v -0.00711062 0.00629901 0.02650000
v -0.00841160 0.00441422 0.02650000
v -0.00841160 0.00441422 0.01800000
v -0.00922371 0.00227285 0.01800000
v -0.00841160 0.00441422 0.02650000
v -0.00922371 0.00227285 0.02650000
v -0.00922371 0.00227285 0.01800000
v -0.00949977 -0.00000065 0.01800000
v -0.00922371 0.00227285 0.02650000
v -0.00949977 -0.00000065 0.02650000
v 0.00800023 -0.00000065 0.02650000
v 0.00776777 0.00191387 0.02650000
v 0.00800023 -0.00000065 0.01800000
v 0.00776777 0.00191387 0.01800000
v 0.00776777 0.00191387 0.01800000
v 0.00708388 0.00371713 0.02650000
v 0.00708388 0.00371713 0.01800000
v 0.00776777 0.00191387 0.02650000
v 0.00708388 0.00371713 0.01800000
v 0.00598832 0.00530433 0.02650000
v 0.00598832 0.00530433 0.01800000
v 0.00708388 0.00371713 0.02650000
v 0.00598832 0.00530433 0.01800000
v 0.00454475 0.00658322 0.02650000
v 0.00454475 0.00658322 0.01800000
v 0.00598832 0.00530433 0.02650000
v 0.00454475 0.00658322 0.01800000
v 0.00283707 0.00747948 0.02650000
v 0.00283707 0.00747948 0.01800000
v 0.00454475 0.00658322 0.02650000
v 0.00283707 0.00747948 0.01800000
v 0.00096453 0.00794102 0.02650000
v 0.00096453 0.00794102 0.01800000
v 0.00283707 0.00747948 0.02650000
v 0.00096453 0.00794102 0.01800000
v -0.00096406 0.00794102 0.02650000
v -0.00096406 0.00794102 0.01800000
v 0.00096453 0.00794102 0.02650000
v -0.00096406 0.00794102 0.01800000
v -0.00283661 0.00747948 0.02650000
v -0.00283661 0.00747948 0.01800000
v -0.00096406 0.00794102 0.02650000
v -0.00283661 0.00747948 0.01800000
v -0.00454428 0.00658322 0.02650000
v -0.00454428 0.00658322 0.01800000
v -0.00283661 0.00747948 0.02650000
v -0.00454428 0.00658322 0.01800000
v -0.00598785 0.00530433 0.02650000
v -0.00598785 0.00530433 0.01800000
v -0.00454428 0.00658322 0.02650000
v -0.00598785 0.00530433 0.01800000
v -0.00708342 0.00371713 0.02650000
v -0.00708342 0.00371713 0.01800000
v -0.00598785 0.00530433 0.02650000
v -0.00708342 0.00371713 0.01800000
v -0.00776730 0.00191387 0.02650000
v -0.00776730 0.00191387 0.01800000
v -0.00708342 0.00371713 0.02650000
v -0.00776730 0.00191387 0.01800000
v -0.00799977 -0.00000065 0.02650000
v -0.00799977 -0.00000065 0.01800000
v -0.00776730 0.00191387 0.02650000
v -0.00922371 -0.00227415 0.02650000
v -0.00841160 -0.00441552 0.02650000
v -0.00708342 -0.00371844 0.02650000
v 0.00114533 0.00943008 0.02650000
v 0.00096453 0.00794102 0.02650000
v 0.00283707 0.00747948 0.02650000
v 0.00336898 0.00888200 0.02650000
v 0.00598832 -0.00530563 0.02650000
v 0.00539685 -0.00781900 0.02650000
v 0.00711109 -0.00630032 0.02650000
v 0.00454475 -0.00658452 0.02650000
v 0.00336898 -0.00888331 0.02650000
v -0.00949977 -0.00000065 0.02650000
v -0.00776730 -0.00191518 0.02650000
v -0.00799977 -0.00000065 0.02650000
v 0.00708388 -0.00371844 0.02650000
v 0.00841207 -0.00441552 0.02650000
v -0.00776730 0.00191387 0.02650000
v 0.00283707 -0.00748078 0.02650000
v 0.00114533 -0.00943139 0.02650000
v -0.00114486 0.00943008 0.02650000
v -0.00096406 0.00794102 0.02650000
v 0.00776777 -0.00191518 0.02650000
v 0.00922418 -0.00227415 0.02650000
v 0.00096453 -0.00794232 0.02650000
v -0.00114486 -0.00943139 0.02650000
v 0.00800023 -0.00000065 0.02650000
v 0.00950023 -0.00000065 0.02650000
v -0.00922371 0.00227285 0.02650000
v -0.00708342 0.00371713 0.02650000
v -0.00336851 0.00888200 0.02650000
v -0.00283661 0.00747948 0.02650000
v -0.00096406 -0.00794232 0.02650000
v 0.00922418 0.00227285 0.02650000
v -0.00841160 0.00441422 0.02650000
v -0.00598785 0.00530433 0.02650000
v -0.00539638 0.00781769 0.02650000
v -0.00454428 0.00658322 0.02650000
v 0.00776777 0.00191387 0.02650000
v -0.00336851 -0.00888331 0.02650000
v -0.00711062 0.00629901 0.02650000
v -0.00283661 -0.00748078 0.02650000
v 0.00841207 0.00441422 0.02650000
v 0.00708388 0.00371713 0.02650000
v -0.00539638 -0.00781900 0.02650000
v -0.00454428 -0.00658452 0.02650000
v 0.00711109 0.00629901 0.02650000
v 0.00598832 0.00530433 0.02650000
v -0.00711062 -0.00630032 0.02650000
v -0.00598785 -0.00530563 0.02650000
v 0.00539685 0.00781769 0.02650000
v 0.00454475 0.00658322 0.02650000
v -0.00096406 0.00794102 0.01800000
v -0.00283661 0.00747948 0.01800000
v -0.00336851 0.00888200 0.01800000
v 0.00800023 -0.00000065 0.01800000
v 0.00922418 -0.00227415 0.01800000
v 0.00776777 -0.00191518 0.01800000
v -0.00114486 0.00943008 0.01800000
v 0.00096453 0.00794102 0.01800000
v 0.00950023 -0.00000065 0.01800000
v -0.00598785 -0.00530563 0.01800000
v -0.00711062 -0.00630032 0.01800000
v -0.00841160 -0.00441552 0.01800000
v -0.00454428 -0.00658452 0.01800000
v -0.00539638 -0.00781900 0.01800000
v -0.00708342 -0.00371844 0.01800000
v -0.00922371 -0.00227415 0.01800000
v 0.00114533 0.00943008 0.01800000
v 0.00283707 0.00747948 0.01800000
v -0.00283661 -0.00748078 0.01800000
v -0.00336851 -0.00888331 0.01800000
v -0.00776730 -0.00191518 0.01800000
v -0.00949977 -0.00000065 0.01800000
v -0.00096406 -0.00794232 0.01800000
v -0.00114486 -0.00943139 0.01800000
v 0.00922418 0.00227285 0.01800000
v 0.00776777 0.00191387 0.01800000
v 0.00336898 0.00888200 0.01800000
v 0.00454475 0.00658322 0.01800000
v -0.00799977 -0.00000065 0.01800000
v 0.00841207 0.00441422 0.01800000
v 0.00708388 0.00371713 0.01800000
v 0.00096453 -0.00794232 0.01800000
v 0.00114533 -0.00943139 0.01800000
v 0.00539685 0.00781769 0.01800000
v 0.00598832 0.00530433 0.01800000
v 0.00711109 0.00629901 0.01800000
v -0.00776730 0.00191387 0.01800000
v -0.00922371 0.00227285 0.01800000
v 0.00283707 -0.00748078 0.01800000
v 0.00336898 -0.00888331 0.01800000
v -0.00708342 0.00371713 0.01800000
v -0.00841160 0.00441422 0.01800000
v 0.00454475 -0.00658452 0.01800000
v 0.00539685 -0.00781900 0.01800000
v -0.00598785 0.00530433 0.01800000
v -0.00711062 0.00629901 0.01800000
v 0.00598832 -0.00530563 0.01800000
v 0.00711109 -0.00630032 0.01800000
v -0.00454428 0.00658322 0.01800000
v -0.00539638 0.00781769 0.01800000
v 0.00708388 -0.00371844 0.01800000
v 0.00841207 -0.00441552 0.01800000
v -0.00949977 -0.00000065 0.02650000
v -0.00949977 -0.00000065 0.01800000
v -0.00922371 -0.00227415 0.01800000
v -0.00922371 -0.00227415 0.02650000
v -0.00922371 -0.00227415 0.01800000
v -0.00841160 -0.00441552 0.01800000
v -0.00922371 -0.00227415 0.02650000
v -0.00841160 -0.00441552 0.02650000
v -0.00841160 -0.00441552 0.01800000
v -0.00711062 -0.00630032 0.01800000
v -0.00841160 -0.00441552 0.02650000
v -0.00711062 -0.00630032 0.02650000
v -0.00711062 -0.00630032 0.01800000
v -0.00539638 -0.00781900 0.01800000
v -0.00711062 -0.00630032 0.02650000
v -0.00539638 -0.00781900 0.02650000
v -0.00539638 -0.00781900 0.01800000
v -0.00336851 -0.00888331 0.01800000
v -0.00539638 -0.00781900 0.02650000
v -0.00336851 -0.00888331 0.02650000
v -0.00336851 -0.00888331 0.01800000
v -0.00114486 -0.00943139 0.01800000
v -0.00336851 -0.00888331 0.02650000
v -0.00114486 -0.00943139 0.02650000
v -0.00114486 -0.00943139 0.01800000
v 0.00114533 -0.00943139 0.01800000
v -0.00114486 -0.00943139 0.02650000
v 0.00114533 -0.00943139 0.02650000
v 0.00114533 -0.00943139 0.01800000
v 0.00336898 -0.00888331 0.01800000
v 0.00114533 -0.00943139 0.02650000
v 0.00336898 -0.00888331 0.02650000
v 0.00336898 -0.00888331 0.01800000
v 0.00539685 -0.00781900 0.01800000
v 0.00336898 -0.00888331 0.02650000
v 0.00539685 -0.00781900 0.02650000
v 0.00539685 -0.00781900 0.01800000
v 0.00711109 -0.00630032 0.01800000
v 0.00539685 -0.00781900 0.02650000
v 0.00711109 -0.00630032 0.02650000
v 0.00711109 -0.00630032 0.01800000
v 0.00841207 -0.00441552 0.01800000
v 0.00711109 -0.00630032 0.02650000
v 0.00841207 -0.00441552 0.02650000
v 0.00841207 -0.00441552 0.01800000
v 0.00922418 -0.00227415 0.01800000
v 0.00841207 -0.00441552 0.02650000
v 0.00922418 -0.00227415 0.02650000
v 0.00922418 -0.00227415 0.01800000
v 0.00950023 -0.00000065 0.01800000
v 0.00922418 -0.00227415 0.02650000
v 0.00950023 -0.00000065 0.02650000
v 0.00786903 -0.03447610 0.00585861
v 0.00000023 -0.03536269 0.00585861
v 0.00000023 -0.02750065 0.00350000
v 0.00611956 -0.02681117 0.00350000
v 0.00786903 -0.03447610 0.00585861
v 0.00611956 -0.02681117 0.00350000
v 0.01193204 -0.02477730 0.00350000
v 0.01534325 -0.03186075 0.00585861
v 0.01193204 -0.02477730 0.00350000
v 0.01714620 -0.02150102 0.00350000
v 0.01534325 -0.03186075 0.00585861
v 0.02204811 -0.02764781 0.00585861
v 0.02764739 -0.02204852 0.00585861
v 0.01714620 -0.02150102 0.00350000
v 0.02150060 -0.01714662 0.00350000
v 0.02204811 -0.02764781 0.00585861
v 0.03186033 -0.01534367 0.00585861
v 0.02150060 -0.01714662 0.00350000
v 0.02477688 -0.01193246 0.00350000
v 0.02764739 -0.02204852 0.00585861
v 0.03447568 -0.00786945 0.00585861
v 0.02477688 -0.01193246 0.00350000
v 0.02681075 -0.00611998 0.00350000
v 0.03186033 -0.01534367 0.00585861
v 0.03536228 -0.00000065 0.00585861
v 0.02681075 -0.00611998 0.00350000
v 0.02750023 -0.00000065 0.00350000
v 0.03447568 -0.00786945 0.00585861
v 0.03447568 0.00786814 0.00585861
v 0.02750023 -0.00000065 0.00350000
v 0.02681075 0.00611867 0.00350000
v 0.03536228 -0.00000065 0.00585861
v 0.03186033 0.01534236 0.00585861
v 0.02681075 0.00611867 0.00350000
v 0.02477688 0.01193115 0.00350000
v 0.03447568 0.00786814 0.00585861
v 0.02764739 0.02204722 0.00585861
v 0.02477688 0.01193115 0.00350000
v 0.02150060 0.01714532 0.00350000
v 0.03186033 0.01534236 0.00585861
v 0.02204811 0.02764651 0.00585861
v 0.02150060 0.01714532 0.00350000
v 0.01714620 0.02149971 0.00350000
v 0.02764739 0.02204722 0.00585861
v 0.01534325 0.03185945 0.00585861
v 0.01714620 0.02149971 0.00350000
v 0.01193204 0.02477599 0.00350000
v 0.02204811 0.02764651 0.00585861
v 0.00786903 0.03447479 0.00585861
v 0.01193204 0.02477599 0.00350000
v 0.00611956 0.02680987 0.00350000
v 0.01534325 0.03185945 0.00585861
v 0.00000023 0.03536139 0.00585861
v 0.00611956 0.02680987 0.00350000
v 0.00000023 0.02749935 0.00350000
v 0.00786903 0.03447479 0.00585861
v -0.01274802 0.03361373 0.00610610
v -0.00786856 0.03447479 0.00585861
v -0.01534278 0.03185945 0.00585861
v -0.03749977 -0.00000065 0.00873209
v -0.03641008 0.00897369 0.00873209
v -0.03743183 -0.00000065 0.00809726
v 0.03504946 0.00799911 0.00610610
v 0.03595082 -0.00000065 0.00610610
v 0.03536228 -0.00000065 0.00585861
v 0.03504946 0.00799911 0.00610610
v 0.03647366 -0.00000065 0.00647253
v 0.03595082 -0.00000065 0.00610610
v -0.01274802 0.03361373 0.00610610
v -0.00799952 0.03504857 0.00610610
v -0.00786856 0.03447479 0.00585861
v -0.00444840 0.03663713 0.00694130
v 0.00000023 0.03690623 0.00694130
v 0.00000023 0.03594993 0.00610610
v 0.03447568 0.00786814 0.00585861
v -0.00433313 0.03568781 0.00610610
v 0.03239059 0.01559772 0.00610610
v 0.03504946 0.00799911 0.00610610
v 0.03447568 0.00786814 0.00585861
v 0.00000023 0.03723067 0.00749118
v -0.00451989 0.03722593 0.00873209
v 0.00452036 0.03722593 0.00873209
v 0.03186033 0.01534236 0.00585861
v 0.00000023 0.03723067 0.00749118
v 0.00452036 0.03722593 0.00873209
v 0.00448797 0.03695921 0.00749118
v 0.00000023 0.03723067 0.00749118
v 0.00444887 0.03663713 0.00694130
v 0.00000023 0.03690623 0.00694130
v 0.00448797 0.03695921 0.00749118
v 0.03598178 0.00821190 0.00694130
v 0.03690711 -0.00000065 0.00694130
v 0.03647366 -0.00000065 0.00647253
v -0.01559814 0.03238970 0.00610610
v -0.01274802 0.03361373 0.00610610
v -0.01534278 0.03185945 0.00585861
v 0.03598178 0.00821190 0.00694130
v 0.03647366 -0.00000065 0.00647253
v 0.03504946 0.00799911 0.00610610
v 0.03629809 0.00828410 0.00749118
v 0.03723156 -0.00000065 0.00749118
v 0.03690711 -0.00000065 0.00694130
v 0.03629809 0.00828410 0.00749118
v 0.03743230 -0.00000065 0.00809726
v 0.03723156 -0.00000065 0.00749118
v -0.00821232 0.03598090 0.00694130
v -0.00444840 0.03663713 0.00694130
v -0.00433313 0.03568781 0.00610610
v 0.03629809 0.00828410 0.00749118
v 0.03641055 0.00897369 0.00873209
v 0.03743230 -0.00000065 0.00809726
v -0.00799952 0.03504857 0.00610610
v 0.03598178 0.00821190 0.00694130
v 0.02810753 0.02241417 0.00610610
v 0.03186033 0.01534236 0.00585861
v 0.02764739 0.02204722 0.00585861
v -0.00448751 0.03695921 0.00749118
v 0.00000023 0.03690623 0.00694130
v -0.00444840 0.03663713 0.00694130
v 0.03239059 0.01559772 0.00610610
v -0.00448751 0.03695921 0.00749118
v -0.00451989 0.03722593 0.00873209
v 0.00000023 0.03723067 0.00749118
v 0.03325218 0.01601264 0.00694130
v 0.03504946 0.00799911 0.00610610
v 0.03239059 0.01559772 0.00610610
v 0.00000023 0.03723067 0.00749118
v -0.02042202 0.02958610 0.00610610
v -0.01534278 0.03185945 0.00585861
v -0.02204764 0.02764651 0.00585861
v 0.03598178 0.00821190 0.00694130
v -0.02042202 0.02958610 0.00610610
v -0.01559814 0.03238970 0.00610610
v -0.01534278 0.03185945 0.00585861
v 0.03354450 0.01615341 0.00749118
v 0.03320483 0.01742647 0.00873209
v 0.03641055 0.00897369 0.00873209
v 0.03354450 0.01615341 0.00749118
v 0.03641055 0.00897369 0.00873209
v 0.03629809 0.00828410 0.00749118
v -0.00828451 0.03629721 0.00749118
v -0.01329745 0.03506246 0.00873209
v -0.00451989 0.03722593 0.00873209
v 0.03354450 0.01615341 0.00749118
v 0.03598178 0.00821190 0.00694130
v 0.03325218 0.01601264 0.00694130
v -0.00828451 0.03629721 0.00749118
v -0.00444840 0.03663713 0.00694130
v -0.00821232 0.03598090 0.00694130
v 0.03629809 0.00828410 0.00749118
v -0.00828451 0.03629721 0.00749118
v -0.00451989 0.03722593 0.00873209
v -0.00448751 0.03695921 0.00749118
v -0.00448751 0.03695921 0.00749118
v 0.03641055 0.00897369 0.00873209
v 0.03750023 -0.00000065 0.00873209
v 0.03743230 -0.00000065 0.00809726
v 0.02241505 0.02810665 0.00610610
v 0.02764739 0.02204722 0.00585861
v 0.02204811 0.02764651 0.00585861
v 0.02810753 0.02241417 0.00610610
v -0.01308713 0.03450788 0.00694130
v -0.00821232 0.03598090 0.00694130
v -0.00799952 0.03504857 0.00610610
v -0.01274802 0.03361373 0.00610610
v 0.02885519 0.02301041 0.00694130
v 0.03325218 0.01601264 0.00694130
v 0.03239059 0.01559772 0.00610610
v 0.02810753 0.02241417 0.00610610
v -0.01601306 0.03325130 0.00694130
v -0.01274802 0.03361373 0.00610610
v -0.01559814 0.03238970 0.00610610
v -0.01308713 0.03450788 0.00694130
v 0.02910885 0.02321270 0.00749118
v 0.02806939 0.02486645 0.00873209
v 0.03320483 0.01742647 0.00873209
v 0.02910885 0.02321270 0.00749118
v 0.03320483 0.01742647 0.00873209
v 0.03354450 0.01615341 0.00749118
v 0.02910885 0.02321270 0.00749118
v 0.03354450 0.01615341 0.00749118
v 0.03325218 0.01601264 0.00694130
v 0.02885519 0.02301041 0.00694130
v -0.01320218 0.03481124 0.00749118
v -0.01329745 0.03506246 0.00873209
v -0.00828451 0.03629721 0.00749118
v -0.01320218 0.03481124 0.00749118
v -0.00821232 0.03598090 0.00694130
v -0.01308713 0.03450788 0.00694130
v -0.00828451 0.03629721 0.00749118
v 0.01559861 0.03238970 0.00610610
v 0.02204811 0.02764651 0.00585861
v 0.01534325 0.03185945 0.00585861
v 0.02241505 0.02810665 0.00610610
v -0.01615383 0.03354361 0.00749118
v -0.02130219 0.03086124 0.00873209
v -0.01329745 0.03506246 0.00873209
v -0.01615383 0.03354361 0.00749118
v -0.01329745 0.03506246 0.00873209
v -0.01320218 0.03481124 0.00749118
v 0.02301130 0.02885431 0.00694130
v 0.02810753 0.02241417 0.00610610
v 0.02241505 0.02810665 0.00610610
v -0.01615383 0.03354361 0.00749118
v -0.01308713 0.03450788 0.00694130
v -0.01601306 0.03325130 0.00694130
v -0.01320218 0.03481124 0.00749118
v 0.02885519 0.02301041 0.00694130
v -0.02690916 0.02383899 0.00610610
v -0.02204764 0.02764651 0.00585861
v -0.02764692 0.02204722 0.00585861
v 0.01274849 0.03361373 0.00610610
v 0.01534325 0.03185945 0.00585861
v 0.00786903 0.03447479 0.00585861
v 0.01274849 0.03361373 0.00610610
v 0.01559861 0.03238970 0.00610610
v 0.01534325 0.03185945 0.00585861
v -0.02690916 0.02383899 0.00610610
v -0.02042202 0.02958610 0.00610610
v -0.02204764 0.02764651 0.00585861
v -0.02096526 0.03037311 0.00694130
v -0.01601306 0.03325130 0.00694130
v -0.01559814 0.03238970 0.00610610
v -0.02042202 0.02958610 0.00610610
v 0.02321358 0.02910797 0.00749118
v 0.02130266 0.03086124 0.00873209
v 0.02806939 0.02486645 0.00873209
v 0.02321358 0.02910797 0.00749118
v 0.02885519 0.02301041 0.00694130
v 0.02301130 0.02885431 0.00694130
v 0.02321358 0.02910797 0.00749118
v 0.02806939 0.02486645 0.00873209
v 0.02910885 0.02321270 0.00749118
v 0.02910885 0.02321270 0.00749118
v -0.02114957 0.03064013 0.00749118
v -0.02130219 0.03086124 0.00873209
v -0.01615383 0.03354361 0.00749118
v -0.02114957 0.03064013 0.00749118
v -0.01601306 0.03325130 0.00694130
v -0.02096526 0.03037311 0.00694130
v -0.01615383 0.03354361 0.00749118
v 0.00799999 0.03504857 0.00610610
v 0.01274849 0.03361373 0.00610610
v 0.00786903 0.03447479 0.00585861
v -0.03183243 0.01670642 0.00610610
v -0.02764692 0.02204722 0.00585861
v -0.03185987 0.01534236 0.00585861
v 0.01601353 0.03325130 0.00694130
v 0.02301130 0.02885431 0.00694130
v 0.02241505 0.02810665 0.00610610
v 0.01559861 0.03238970 0.00610610
v -0.03183243 0.01670642 0.00610610
v -0.02690916 0.02383899 0.00610610
v -0.02764692 0.02204722 0.00585861
v 0.00433360 0.03568781 0.00610610
v -0.02762496 0.02447313 0.00694130
v -0.02042202 0.02958610 0.00610610
v -0.02690916 0.02383899 0.00610610
v -0.02096526 0.03037311 0.00694130
v 0.00433360 0.03568781 0.00610610
v 0.00799999 0.03504857 0.00610610
v 0.00786903 0.03447479 0.00585861
v -0.02786781 0.02468828 0.00749118
v -0.02114957 0.03064013 0.00749118
v -0.02096526 0.03037311 0.00694130
v 0.01308759 0.03450788 0.00694130
v 0.01601353 0.03325130 0.00694130
v 0.01559861 0.03238970 0.00610610
v -0.02786781 0.02468828 0.00749118
v -0.02806892 0.02486645 0.00873209
v -0.02130219 0.03086124 0.00873209
v 0.01274849 0.03361373 0.00610610
v -0.02762496 0.02447313 0.00694130
v -0.02114957 0.03064013 0.00749118
v -0.03490569 0.00860288 0.00610610
v -0.03185987 0.01534236 0.00585861
v -0.03447521 0.00786814 0.00585861
v -0.03490569 0.00860288 0.00610610
v -0.03183243 0.01670642 0.00610610
v -0.03185987 0.01534236 0.00585861
v 0.01615430 0.03354361 0.00749118
v 0.01329792 0.03506246 0.00873209
v 0.02130266 0.03086124 0.00873209
v -0.03490569 0.00860288 0.00610610
v -0.03595035 -0.00000065 0.00610610
v -0.03647319 -0.00000065 0.00647253
v 0.01615430 0.03354361 0.00749118
v 0.02321358 0.02910797 0.00749118
v 0.02301130 0.02885431 0.00694130
v 0.01615430 0.03354361 0.00749118
v 0.02130266 0.03086124 0.00873209
v 0.02321358 0.02910797 0.00749118
v 0.01601353 0.03325130 0.00694130
v 0.00000023 0.03594993 0.00610610
v 0.00433360 0.03568781 0.00610610
v 0.00000023 0.03536139 0.00585861
v -0.03490569 0.00860288 0.00610610
v -0.03447521 0.00786814 0.00585861
v -0.03595035 -0.00000065 0.00610610
v -0.03267918 0.01715083 0.00694130
v -0.02690916 0.02383899 0.00610610
v -0.03183243 0.01670642 0.00610610
v -0.02762496 0.02447313 0.00694130
v 0.01320264 0.03481124 0.00749118
v 0.01601353 0.03325130 0.00694130
v 0.01308759 0.03450788 0.00694130
v 0.01320264 0.03481124 0.00749118
v 0.01329792 0.03506246 0.00873209
v 0.01615430 0.03354361 0.00749118
v -0.03296646 0.01730161 0.00749118
v -0.02762496 0.02447313 0.00694130
v -0.03267918 0.01715083 0.00694130
v -0.02786781 0.02468828 0.00749118
v 0.01615430 0.03354361 0.00749118
v -0.03296646 0.01730161 0.00749118
v -0.02806892 0.02486645 0.00873209
v -0.02786781 0.02468828 0.00749118
v 0.00821279 0.03598090 0.00694130
v 0.01308759 0.03450788 0.00694130
v 0.01274849 0.03361373 0.00610610
v -0.03320437 0.01742647 0.00873209
v -0.03583420 0.00883174 0.00694130
v -0.03183243 0.01670642 0.00610610
v -0.03490569 0.00860288 0.00610610
v 0.00799999 0.03504857 0.00610610
v -0.03583420 0.00883174 0.00694130
v -0.03490569 0.00860288 0.00610610
v -0.03647319 -0.00000065 0.00647253
v -0.03583420 0.00883174 0.00694130
v -0.03647319 -0.00000065 0.00647253
v -0.03690665 -0.00000065 0.00694130
v -0.03583420 0.00883174 0.00694130
v -0.03690665 -0.00000065 0.00694130
v -0.03723109 -0.00000065 0.00749118
v -0.00433313 0.03568781 0.00610610
v 0.00000023 0.03536139 0.00585861
v -0.00786856 0.03447479 0.00585861
v -0.03267918 0.01715083 0.00694130
v -0.03614922 0.00890939 0.00749118
v -0.03296646 0.01730161 0.00749118
v -0.03267918 0.01715083 0.00694130
v -0.00433313 0.03568781 0.00610610
v 0.00000023 0.03594993 0.00610610
v 0.00000023 0.03536139 0.00585861
v -0.03595035 -0.00000065 0.00610610
v -0.03447521 0.00786814 0.00585861
v -0.03536181 -0.00000065 0.00585861
v -0.03614922 0.00890939 0.00749118
v -0.03723109 -0.00000065 0.00749118
v -0.03743183 -0.00000065 0.00809726
v -0.03614922 0.00890939 0.00749118
v -0.03641008 0.00897369 0.00873209
v -0.03320437 0.01742647 0.00873209
v 0.00444887 0.03663713 0.00694130
v 0.00799999 0.03504857 0.00610610
v 0.00433360 0.03568781 0.00610610
v -0.03583420 0.00883174 0.00694130
v 0.00821279 0.03598090 0.00694130
v -0.03614922 0.00890939 0.00749118
v -0.03743183 -0.00000065 0.00809726
v -0.03641008 0.00897369 0.00873209
v -0.03296646 0.01730161 0.00749118
v -0.03614922 0.00890939 0.00749118
v 0.00828498 0.03629721 0.00749118
v 0.00452036 0.03722593 0.00873209
v 0.01329792 0.03506246 0.00873209
v 0.00828498 0.03629721 0.00749118
v 0.01308759 0.03450788 0.00694130
v 0.00821279 0.03598090 0.00694130
v 0.00828498 0.03629721 0.00749118
v 0.01329792 0.03506246 0.00873209
v 0.01320264 0.03481124 0.00749118
v 0.01320264 0.03481124 0.00749118
v -0.00799952 0.03504857 0.00610610
v -0.00433313 0.03568781 0.00610610
v -0.00786856 0.03447479 0.00585861
v 0.00000023 0.03690623 0.00694130
v 0.00444887 0.03663713 0.00694130
v 0.00433360 0.03568781 0.00610610
v 0.00000023 0.03594993 0.00610610
v 0.00448797 0.03695921 0.00749118
v 0.00821279 0.03598090 0.00694130
v 0.00444887 0.03663713 0.00694130
v 0.00448797 0.03695921 0.00749118
v 0.00452036 0.03722593 0.00873209
v 0.00828498 0.03629721 0.00749118
v 0.00828498 0.03629721 0.00749118
v -0.02749977 -0.00000065 0.00350000
v -0.02749977 -0.00000065 0.02650000
v -0.02681028 -0.00611998 0.00350000
v -0.02681028 -0.00611998 0.00350000
v -0.02670067 -0.00658183 0.02650000
v -0.02477641 -0.01193246 0.00350000
v -0.02749977 -0.00000065 0.02650000
v -0.02670067 -0.00658183 0.02650000
v -0.02681028 -0.00611998 0.00350000
v -0.02477641 -0.01193246 0.00350000
v -0.02434981 -0.01278054 0.02650000
v -0.02150013 -0.01714662 0.00350000
v -0.02670067 -0.00658183 0.02650000
v -0.02434981 -0.01278054 0.02650000
v -0.02477641 -0.01193246 0.00350000
v -0.02150013 -0.01714662 0.00350000
v -0.02058381 -0.01823652 0.02650000
v -0.01714573 -0.02150102 0.00350000
v -0.02434981 -0.01278054 0.02650000
v -0.02058381 -0.01823652 0.02650000
v -0.02150013 -0.01714662 0.00350000
v -0.01714573 -0.02150102 0.00350000
v -0.01562155 -0.02263271 0.02650000
v -0.01193157 -0.02477730 0.00350000
v -0.02058381 -0.01823652 0.02650000
v -0.01562155 -0.02263271 0.02650000
v -0.01714573 -0.02150102 0.00350000
v -0.01193157 -0.02477730 0.00350000
v -0.00975140 -0.02571360 0.02650000
v -0.00611909 -0.02681117 0.00350000
v -0.01562155 -0.02263271 0.02650000
v -0.00975140 -0.02571360 0.02650000
v -0.01193157 -0.02477730 0.00350000
v -0.00611909 -0.02681117 0.00350000
v -0.00331452 -0.02730015 0.02650000
v 0.00000023 -0.02750065 0.00350000
v -0.00975140 -0.02571360 0.02650000
v -0.00331452 -0.02730015 0.02650000
v -0.00611909 -0.02681117 0.00350000
v 0.00000023 -0.02750065 0.00350000
v 0.00331499 -0.02730015 0.02650000
v 0.00611956 -0.02681117 0.00350000
v -0.00331452 -0.02730015 0.02650000
v 0.00331499 -0.02730015 0.02650000
v 0.00000023 -0.02750065 0.00350000
v 0.00611956 -0.02681117 0.00350000
v 0.00975187 -0.02571360 0.02650000
v 0.01193204 -0.02477730 0.00350000
v 0.00331499 -0.02730015 0.02650000
v 0.00975187 -0.02571360 0.02650000
v 0.00611956 -0.02681117 0.00350000
v 0.01193204 -0.02477730 0.00350000
v 0.01562201 -0.02263271 0.02650000
v 0.01714620 -0.02150102 0.00350000
v 0.00975187 -0.02571360 0.02650000
v 0.01562201 -0.02263271 0.02650000
v 0.01193204 -0.02477730 0.00350000
v 0.01714620 -0.02150102 0.00350000
v 0.02058428 -0.01823652 0.02650000
v 0.02150060 -0.01714662 0.00350000
v 0.01562201 -0.02263271 0.02650000
v 0.02058428 -0.01823652 0.02650000
v 0.01714620 -0.02150102 0.00350000
v 0.02150060 -0.01714662 0.00350000
v 0.02435028 -0.01278054 0.02650000
v 0.02477688 -0.01193246 0.00350000
v 0.02058428 -0.01823652 0.02650000
v 0.02435028 -0.01278054 0.02650000
v 0.02150060 -0.01714662 0.00350000
v 0.02477688 -0.01193246 0.00350000
v 0.02670113 -0.00658183 0.02650000
v 0.02681075 -0.00611998 0.00350000
v 0.02435028 -0.01278054 0.02650000
v 0.02670113 -0.00658183 0.02650000
v 0.02477688 -0.01193246 0.00350000
v 0.02681075 -0.00611998 0.00350000
v 0.02750023 -0.00000065 0.02650000
v 0.02750023 -0.00000065 0.00350000
v 0.02670113 -0.00658183 0.02650000
v 0.02750023 -0.00000065 0.02650000
v 0.02681075 -0.00611998 0.00350000
v 0.03641055 0.00897369 0.02126791
v 0.03750023 -0.00000065 0.00873209
v 0.03641055 0.00897369 0.00873209
v 0.03750023 -0.00000065 0.02126791
v 0.03320483 0.01742647 0.02126791
v 0.03641055 0.00897369 0.00873209
v 0.03320483 0.01742647 0.00873209
v 0.03641055 0.00897369 0.02126791
v 0.02806939 0.02486645 0.02126791
v 0.03320483 0.01742647 0.00873209
v 0.02806939 0.02486645 0.00873209
v 0.03320483 0.01742647 0.02126791
v 0.02130266 0.03086124 0.02126791
v 0.02806939 0.02486645 0.00873209
v 0.02130266 0.03086124 0.00873209
v 0.02806939 0.02486645 0.02126791
v 0.01329792 0.03506246 0.02126791
v 0.02130266 0.03086124 0.00873209
v 0.01329792 0.03506246 0.00873209
v 0.02130266 0.03086124 0.02126791
v 0.00452036 0.03722593 0.02126791
v 0.01329792 0.03506246 0.02126791
v -0.00451989 0.03722593 0.02126791
v 0.00452036 0.03722593 0.02126791
v -0.01329745 0.03506246 0.02126791
v -0.00451989 0.03722593 0.02126791
v -0.02130219 0.03086124 0.02126791
v -0.01329745 0.03506246 0.00873209
v -0.02130219 0.03086124 0.00873209
v -0.01329745 0.03506246 0.02126791
v -0.02806892 0.02486645 0.02126791
v -0.02130219 0.03086124 0.00873209
v -0.02806892 0.02486645 0.00873209
v -0.02130219 0.03086124 0.02126791
v -0.03320437 0.01742647 0.02126791
v -0.02806892 0.02486645 0.00873209
v -0.03320437 0.01742647 0.00873209
v -0.02806892 0.02486645 0.02126791
v -0.03641008 0.00897369 0.02126791
v -0.03320437 0.01742647 0.00873209
v -0.03641008 0.00897369 0.00873209
v -0.03320437 0.01742647 0.02126791
v -0.03749977 -0.00000065 0.02126791
v -0.03641008 0.00897369 0.00873209
v -0.03749977 -0.00000065 0.00873209
v -0.03641008 0.00897369 0.02126791
v -0.03536181 -0.00000065 0.02414139
v -0.02749977 -0.00000065 0.02650000
v -0.02670067 0.00658053 0.02650000
v -0.03433425 0.00846204 0.02414139
v -0.02670067 0.00658053 0.02650000
v -0.02434981 0.01277923 0.02650000
v -0.03433425 0.00846204 0.02414139
v -0.03131130 0.01643291 0.02414139
v -0.02434981 0.01277923 0.02650000
v -0.02058381 0.01823522 0.02650000
v -0.03131130 0.01643291 0.02414139
v -0.02646864 0.02344872 0.02414139
v -0.02058381 0.01823522 0.02650000
v -0.01562155 0.02263140 0.02650000
v -0.02646864 0.02344872 0.02414139
v -0.02008770 0.02910174 0.02414139
v -0.01562155 0.02263140 0.02650000
v -0.00975140 0.02571230 0.02650000
v -0.02008770 0.02910174 0.02414139
v -0.01253932 0.03306343 0.02414139
v -0.00975140 0.02571230 0.02650000
v -0.00331452 0.02729884 0.02650000
v -0.01253932 0.03306343 0.02414139
v -0.00426219 0.03510356 0.02414139
v -0.00331452 0.02729884 0.02650000
v 0.00331499 0.02729884 0.02650000
v -0.00426219 0.03510356 0.02414139
v 0.00426266 0.03510356 0.02414139
v 0.00331499 0.02729884 0.02650000
v 0.00975187 0.02571230 0.02650000
v 0.00426266 0.03510356 0.02414139
v 0.01253979 0.03306343 0.02414139
v 0.00975187 0.02571230 0.02650000
v 0.01562201 0.02263140 0.02650000
v 0.01253979 0.03306343 0.02414139
v 0.02008816 0.02910174 0.02414139
v 0.01562201 0.02263140 0.02650000
v 0.02058428 0.01823522 0.02650000
v 0.02008816 0.02910174 0.02414139
v 0.02646910 0.02344872 0.02414139
v 0.02058428 0.01823522 0.02650000
v 0.02435028 0.01277923 0.02650000
v 0.02646910 0.02344872 0.02414139
v 0.03131177 0.01643291 0.02414139
v 0.02435028 0.01277923 0.02650000
v 0.02670113 0.00658053 0.02650000
v 0.03131177 0.01643291 0.02414139
v 0.03433472 0.00846204 0.02414139
v 0.02670113 0.00658053 0.02650000
v 0.02750023 -0.00000065 0.02650000
v 0.03433472 0.00846204 0.02414139
v 0.03536228 -0.00000065 0.02414139
v 0.03614968 0.00890939 0.02250882
v 0.03743230 -0.00000065 0.02190274
v 0.03641055 0.00897369 0.02126791
v -0.02096526 0.03037311 0.02305870
v -0.01308713 0.03450788 0.02305870
v -0.01320218 0.03481124 0.02250882
v -0.02114957 0.03064013 0.02250882
v -0.01274802 0.03361373 0.02389390
v -0.01253932 0.03306343 0.02414139
v -0.00426219 0.03510356 0.02414139
v 0.03583467 0.00883174 0.02305870
v 0.03647366 -0.00000065 0.02352747
v 0.03690711 -0.00000065 0.02305870
v 0.03583467 0.00883174 0.02305870
v 0.03690711 -0.00000065 0.02305870
v 0.03614968 0.00890939 0.02250882
v -0.01274802 0.03361373 0.02389390
v -0.00433313 0.03568781 0.02389390
v -0.00444840 0.03663713 0.02305870
v -0.01308713 0.03450788 0.02305870
v -0.00433313 0.03568781 0.02389390
v 0.03641055 0.00897369 0.02126791
v 0.03743230 -0.00000065 0.02190274
v 0.03750023 -0.00000065 0.02126791
v -0.02786781 0.02468828 0.02250882
v -0.02130219 0.03086124 0.02126791
v -0.02806892 0.02486645 0.02126791
v 0.03296693 0.01730161 0.02250882
v 0.03641055 0.00897369 0.02126791
v 0.03320483 0.01742647 0.02126791
v -0.02114957 0.03064013 0.02250882
v 0.03614968 0.00890939 0.02250882
v 0.03267965 0.01715083 0.02305870
v 0.03614968 0.00890939 0.02250882
v 0.03296693 0.01730161 0.02250882
v -0.02762496 0.02447313 0.02305870
v -0.02096526 0.03037311 0.02305870
v -0.02114957 0.03064013 0.02250882
v -0.02786781 0.02468828 0.02250882
v 0.03583467 0.00883174 0.02305870
v -0.02042202 0.02958610 0.02389390
v -0.02008770 0.02910174 0.02414139
v -0.01253932 0.03306343 0.02414139
v -0.01274802 0.03361373 0.02389390
v 0.03490616 0.00860288 0.02389390
v 0.03647366 -0.00000065 0.02352747
v 0.03583467 0.00883174 0.02305870
v -0.02042202 0.02958610 0.02389390
v -0.01308713 0.03450788 0.02305870
v -0.02096526 0.03037311 0.02305870
v 0.03490616 0.00860288 0.02389390
v 0.03433472 0.00846204 0.02414139
v 0.03536228 -0.00000065 0.02414139
v -0.01274802 0.03361373 0.02389390
v 0.03490616 0.00860288 0.02389390
v 0.03595082 -0.00000065 0.02389390
v 0.03647366 -0.00000065 0.02352747
v 0.03595082 -0.00000065 0.02389390
v -0.03296646 0.01730161 0.02250882
v -0.02806892 0.02486645 0.02126791
v -0.03320437 0.01742647 0.02126791
v 0.02786828 0.02468828 0.02250882
v 0.03320483 0.01742647 0.02126791
v 0.02806939 0.02486645 0.02126791
v -0.02786781 0.02468828 0.02250882
v 0.03296693 0.01730161 0.02250882
v 0.02762543 0.02447313 0.02305870
v 0.03267965 0.01715083 0.02305870
v 0.03296693 0.01730161 0.02250882
v 0.02786828 0.02468828 0.02250882
v -0.03267918 0.01715083 0.02305870
v -0.02762496 0.02447313 0.02305870
v -0.02786781 0.02468828 0.02250882
v -0.03296646 0.01730161 0.02250882
v -0.02690916 0.02383899 0.02389390
v -0.02646864 0.02344872 0.02414139
v -0.02008770 0.02910174 0.02414139
v -0.02042202 0.02958610 0.02389390
v 0.03183289 0.01670642 0.02389390
v 0.03131177 0.01643291 0.02414139
v 0.03433472 0.00846204 0.02414139
v -0.02690916 0.02383899 0.02389390
v -0.02096526 0.03037311 0.02305870
v -0.02762496 0.02447313 0.02305870
v 0.03183289 0.01670642 0.02389390
v 0.03490616 0.00860288 0.02389390
v 0.03583467 0.00883174 0.02305870
v -0.02042202 0.02958610 0.02389390
v 0.03490616 0.00860288 0.02389390
v 0.03267965 0.01715083 0.02305870
v -0.03614922 0.00890939 0.02250882
v -0.03641008 0.00897369 0.02126791
v -0.03743183 -0.00000065 0.02190274
v -0.03614922 0.00890939 0.02250882
v -0.03320437 0.01742647 0.02126791
v -0.03641008 0.00897369 0.02126791
v -0.03614922 0.00890939 0.02250882
v -0.03743183 -0.00000065 0.02190274
v -0.03723109 -0.00000065 0.02250882
v 0.02115004 0.03064013 0.02250882
v 0.02806939 0.02486645 0.02126791
v 0.02130266 0.03086124 0.02126791
v -0.03296646 0.01730161 0.02250882
v 0.02786828 0.02468828 0.02250882
v -0.03583420 0.00883174 0.02305870
v -0.03723109 -0.00000065 0.02250882
v -0.03690665 -0.00000065 0.02305870
v -0.03583420 0.00883174 0.02305870
v -0.03690665 -0.00000065 0.02305870
v -0.03647319 -0.00000065 0.02352747
v -0.03583420 0.00883174 0.02305870
v -0.03267918 0.01715083 0.02305870
v -0.03296646 0.01730161 0.02250882
v -0.03614922 0.00890939 0.02250882
v -0.03614922 0.00890939 0.02250882
v -0.03183243 0.01670642 0.02389390
v -0.03131130 0.01643291 0.02414139
v -0.02646864 0.02344872 0.02414139
v 0.02096573 0.03037311 0.02305870
v 0.02762543 0.02447313 0.02305870
v 0.02786828 0.02468828 0.02250882
v 0.02115004 0.03064013 0.02250882
v -0.02690916 0.02383899 0.02389390
v 0.02690963 0.02383899 0.02389390
v 0.03183289 0.01670642 0.02389390
v 0.03267965 0.01715083 0.02305870
v -0.03183243 0.01670642 0.02389390
v -0.02762496 0.02447313 0.02305870
v -0.03267918 0.01715083 0.02305870
v 0.02690963 0.02383899 0.02389390
v 0.02646910 0.02344872 0.02414139
v 0.03131177 0.01643291 0.02414139
v -0.02690916 0.02383899 0.02389390
v -0.03490569 0.00860288 0.02389390
v -0.03131130 0.01643291 0.02414139
v -0.03183243 0.01670642 0.02389390
v -0.03490569 0.00860288 0.02389390
v -0.03595035 -0.00000065 0.02389390
v -0.03433425 0.00846204 0.02414139
v 0.02762543 0.02447313 0.02305870
v -0.03490569 0.00860288 0.02389390
v -0.03647319 -0.00000065 0.02352747
v -0.03595035 -0.00000065 0.02389390
v 0.03183289 0.01670642 0.02389390
v -0.03433425 0.00846204 0.02414139
v -0.03490569 0.00860288 0.02389390
v -0.03267918 0.01715083 0.02305870
v -0.03583420 0.00883174 0.02305870
v -0.03183243 0.01670642 0.02389390
v 0.01320264 0.03481124 0.02250882
v 0.02130266 0.03086124 0.02126791
v 0.01329792 0.03506246 0.02126791
v -0.03490569 0.00860288 0.02389390
v -0.03583420 0.00883174 0.02305870
v -0.03647319 -0.00000065 0.02352747
v 0.02115004 0.03064013 0.02250882
v 0.01308759 0.03450788 0.02305870
v 0.02115004 0.03064013 0.02250882
v 0.01320264 0.03481124 0.02250882
v 0.02096573 0.03037311 0.02305870
v 0.02042249 0.02958610 0.02389390
v 0.02008816 0.02910174 0.02414139
v 0.02646910 0.02344872 0.02414139
v 0.02042249 0.02958610 0.02389390
v 0.02762543 0.02447313 0.02305870
v 0.02096573 0.03037311 0.02305870
v 0.02690963 0.02383899 0.02389390
v 0.02690963 0.02383899 0.02389390
v 0.00448797 0.03695921 0.02250882
v 0.01329792 0.03506246 0.02126791
v 0.00452036 0.03722593 0.02126791
v 0.01320264 0.03481124 0.02250882
v 0.00444887 0.03663713 0.02305870
v 0.01308759 0.03450788 0.02305870
v 0.01320264 0.03481124 0.02250882
v 0.00448797 0.03695921 0.02250882
v 0.01274849 0.03361373 0.02389390
v 0.02008816 0.02910174 0.02414139
v 0.02042249 0.02958610 0.02389390
v 0.01253979 0.03306343 0.02414139
v 0.01274849 0.03361373 0.02389390
v 0.02042249 0.02958610 0.02389390
v 0.02096573 0.03037311 0.02305870
v 0.01308759 0.03450788 0.02305870
v -0.00448751 0.03695921 0.02250882
v 0.00452036 0.03722593 0.02126791
v -0.00451989 0.03722593 0.02126791
v 0.00448797 0.03695921 0.02250882
v -0.00444840 0.03663713 0.02305870
v 0.00444887 0.03663713 0.02305870
v 0.00448797 0.03695921 0.02250882
v -0.00448751 0.03695921 0.02250882
v 0.00433360 0.03568781 0.02389390
v 0.01308759 0.03450788 0.02305870
v 0.00444887 0.03663713 0.02305870
v -0.03743183 -0.00000065 0.02190274
v -0.03641008 0.00897369 0.02126791
v -0.03749977 -0.00000065 0.02126791
v 0.00433360 0.03568781 0.02389390
v 0.01253979 0.03306343 0.02414139
v 0.01274849 0.03361373 0.02389390
v 0.00426266 0.03510356 0.02414139
v 0.01274849 0.03361373 0.02389390
v -0.01320218 0.03481124 0.02250882
v -0.00451989 0.03722593 0.02126791
v -0.01329745 0.03506246 0.02126791
v -0.00448751 0.03695921 0.02250882
v -0.01308713 0.03450788 0.02305870
v -0.00448751 0.03695921 0.02250882
v -0.01320218 0.03481124 0.02250882
v -0.00444840 0.03663713 0.02305870
v -0.00433313 0.03568781 0.02389390
v -0.00426219 0.03510356 0.02414139
v 0.00426266 0.03510356 0.02414139
v 0.00433360 0.03568781 0.02389390
v -0.00433313 0.03568781 0.02389390
v 0.00433360 0.03568781 0.02389390
v 0.00444887 0.03663713 0.02305870
v -0.00444840 0.03663713 0.02305870
v -0.02114957 0.03064013 0.02250882
v -0.01329745 0.03506246 0.02126791
v -0.02130219 0.03086124 0.02126791
v -0.03536181 -0.00000065 0.02414139
v -0.01320218 0.03481124 0.02250882
v 0.03614968 0.00890939 0.02250882
v 0.03723156 -0.00000065 0.02250882
v 0.03743230 -0.00000065 0.02190274
v 0.03723156 -0.00000065 0.02250882
v 0.00000023 0.02749935 0.00350000
v -0.00611909 0.02680987 0.00350000
v -0.01534278 0.03185945 0.00585861
v -0.00611909 0.02680987 0.00350000
v -0.01193157 0.02477599 0.00350000
v -0.00786856 0.03447479 0.00585861
v -0.02204764 0.02764651 0.00585861
v -0.01193157 0.02477599 0.00350000
v -0.01714573 0.02149971 0.00350000
v -0.01534278 0.03185945 0.00585861
v -0.02764692 0.02204722 0.00585861
v -0.01714573 0.02149971 0.00350000
v -0.02150013 0.01714532 0.00350000
v -0.02204764 0.02764651 0.00585861
v -0.03185987 0.01534236 0.00585861
v -0.02150013 0.01714532 0.00350000
v -0.02477641 0.01193115 0.00350000
v -0.02764692 0.02204722 0.00585861
v -0.03447521 0.00786814 0.00585861
v -0.02477641 0.01193115 0.00350000
v -0.02681028 0.00611867 0.00350000
v -0.03185987 0.01534236 0.00585861
v -0.03536181 -0.00000065 0.00585861
v -0.02681028 0.00611867 0.00350000
v -0.02749977 -0.00000065 0.00350000
v -0.03447521 0.00786814 0.00585861
v -0.03447521 -0.00786945 0.00585861
v -0.02749977 -0.00000065 0.00350000
v -0.02681028 -0.00611998 0.00350000
v -0.03536181 -0.00000065 0.00585861
v -0.03185987 -0.01534367 0.00585861
v -0.02681028 -0.00611998 0.00350000
v -0.02477641 -0.01193246 0.00350000
v -0.03447521 -0.00786945 0.00585861
v -0.02764692 -0.02204852 0.00585861
v -0.02477641 -0.01193246 0.00350000
v -0.02150013 -0.01714662 0.00350000
v -0.03185987 -0.01534367 0.00585861
v -0.02204764 -0.02764781 0.00585861
v -0.02150013 -0.01714662 0.00350000
v -0.01714573 -0.02150102 0.00350000
v -0.02764692 -0.02204852 0.00585861
v -0.01534278 -0.03186075 0.00585861
v -0.01714573 -0.02150102 0.00350000
v -0.01193157 -0.02477730 0.00350000
v -0.02204764 -0.02764781 0.00585861
v -0.00786856 -0.03447610 0.00585861
v -0.01193157 -0.02477730 0.00350000
v -0.00611909 -0.02681117 0.00350000
v -0.01534278 -0.03186075 0.00585861
v 0.00000023 -0.03536269 0.00585861
v -0.00611909 -0.02681117 0.00350000
v 0.00000023 -0.02750065 0.00350000
v -0.00786856 -0.03447610 0.00585861
v 0.00444887 -0.03663844 0.00694130
v 0.00000023 -0.03690753 0.00694130
v 0.00000023 -0.03595123 0.00610610
v 0.03750023 -0.00000065 0.00873209
v 0.03641055 -0.00897499 0.00873209
v 0.03743230 -0.00000065 0.00809726
v -0.03504899 -0.00800041 0.00610610
v -0.03647319 -0.00000065 0.00647253
v -0.03595035 -0.00000065 0.00610610
v 0.00433360 -0.03568911 0.00610610
v -0.03504899 -0.00800041 0.00610610
v -0.03447521 -0.00786945 0.00585861
v -0.03185987 -0.01534367 0.00585861
v -0.03504899 -0.00800041 0.00610610
v -0.03595035 -0.00000065 0.00610610
v -0.03447521 -0.00786945 0.00585861
v 0.00000023 -0.03723198 0.00749118
v 0.00452036 -0.03722723 0.00873209
v -0.00451989 -0.03722723 0.00873209
v 0.00000023 -0.03723198 0.00749118
v -0.00451989 -0.03722723 0.00873209
v -0.00448751 -0.03696052 0.00749118
v -0.03239012 -0.01559902 0.00610610
v -0.03185987 -0.01534367 0.00585861
v -0.02764692 -0.02204852 0.00585861
v -0.03536181 -0.00000065 0.00585861
v 0.00000023 -0.03723198 0.00749118
v -0.00444840 -0.03663844 0.00694130
v 0.00000023 -0.03690753 0.00694130
v -0.00448751 -0.03696052 0.00749118
v -0.03239012 -0.01559902 0.00610610
v -0.03598131 -0.00821321 0.00694130
v -0.03690665 -0.00000065 0.00694130
v -0.03647319 -0.00000065 0.00647253
v -0.03598131 -0.00821321 0.00694130
v -0.03723109 -0.00000065 0.00749118
v -0.03690665 -0.00000065 0.00694130
v 0.01559861 -0.03239101 0.00610610
v 0.01274849 -0.03361503 0.00610610
v 0.01534325 -0.03186075 0.00585861
v -0.03598131 -0.00821321 0.00694130
v -0.03647319 -0.00000065 0.00647253
v -0.03504899 -0.00800041 0.00610610
v 0.00821279 -0.03598220 0.00694130
v 0.00433360 -0.03568911 0.00610610
v 0.00799999 -0.03504988 0.00610610
v -0.03629762 -0.00828540 0.00749118
v -0.03743183 -0.00000065 0.00809726
v -0.03723109 -0.00000065 0.00749118
v 0.00444887 -0.03663844 0.00694130
v -0.03629762 -0.00828540 0.00749118
v -0.03641008 -0.00897499 0.00873209
v -0.03743183 -0.00000065 0.00809726
v -0.03629762 -0.00828540 0.00749118
v -0.02810706 -0.02241547 0.00610610
v -0.02764692 -0.02204852 0.00585861
v -0.02204764 -0.02764781 0.00585861
v 0.00448797 -0.03696052 0.00749118
v 0.00452036 -0.03722723 0.00873209
v 0.00000023 -0.03723198 0.00749118
v 0.00448797 -0.03696052 0.00749118
v 0.00000023 -0.03690753 0.00694130
v 0.00444887 -0.03663844 0.00694130
v 0.00000023 -0.03723198 0.00749118
v -0.02810706 -0.02241547 0.00610610
v -0.03325172 -0.01601395 0.00694130
v -0.03598131 -0.00821321 0.00694130
v -0.03504899 -0.00800041 0.00610610
v 0.02042249 -0.02958740 0.00610610
v 0.01534325 -0.03186075 0.00585861
v 0.02204811 -0.02764781 0.00585861
v 0.02042249 -0.02958740 0.00610610
v 0.01559861 -0.03239101 0.00610610
v 0.01534325 -0.03186075 0.00585861
v -0.03239012 -0.01559902 0.00610610
v -0.03354403 -0.01615472 0.00749118
v -0.03641008 -0.00897499 0.00873209
v -0.03629762 -0.00828540 0.00749118
v -0.03354403 -0.01615472 0.00749118
v -0.03629762 -0.00828540 0.00749118
v -0.03598131 -0.00821321 0.00694130
v 0.00828498 -0.03629851 0.00749118
v 0.01329792 -0.03506376 0.00873209
v 0.00452036 -0.03722723 0.00873209
v 0.00828498 -0.03629851 0.00749118
v 0.00452036 -0.03722723 0.00873209
v 0.00448797 -0.03696052 0.00749118
v 0.00828498 -0.03629851 0.00749118
v 0.00444887 -0.03663844 0.00694130
v 0.00821279 -0.03598220 0.00694130
v -0.03354403 -0.01615472 0.00749118
v -0.03320437 -0.01742777 0.00873209
v -0.03641008 -0.00897499 0.00873209
v 0.00448797 -0.03696052 0.00749118
v -0.03325172 -0.01601395 0.00694130
v -0.02241459 -0.02810795 0.00610610
v -0.02204764 -0.02764781 0.00585861
v -0.01534278 -0.03186075 0.00585861
v 0.01308759 -0.03450918 0.00694130
v 0.00799999 -0.03504988 0.00610610
v 0.01274849 -0.03361503 0.00610610
v -0.02241459 -0.02810795 0.00610610
v -0.03641008 -0.00897499 0.00873209
v -0.03749977 -0.00000065 0.00873209
v -0.03743183 -0.00000065 0.00809726
v -0.02885473 -0.02301171 0.00694130
v -0.03325172 -0.01601395 0.00694130
v -0.03239012 -0.01559902 0.00610610
v 0.00821279 -0.03598220 0.00694130
v -0.02810706 -0.02241547 0.00610610
v 0.01601353 -0.03325260 0.00694130
v 0.01274849 -0.03361503 0.00610610
v 0.01559861 -0.03239101 0.00610610
v -0.02910839 -0.02321400 0.00749118
v -0.02806892 -0.02486775 0.00873209
v -0.03320437 -0.01742777 0.00873209
v 0.01308759 -0.03450918 0.00694130
v -0.02910839 -0.02321400 0.00749118
v -0.03325172 -0.01601395 0.00694130
v -0.02885473 -0.02301171 0.00694130
v -0.02910839 -0.02321400 0.00749118
v -0.03320437 -0.01742777 0.00873209
v -0.03354403 -0.01615472 0.00749118
v -0.03354403 -0.01615472 0.00749118
v 0.01320264 -0.03481255 0.00749118
v 0.01329792 -0.03506376 0.00873209
v 0.00828498 -0.03629851 0.00749118
v 0.01320264 -0.03481255 0.00749118
v 0.00828498 -0.03629851 0.00749118
v 0.00821279 -0.03598220 0.00694130
v 0.01308759 -0.03450918 0.00694130
v -0.01559814 -0.03239101 0.00610610
v 0.01615430 -0.03354491 0.00749118
v 0.02130266 -0.03086255 0.00873209
v 0.01329792 -0.03506376 0.00873209
v 0.01615430 -0.03354491 0.00749118
v 0.01329792 -0.03506376 0.00873209
v 0.01320264 -0.03481255 0.00749118
v -0.02301083 -0.02885561 0.00694130
v -0.02885473 -0.02301171 0.00694130
v -0.02810706 -0.02241547 0.00610610
v 0.01615430 -0.03354491 0.00749118
v 0.01308759 -0.03450918 0.00694130
v 0.01601353 -0.03325260 0.00694130
v -0.02241459 -0.02810795 0.00610610
v 0.01320264 -0.03481255 0.00749118
v 0.02690963 -0.02384030 0.00610610
v 0.02204811 -0.02764781 0.00585861
v 0.02764739 -0.02204852 0.00585861
v -0.01274802 -0.03361503 0.00610610
v -0.01559814 -0.03239101 0.00610610
v -0.01534278 -0.03186075 0.00585861
v -0.01274802 -0.03361503 0.00610610
v -0.01534278 -0.03186075 0.00585861
v -0.00786856 -0.03447610 0.00585861
v 0.02690963 -0.02384030 0.00610610
v 0.02042249 -0.02958740 0.00610610
v 0.02204811 -0.02764781 0.00585861
v 0.02096573 -0.03037442 0.00694130
v 0.01559861 -0.03239101 0.00610610
v 0.02042249 -0.02958740 0.00610610
v 0.01601353 -0.03325260 0.00694130
v -0.02321312 -0.02910927 0.00749118
v -0.02130219 -0.03086255 0.00873209
v -0.02806892 -0.02486775 0.00873209
v -0.02321312 -0.02910927 0.00749118
v -0.02910839 -0.02321400 0.00749118
v -0.02885473 -0.02301171 0.00694130
v -0.02321312 -0.02910927 0.00749118
v -0.02806892 -0.02486775 0.00873209
v -0.02910839 -0.02321400 0.00749118
v -0.02301083 -0.02885561 0.00694130
v 0.02115004 -0.03064143 0.00749118
v 0.02130266 -0.03086255 0.00873209
v 0.01615430 -0.03354491 0.00749118
v 0.02115004 -0.03064143 0.00749118
v 0.01615430 -0.03354491 0.00749118
v 0.01601353 -0.03325260 0.00694130
v 0.02096573 -0.03037442 0.00694130
v -0.00799952 -0.03504988 0.00610610
v -0.01274802 -0.03361503 0.00610610
v -0.00786856 -0.03447610 0.00585861
v 0.03183289 -0.01670772 0.00610610
v 0.02764739 -0.02204852 0.00585861
v 0.03186033 -0.01534367 0.00585861
v -0.01601306 -0.03325260 0.00694130
v -0.02301083 -0.02885561 0.00694130
v -0.02241459 -0.02810795 0.00610610
v -0.01559814 -0.03239101 0.00610610
v 0.03183289 -0.01670772 0.00610610
v 0.02690963 -0.02384030 0.00610610
v 0.02764739 -0.02204852 0.00585861
v -0.00433313 -0.03568911 0.00610610
v 0.02762543 -0.02447444 0.00694130
v 0.02042249 -0.02958740 0.00610610
v 0.02690963 -0.02384030 0.00610610
v -0.00433313 -0.03568911 0.00610610
v -0.00799952 -0.03504988 0.00610610
v -0.00786856 -0.03447610 0.00585861
v 0.02096573 -0.03037442 0.00694130
v -0.01308713 -0.03450918 0.00694130
v -0.01601306 -0.03325260 0.00694130
v -0.01559814 -0.03239101 0.00610610
v 0.02786828 -0.02468959 0.00749118
v 0.02115004 -0.03064143 0.00749118
v 0.02096573 -0.03037442 0.00694130
v 0.02786828 -0.02468959 0.00749118
v 0.02806939 -0.02486775 0.00873209
v 0.02130266 -0.03086255 0.00873209
v 0.02762543 -0.02447444 0.00694130
v 0.02115004 -0.03064143 0.00749118
v -0.01274802 -0.03361503 0.00610610
v -0.01615383 -0.03354491 0.00749118
v -0.02301083 -0.02885561 0.00694130
v -0.01601306 -0.03325260 0.00694130
v 0.03490616 -0.00860419 0.00610610
v 0.03447568 -0.00786945 0.00585861
v 0.03595082 -0.00000065 0.00610610
v 0.03490616 -0.00860419 0.00610610
v 0.03186033 -0.01534367 0.00585861
v 0.03447568 -0.00786945 0.00585861
v -0.01615383 -0.03354491 0.00749118
v -0.01329745 -0.03506376 0.00873209
v -0.02130219 -0.03086255 0.00873209
v 0.03490616 -0.00860419 0.00610610
v 0.03595082 -0.00000065 0.00610610
v 0.03647366 -0.00000065 0.00647253
v -0.02321312 -0.02910927 0.00749118
v -0.01615383 -0.03354491 0.00749118
v -0.02130219 -0.03086255 0.00873209
v -0.02321312 -0.02910927 0.00749118
v 0.03490616 -0.00860419 0.00610610
v 0.03183289 -0.01670772 0.00610610
v 0.03186033 -0.01534367 0.00585861
v 0.03267965 -0.01715213 0.00694130
v 0.02690963 -0.02384030 0.00610610
v 0.03183289 -0.01670772 0.00610610
v 0.02762543 -0.02447444 0.00694130
v 0.00000023 -0.03595123 0.00610610
v -0.00433313 -0.03568911 0.00610610
v 0.00000023 -0.03536269 0.00585861
v -0.01320218 -0.03481255 0.00749118
v -0.01615383 -0.03354491 0.00749118
v -0.01601306 -0.03325260 0.00694130
v -0.01320218 -0.03481255 0.00749118
v -0.01329745 -0.03506376 0.00873209
v -0.01615383 -0.03354491 0.00749118
v 0.03296693 -0.01730291 0.00749118
v 0.02762543 -0.02447444 0.00694130
v 0.03267965 -0.01715213 0.00694130
v 0.02786828 -0.02468959 0.00749118
v 0.03296693 -0.01730291 0.00749118
v 0.02806939 -0.02486775 0.00873209
v 0.02786828 -0.02468959 0.00749118
v -0.01308713 -0.03450918 0.00694130
v -0.00821232 -0.03598220 0.00694130
v -0.01308713 -0.03450918 0.00694130
v -0.01274802 -0.03361503 0.00610610
v 0.03320483 -0.01742777 0.00873209
v 0.03583467 -0.00883305 0.00694130
v 0.03183289 -0.01670772 0.00610610
v 0.03490616 -0.00860419 0.00610610
v 0.03267965 -0.01715213 0.00694130
v 0.03583467 -0.00883305 0.00694130
v 0.03490616 -0.00860419 0.00610610
v 0.03647366 -0.00000065 0.00647253
v -0.00799952 -0.03504988 0.00610610
v 0.00433360 -0.03568911 0.00610610
v 0.03583467 -0.00883305 0.00694130
v 0.03647366 -0.00000065 0.00647253
v 0.03690711 -0.00000065 0.00694130
v 0.00433360 -0.03568911 0.00610610
v 0.00000023 -0.03595123 0.00610610
v 0.00000023 -0.03536269 0.00585861
v 0.03614968 -0.00891069 0.00749118
v 0.03267965 -0.01715213 0.00694130
v 0.03583467 -0.00883305 0.00694130
v 0.03296693 -0.01730291 0.00749118
v 0.03614968 -0.00891069 0.00749118
v 0.03743230 -0.00000065 0.00809726
v 0.03641055 -0.00897499 0.00873209
v -0.00444840 -0.03663844 0.00694130
v -0.00799952 -0.03504988 0.00610610
v -0.00433313 -0.03568911 0.00610610
v 0.03614968 -0.00891069 0.00749118
v 0.03320483 -0.01742777 0.00873209
v 0.03296693 -0.01730291 0.00749118
v 0.03614968 -0.00891069 0.00749118
v 0.03583467 -0.00883305 0.00694130
v 0.03690711 -0.00000065 0.00694130
v 0.03723156 -0.00000065 0.00749118
v 0.03614968 -0.00891069 0.00749118
v 0.03723156 -0.00000065 0.00749118
v 0.03743230 -0.00000065 0.00809726
v -0.00821232 -0.03598220 0.00694130
v 0.03641055 -0.00897499 0.00873209
v 0.03595082 -0.00000065 0.00610610
v 0.03447568 -0.00786945 0.00585861
v 0.03536228 -0.00000065 0.00585861
v -0.00828451 -0.03629851 0.00749118
v -0.01329745 -0.03506376 0.00873209
v -0.01320218 -0.03481255 0.00749118
v -0.00828451 -0.03629851 0.00749118
v -0.00451989 -0.03722723 0.00873209
v -0.01329745 -0.03506376 0.00873209
v -0.00828451 -0.03629851 0.00749118
v -0.01320218 -0.03481255 0.00749118
v -0.01308713 -0.03450918 0.00694130
v -0.00821232 -0.03598220 0.00694130
v 0.00799999 -0.03504988 0.00610610
v 0.00433360 -0.03568911 0.00610610
v 0.00786903 -0.03447610 0.00585861
v 0.00000023 -0.03690753 0.00694130
v -0.00433313 -0.03568911 0.00610610
v 0.00000023 -0.03595123 0.00610610
v -0.00444840 -0.03663844 0.00694130
v -0.00448751 -0.03696052 0.00749118
v -0.00451989 -0.03722723 0.00873209
v -0.00828451 -0.03629851 0.00749118
v -0.00448751 -0.03696052 0.00749118
v -0.00821232 -0.03598220 0.00694130
v -0.00444840 -0.03663844 0.00694130
v -0.00828451 -0.03629851 0.00749118
v 0.01274849 -0.03361503 0.00610610
v 0.00786903 -0.03447610 0.00585861
v 0.01534325 -0.03186075 0.00585861
v 0.01274849 -0.03361503 0.00610610
v 0.00799999 -0.03504988 0.00610610
v 0.00786903 -0.03447610 0.00585861
v 0.02750023 -0.00000065 0.00350000
v 0.02750023 -0.00000065 0.02650000
v 0.02681075 0.00611867 0.00350000
v 0.02681075 0.00611867 0.00350000
v 0.02670113 0.00658053 0.02650000
v 0.02477688 0.01193115 0.00350000
v 0.02750023 -0.00000065 0.02650000
v 0.02670113 0.00658053 0.02650000
v 0.02681075 0.00611867 0.00350000
v 0.02477688 0.01193115 0.00350000
v 0.02435028 0.01277923 0.02650000
v 0.02150060 0.01714532 0.00350000
v 0.02670113 0.00658053 0.02650000
v 0.02435028 0.01277923 0.02650000
v 0.02477688 0.01193115 0.00350000
v 0.02150060 0.01714532 0.00350000
v 0.02058428 0.01823522 0.02650000
v 0.01714620 0.02149971 0.00350000
v 0.02435028 0.01277923 0.02650000
v 0.02058428 0.01823522 0.02650000
v 0.02150060 0.01714532 0.00350000
v 0.01714620 0.02149971 0.00350000
v 0.01562201 0.02263140 0.02650000
v 0.01193204 0.02477599 0.00350000
v 0.02058428 0.01823522 0.02650000
v 0.01562201 0.02263140 0.02650000
v 0.01714620 0.02149971 0.00350000
v 0.01193204 0.02477599 0.00350000
v 0.00975187 0.02571230 0.02650000
v 0.00611956 0.02680987 0.00350000
v 0.01562201 0.02263140 0.02650000
v 0.00975187 0.02571230 0.02650000
v 0.01193204 0.02477599 0.00350000
v 0.00611956 0.02680987 0.00350000
v 0.00331499 0.02729884 0.02650000
v 0.00000023 0.02749935 0.00350000
v 0.00975187 0.02571230 0.02650000
v 0.00331499 0.02729884 0.02650000
v 0.00611956 0.02680987 0.00350000
v 0.00000023 0.02749935 0.00350000
v -0.00331452 0.02729884 0.02650000
v -0.00611909 0.02680987 0.00350000
v 0.00331499 0.02729884 0.02650000
v -0.00331452 0.02729884 0.02650000
v 0.00000023 0.02749935 0.00350000
v -0.00611909 0.02680987 0.00350000
v -0.00975140 0.02571230 0.02650000
v -0.01193157 0.02477599 0.00350000
v -0.00331452 0.02729884 0.02650000
v -0.00975140 0.02571230 0.02650000
v -0.00611909 0.02680987 0.00350000
v -0.01193157 0.02477599 0.00350000
v -0.01562155 0.02263140 0.02650000
v -0.01714573 0.02149971 0.00350000
v -0.00975140 0.02571230 0.02650000
v -0.01562155 0.02263140 0.02650000
v -0.01193157 0.02477599 0.00350000
v -0.01714573 0.02149971 0.00350000
v -0.02058381 0.01823522 0.02650000
v -0.02150013 0.01714532 0.00350000
v -0.01562155 0.02263140 0.02650000
v -0.02058381 0.01823522 0.02650000
v -0.01714573 0.02149971 0.00350000
v -0.02150013 0.01714532 0.00350000
v -0.02434981 0.01277923 0.02650000
v -0.02477641 0.01193115 0.00350000
v -0.02058381 0.01823522 0.02650000
v -0.02434981 0.01277923 0.02650000
v -0.02150013 0.01714532 0.00350000
v -0.02477641 0.01193115 0.00350000
v -0.02670067 0.00658053 0.02650000
v -0.02681028 0.00611867 0.00350000
v -0.02434981 0.01277923 0.02650000
v -0.02670067 0.00658053 0.02650000
v -0.02477641 0.01193115 0.00350000
v -0.02681028 0.00611867 0.00350000
v -0.02749977 -0.00000065 0.02650000
v -0.02749977 -0.00000065 0.00350000
v -0.02670067 0.00658053 0.02650000
v -0.02749977 -0.00000065 0.02650000
v -0.02681028 0.00611867 0.00350000
v -0.03641008 -0.00897499 0.02126791
v -0.03749977 -0.00000065 0.02126791
v -0.03749977 -0.00000065 0.00873209
v -0.03641008 -0.00897499 0.00873209
v -0.03320437 -0.01742777 0.02126791
v -0.03641008 -0.00897499 0.00873209
v -0.03320437 -0.01742777 0.00873209
v -0.03641008 -0.00897499 0.02126791
v -0.02806892 -0.02486775 0.02126791
v -0.03320437 -0.01742777 0.00873209
v -0.02806892 -0.02486775 0.00873209
v -0.03320437 -0.01742777 0.02126791
v -0.02130219 -0.03086255 0.02126791
v -0.02806892 -0.02486775 0.00873209
v -0.02130219 -0.03086255 0.00873209
v -0.02806892 -0.02486775 0.02126791
v -0.01329745 -0.03506376 0.02126791
v -0.02130219 -0.03086255 0.00873209
v -0.01329745 -0.03506376 0.00873209
v -0.02130219 -0.03086255 0.02126791
v -0.00451989 -0.03722723 0.02126791
v -0.01329745 -0.03506376 0.02126791
v 0.00452036 -0.03722723 0.02126791
v -0.00451989 -0.03722723 0.02126791
v 0.01329792 -0.03506376 0.02126791
v 0.00452036 -0.03722723 0.02126791
v 0.02130266 -0.03086255 0.02126791
v 0.01329792 -0.03506376 0.00873209
v 0.02130266 -0.03086255 0.00873209
v 0.01329792 -0.03506376 0.02126791
v 0.02806939 -0.02486775 0.02126791
v 0.02130266 -0.03086255 0.00873209
v 0.02806939 -0.02486775 0.00873209
v 0.02130266 -0.03086255 0.02126791
v 0.03320483 -0.01742777 0.02126791
v 0.02806939 -0.02486775 0.00873209
v 0.03320483 -0.01742777 0.00873209
v 0.02806939 -0.02486775 0.02126791
v 0.03641055 -0.00897499 0.02126791
v 0.03320483 -0.01742777 0.00873209
v 0.03641055 -0.00897499 0.00873209
v 0.03320483 -0.01742777 0.02126791
v 0.03750023 -0.00000065 0.02126791
v 0.03641055 -0.00897499 0.00873209
v 0.03750023 -0.00000065 0.00873209
v 0.03641055 -0.00897499 0.02126791
v 0.03536228 -0.00000065 0.02414139
v 0.02750023 -0.00000065 0.02650000
v 0.02670113 -0.00658183 0.02650000
v 0.03433472 -0.00846334 0.02414139
v 0.02670113 -0.00658183 0.02650000
v 0.02435028 -0.01278054 0.02650000
v 0.03433472 -0.00846334 0.02414139
v 0.03131177 -0.01643421 0.02414139
v 0.02435028 -0.01278054 0.02650000
v 0.02058428 -0.01823652 0.02650000
v 0.03131177 -0.01643421 0.02414139
v 0.02646910 -0.02345002 0.02414139
v 0.02058428 -0.01823652 0.02650000
v 0.01562201 -0.02263271 0.02650000
v 0.02646910 -0.02345002 0.02414139
v 0.02008816 -0.02910304 0.02414139
v 0.01562201 -0.02263271 0.02650000
v 0.00975187 -0.02571360 0.02650000
v 0.02008816 -0.02910304 0.02414139
v 0.01253979 -0.03306474 0.02414139
v 0.00975187 -0.02571360 0.02650000
v 0.00331499 -0.02730015 0.02650000
v 0.01253979 -0.03306474 0.02414139
v 0.00426266 -0.03510487 0.02414139
v 0.00331499 -0.02730015 0.02650000
v -0.00331452 -0.02730015 0.02650000
v 0.00426266 -0.03510487 0.02414139
v -0.00426219 -0.03510487 0.02414139
v -0.00331452 -0.02730015 0.02650000
v -0.00975140 -0.02571360 0.02650000
v -0.00426219 -0.03510487 0.02414139
v -0.01253932 -0.03306474 0.02414139
v -0.00975140 -0.02571360 0.02650000
v -0.01562155 -0.02263271 0.02650000
v -0.01253932 -0.03306474 0.02414139
v -0.02008770 -0.02910304 0.02414139
v -0.01562155 -0.02263271 0.02650000
v -0.02058381 -0.01823652 0.02650000
v -0.02008770 -0.02910304 0.02414139
v -0.02646864 -0.02345002 0.02414139
v -0.02058381 -0.01823652 0.02650000
v -0.02434981 -0.01278054 0.02650000
v -0.02646864 -0.02345002 0.02414139
v -0.03131130 -0.01643421 0.02414139
v -0.02434981 -0.01278054 0.02650000
v -0.02670067 -0.00658183 0.02650000
v -0.03131130 -0.01643421 0.02414139
v -0.03433425 -0.00846334 0.02414139
v -0.02670067 -0.00658183 0.02650000
v -0.02749977 -0.00000065 0.02650000
v -0.03433425 -0.00846334 0.02414139
v -0.03536181 -0.00000065 0.02414139
v 0.01274849 -0.03361503 0.02389390
v 0.00444887 -0.03663844 0.02305870
v 0.01308759 -0.03450918 0.02305870
v 0.01274849 -0.03361503 0.02389390
v 0.01253979 -0.03306474 0.02414139
v 0.00433360 -0.03568911 0.02389390
v -0.03614922 -0.00891069 0.02250882
v -0.03723109 -0.00000065 0.02250882
v -0.03743183 -0.00000065 0.02190274
v 0.00433360 -0.03568911 0.02389390
v 0.02786828 -0.02468959 0.02250882
v 0.02130266 -0.03086255 0.02126791
v 0.02806939 -0.02486775 0.02126791
v 0.02115004 -0.03064143 0.02250882
v -0.03614922 -0.00891069 0.02250882
v -0.03743183 -0.00000065 0.02190274
v -0.03641008 -0.00897499 0.02126791
v -0.03641008 -0.00897499 0.02126791
v -0.03743183 -0.00000065 0.02190274
v -0.03749977 -0.00000065 0.02126791
v -0.03583420 -0.00883305 0.02305870
v -0.03690665 -0.00000065 0.02305870
v -0.03723109 -0.00000065 0.02250882
v -0.03583420 -0.00883305 0.02305870
v -0.03647319 -0.00000065 0.02352747
v -0.03690665 -0.00000065 0.02305870
v -0.03614922 -0.00891069 0.02250882
v 0.02762543 -0.02447444 0.02305870
v 0.02115004 -0.03064143 0.02250882
v 0.02786828 -0.02468959 0.02250882
v 0.02096573 -0.03037442 0.02305870
v 0.02042249 -0.02958740 0.02389390
v 0.02646910 -0.02345002 0.02414139
v 0.02008816 -0.02910304 0.02414139
v 0.02042249 -0.02958740 0.02389390
v 0.02008816 -0.02910304 0.02414139
v 0.01274849 -0.03361503 0.02389390
v 0.02042249 -0.02958740 0.02389390
v 0.01308759 -0.03450918 0.02305870
v 0.02096573 -0.03037442 0.02305870
v 0.01274849 -0.03361503 0.02389390
v -0.03296646 -0.01730291 0.02250882
v -0.03641008 -0.00897499 0.02126791
v -0.03320437 -0.01742777 0.02126791
v -0.03614922 -0.00891069 0.02250882
v 0.03296693 -0.01730291 0.02250882
v 0.02806939 -0.02486775 0.02126791
v 0.03320483 -0.01742777 0.02126791
v -0.03267918 -0.01715213 0.02305870
v -0.03583420 -0.00883305 0.02305870
v -0.03614922 -0.00891069 0.02250882
v 0.02786828 -0.02468959 0.02250882
v -0.03296646 -0.01730291 0.02250882
v -0.03490569 -0.00860419 0.02389390
v -0.03595035 -0.00000065 0.02389390
v -0.03647319 -0.00000065 0.02352747
v -0.03490569 -0.00860419 0.02389390
v -0.03131130 -0.01643421 0.02414139
v -0.03433425 -0.00846334 0.02414139
v 0.03267965 -0.01715213 0.02305870
v 0.02762543 -0.02447444 0.02305870
v 0.02786828 -0.02468959 0.02250882
v -0.03490569 -0.00860419 0.02389390
v -0.03647319 -0.00000065 0.02352747
v -0.03583420 -0.00883305 0.02305870
v -0.03490569 -0.00860419 0.02389390
v -0.03433425 -0.00846334 0.02414139
v -0.03595035 -0.00000065 0.02389390
v 0.03296693 -0.01730291 0.02250882
v 0.02690963 -0.02384030 0.02389390
v 0.03131177 -0.01643421 0.02414139
v 0.02646910 -0.02345002 0.02414139
v -0.02786781 -0.02468959 0.02250882
v -0.03320437 -0.01742777 0.02126791
v -0.02806892 -0.02486775 0.02126791
v 0.02690963 -0.02384030 0.02389390
v 0.02690963 -0.02384030 0.02389390
v 0.02096573 -0.03037442 0.02305870
v 0.02762543 -0.02447444 0.02305870
v 0.02042249 -0.02958740 0.02389390
v -0.03296646 -0.01730291 0.02250882
v 0.03614968 -0.00891069 0.02250882
v 0.03641055 -0.00897499 0.02126791
v 0.03743230 -0.00000065 0.02190274
v 0.03614968 -0.00891069 0.02250882
v 0.03320483 -0.01742777 0.02126791
v 0.03641055 -0.00897499 0.02126791
v 0.03614968 -0.00891069 0.02250882
v 0.03743230 -0.00000065 0.02190274
v 0.03723156 -0.00000065 0.02250882
v 0.03614968 -0.00891069 0.02250882
v 0.03723156 -0.00000065 0.02250882
v 0.03690711 -0.00000065 0.02305870
v -0.03536181 -0.00000065 0.02414139
v 0.03296693 -0.01730291 0.02250882
v -0.02762496 -0.02447444 0.02305870
v -0.03296646 -0.01730291 0.02250882
v -0.02786781 -0.02468959 0.02250882
v 0.03583467 -0.00883305 0.02305870
v 0.03690711 -0.00000065 0.02305870
v 0.03647366 -0.00000065 0.02352747
v -0.03267918 -0.01715213 0.02305870
v 0.03583467 -0.00883305 0.02305870
v 0.03267965 -0.01715213 0.02305870
v 0.03296693 -0.01730291 0.02250882
v -0.03183243 -0.01670772 0.02389390
v -0.02646864 -0.02345002 0.02414139
v -0.03131130 -0.01643421 0.02414139
v 0.03614968 -0.00891069 0.02250882
v -0.03183243 -0.01670772 0.02389390
v 0.03583467 -0.00883305 0.02305870
v -0.03183243 -0.01670772 0.02389390
v -0.03490569 -0.00860419 0.02389390
v -0.03583420 -0.00883305 0.02305870
v 0.03183289 -0.01670772 0.02389390
v 0.02690963 -0.02384030 0.02389390
v 0.02762543 -0.02447444 0.02305870
v 0.03267965 -0.01715213 0.02305870
v -0.03267918 -0.01715213 0.02305870
v 0.03183289 -0.01670772 0.02389390
v 0.03433472 -0.00846334 0.02414139
v 0.03131177 -0.01643421 0.02414139
v 0.03183289 -0.01670772 0.02389390
v -0.02114957 -0.03064143 0.02250882
v -0.02806892 -0.02486775 0.02126791
v -0.02130219 -0.03086255 0.02126791
v 0.03490616 -0.00860419 0.02389390
v 0.03595082 -0.00000065 0.02389390
v 0.03433472 -0.00846334 0.02414139
v 0.03490616 -0.00860419 0.02389390
v 0.03647366 -0.00000065 0.02352747
v 0.03595082 -0.00000065 0.02389390
v 0.03490616 -0.00860419 0.02389390
v 0.03183289 -0.01670772 0.02389390
v 0.03267965 -0.01715213 0.02305870
v -0.02786781 -0.02468959 0.02250882
v 0.03490616 -0.00860419 0.02389390
v 0.03583467 -0.00883305 0.02305870
v 0.03647366 -0.00000065 0.02352747
v 0.03583467 -0.00883305 0.02305870
v 0.03490616 -0.00860419 0.02389390
v -0.02096526 -0.03037442 0.02305870
v -0.02786781 -0.02468959 0.02250882
v -0.02114957 -0.03064143 0.02250882
v -0.02762496 -0.02447444 0.02305870
v -0.02690916 -0.02384030 0.02389390
v -0.02008770 -0.02910304 0.02414139
v -0.02646864 -0.02345002 0.02414139
v -0.02690916 -0.02384030 0.02389390
v -0.03267918 -0.01715213 0.02305870
v -0.02762496 -0.02447444 0.02305870
v -0.02690916 -0.02384030 0.02389390
v -0.03183243 -0.01670772 0.02389390
v -0.01320218 -0.03481255 0.02250882
v -0.02114957 -0.03064143 0.02250882
v -0.02130219 -0.03086255 0.02126791
v -0.01329745 -0.03506376 0.02126791
v -0.01308713 -0.03450918 0.02305870
v -0.02114957 -0.03064143 0.02250882
v -0.01320218 -0.03481255 0.02250882
v -0.02096526 -0.03037442 0.02305870
v -0.02042202 -0.02958740 0.02389390
v -0.01253932 -0.03306474 0.02414139
v -0.02008770 -0.02910304 0.02414139
v -0.02042202 -0.02958740 0.02389390
v -0.02042202 -0.02958740 0.02389390
v -0.02690916 -0.02384030 0.02389390
v -0.02762496 -0.02447444 0.02305870
v -0.02096526 -0.03037442 0.02305870
v -0.00448751 -0.03696052 0.02250882
v -0.01329745 -0.03506376 0.02126791
v -0.00451989 -0.03722723 0.02126791
v -0.01320218 -0.03481255 0.02250882
v -0.00444840 -0.03663844 0.02305870
v -0.01320218 -0.03481255 0.02250882
v -0.00448751 -0.03696052 0.02250882
v -0.01308713 -0.03450918 0.02305870
v -0.01274802 -0.03361503 0.02389390
v -0.00426219 -0.03510487 0.02414139
v -0.01253932 -0.03306474 0.02414139
v -0.01274802 -0.03361503 0.02389390
v -0.01274802 -0.03361503 0.02389390
v -0.02042202 -0.02958740 0.02389390
v -0.02096526 -0.03037442 0.02305870
v -0.01308713 -0.03450918 0.02305870
v 0.00448797 -0.03696052 0.02250882
v -0.00451989 -0.03722723 0.02126791
v 0.00452036 -0.03722723 0.02126791
v -0.00448751 -0.03696052 0.02250882
v 0.00444887 -0.03663844 0.02305870
v -0.00448751 -0.03696052 0.02250882
v 0.00448797 -0.03696052 0.02250882
v -0.00444840 -0.03663844 0.02305870
v -0.00433313 -0.03568911 0.02389390
v -0.01308713 -0.03450918 0.02305870
v -0.00444840 -0.03663844 0.02305870
v -0.00433313 -0.03568911 0.02389390
v 0.00426266 -0.03510487 0.02414139
v -0.00426219 -0.03510487 0.02414139
v -0.00433313 -0.03568911 0.02389390
v -0.01274802 -0.03361503 0.02389390
v 0.01320264 -0.03481255 0.02250882
v 0.00452036 -0.03722723 0.02126791
v 0.01329792 -0.03506376 0.02126791
v 0.03743230 -0.00000065 0.02190274
v 0.03641055 -0.00897499 0.02126791
v 0.03750023 -0.00000065 0.02126791
v 0.00448797 -0.03696052 0.02250882
v 0.01308759 -0.03450918 0.02305870
v 0.00448797 -0.03696052 0.02250882
v 0.01320264 -0.03481255 0.02250882
v 0.00444887 -0.03663844 0.02305870
v 0.00433360 -0.03568911 0.02389390
v -0.00433313 -0.03568911 0.02389390
v -0.00444840 -0.03663844 0.02305870
v 0.00444887 -0.03663844 0.02305870
v 0.00433360 -0.03568911 0.02389390
v 0.00426266 -0.03510487 0.02414139
v 0.02115004 -0.03064143 0.02250882
v 0.01329792 -0.03506376 0.02126791
v 0.02130266 -0.03086255 0.02126791
v 0.01320264 -0.03481255 0.02250882
v 0.02096573 -0.03037442 0.02305870
v 0.01320264 -0.03481255 0.02250882
v 0.02115004 -0.03064143 0.02250882
v 0.01308759 -0.03450918 0.02305870
v 0.03536228 -0.00000065 0.02414139
v 0.01253979 -0.03306474 0.02414139
v 0.00000023 -0.00950065 0.00550000
v 0.00000023 -0.00950065 -0.00850000
v 0.00227373 -0.00922460 -0.00850000
v 0.00227373 -0.00922460 0.00550000
v 0.00227373 -0.00922460 -0.00850000
v 0.00441510 -0.00841248 -0.00850000
v 0.00227373 -0.00922460 0.00550000
v 0.00441510 -0.00841248 0.00550000
v 0.00441510 -0.00841248 -0.00850000
v 0.00629990 -0.00711150 -0.00850000
v 0.00441510 -0.00841248 0.00550000
v 0.00629990 -0.00711150 0.00550000
v 0.00629990 -0.00711150 -0.00850000
v 0.00781858 -0.00539727 -0.00850000
v 0.00629990 -0.00711150 0.00550000
v 0.00781858 -0.00539727 0.00550000
v 0.00781858 -0.00539727 -0.00850000
v 0.00888289 -0.00336940 -0.00850000
v 0.00781858 -0.00539727 0.00550000
v 0.00888289 -0.00336940 0.00550000
v 0.00888289 -0.00336940 -0.00850000
v 0.00943097 -0.00114575 -0.00850000
v 0.00888289 -0.00336940 0.00550000
v 0.00943097 -0.00114575 0.00550000
v 0.00943097 -0.00114575 -0.00850000
v 0.00943097 0.00114445 -0.00850000
v 0.00943097 -0.00114575 0.00550000
v 0.00943097 0.00114445 0.00550000
v 0.00943097 0.00114445 -0.00850000
v 0.00888289 0.00336809 -0.00850000
v 0.00943097 0.00114445 0.00550000
v 0.00888289 0.00336809 0.00550000
v 0.00888289 0.00336809 -0.00850000
v 0.00781858 0.00539596 -0.00850000
v 0.00888289 0.00336809 0.00550000
v 0.00781858 0.00539596 0.00550000
v 0.00781858 0.00539596 -0.00850000
v 0.00629990 0.00711020 -0.00850000
v 0.00781858 0.00539596 0.00550000
v 0.00629990 0.00711020 0.00550000
v 0.00629990 0.00711020 -0.00850000
v 0.00441510 0.00841118 -0.00850000
v 0.00629990 0.00711020 0.00550000
v 0.00441510 0.00841118 0.00550000
v 0.00441510 0.00841118 -0.00850000
v 0.00227373 0.00922330 -0.00850000
v 0.00441510 0.00841118 0.00550000
v 0.00227373 0.00922330 0.00550000
v 0.00227373 0.00922330 -0.00850000
v 0.00000023 0.00949935 -0.00850000
v 0.00227373 0.00922330 0.00550000
v 0.00000023 0.00949935 0.00550000
v -0.00799977 -0.00000065 0.00550000
v -0.00776730 -0.00191518 0.00550000
v -0.00799977 -0.00000065 -0.00850000
v -0.00776730 -0.00191518 -0.00850000
v -0.00776730 -0.00191518 -0.00850000
v -0.00708342 -0.00371844 0.00550000
v -0.00708342 -0.00371844 -0.00850000
v -0.00776730 -0.00191518 0.00550000
v -0.00708342 -0.00371844 -0.00850000
v -0.00598785 -0.00530563 0.00550000
v -0.00598785 -0.00530563 -0.00850000
v -0.00708342 -0.00371844 0.00550000
v -0.00598785 -0.00530563 -0.00850000
v -0.00454428 -0.00658452 0.00550000
v -0.00454428 -0.00658452 -0.00850000
v -0.00598785 -0.00530563 0.00550000
v -0.00454428 -0.00658452 -0.00850000
v -0.00283661 -0.00748078 0.00550000
v -0.00283661 -0.00748078 -0.00850000
v -0.00454428 -0.00658452 0.00550000
v -0.00283661 -0.00748078 -0.00850000
v -0.00096406 -0.00794232 0.00550000
v -0.00096406 -0.00794232 -0.00850000
v -0.00283661 -0.00748078 0.00550000
v -0.00096406 -0.00794232 -0.00850000
v 0.00096453 -0.00794232 0.00550000
v 0.00096453 -0.00794232 -0.00850000
v -0.00096406 -0.00794232 0.00550000
v 0.00096453 -0.00794232 -0.00850000
v 0.00283707 -0.00748078 0.00550000
v 0.00283707 -0.00748078 -0.00850000
v 0.00096453 -0.00794232 0.00550000
v 0.00283707 -0.00748078 -0.00850000
v 0.00454475 -0.00658452 0.00550000
v 0.00454475 -0.00658452 -0.00850000
v 0.00283707 -0.00748078 0.00550000
v 0.00454475 -0.00658452 -0.00850000
v 0.00598832 -0.00530563 0.00550000
v 0.00598832 -0.00530563 -0.00850000
v 0.00454475 -0.00658452 0.00550000
v 0.00598832 -0.00530563 -0.00850000
v 0.00708388 -0.00371844 0.00550000
v 0.00708388 -0.00371844 -0.00850000
v 0.00598832 -0.00530563 0.00550000
v 0.00708388 -0.00371844 -0.00850000
v 0.00776777 -0.00191518 0.00550000
v 0.00776777 -0.00191518 -0.00850000
v 0.00708388 -0.00371844 0.00550000
v 0.00776777 -0.00191518 -0.00850000
v 0.00800023 -0.00000065 0.00550000
v 0.00800023 -0.00000065 -0.00850000
v 0.00776777 -0.00191518 0.00550000
v 0.00000023 0.00949935 0.00550000
v 0.00000023 0.00949935 -0.00850000
v -0.00227327 0.00922330 -0.00850000
v -0.00227327 0.00922330 0.00550000
v -0.00227327 0.00922330 -0.00850000
v -0.00441464 0.00841118 -0.00850000
v -0.00227327 0.00922330 0.00550000
v -0.00441464 0.00841118 0.00550000
v -0.00441464 0.00841118 -0.00850000
v -0.00629943 0.00711020 -0.00850000
v -0.00441464 0.00841118 0.00550000
v -0.00629943 0.00711020 0.00550000
v -0.00629943 0.00711020 -0.00850000
v -0.00781811 0.00539596 -0.00850000
v -0.00629943 0.00711020 0.00550000
v -0.00781811 0.00539596 0.00550000
v -0.00781811 0.00539596 -0.00850000
v -0.00888242 0.00336809 -0.00850000
v -0.00781811 0.00539596 0.00550000
v -0.00888242 0.00336809 0.00550000
v -0.00888242 0.00336809 -0.00850000
v -0.00943050 0.00114445 -0.00850000
v -0.00888242 0.00336809 0.00550000
v -0.00943050 0.00114445 0.00550000
v -0.00943050 0.00114445 -0.00850000
v -0.00943050 -0.00114575 -0.00850000
v -0.00943050 0.00114445 0.00550000
v -0.00943050 -0.00114575 0.00550000
v -0.00943050 -0.00114575 -0.00850000
v -0.00888242 -0.00336940 -0.00850000
v -0.00943050 -0.00114575 0.00550000
v -0.00888242 -0.00336940 0.00550000
v -0.00888242 -0.00336940 -0.00850000
v -0.00781811 -0.00539727 -0.00850000
v -0.00888242 -0.00336940 0.00550000
v -0.00781811 -0.00539727 0.00550000
v -0.00781811 -0.00539727 -0.00850000
v -0.00629943 -0.00711150 -0.00850000
v -0.00781811 -0.00539727 0.00550000
v -0.00629943 -0.00711150 0.00550000
v -0.00629943 -0.00711150 -0.00850000
v -0.00441464 -0.00841248 -0.00850000
v -0.00629943 -0.00711150 0.00550000
v -0.00441464 -0.00841248 0.00550000
v -0.00441464 -0.00841248 -0.00850000
v -0.00227327 -0.00922460 -0.00850000
v -0.00441464 -0.00841248 0.00550000
v -0.00227327 -0.00922460 0.00550000
v -0.00227327 -0.00922460 -0.00850000
v 0.00000023 -0.00950065 -0.00850000
v -0.00227327 -0.00922460 0.00550000
v 0.00000023 -0.00950065 0.00550000
v 0.00227373 0.00922330 0.00550000
v 0.00283707 0.00747948 0.00550000
v 0.00441510 0.00841118 0.00550000
v 0.00096453 0.00794102 0.00550000
v -0.00943050 -0.00114575 0.00550000
v -0.00776730 -0.00191518 0.00550000
v -0.00799977 -0.00000065 0.00550000
v 0.00598832 -0.00530563 0.00550000
v 0.00629990 -0.00711150 0.00550000
v 0.00781858 -0.00539727 0.00550000
v -0.00888242 -0.00336940 0.00550000
v 0.00454475 -0.00658452 0.00550000
v 0.00441510 -0.00841248 0.00550000
v 0.00000023 0.00949935 0.00550000
v -0.00096406 0.00794102 0.00550000
v 0.00708388 -0.00371844 0.00550000
v 0.00888289 -0.00336940 0.00550000
v 0.00283707 -0.00748078 0.00550000
v 0.00227373 -0.00922460 0.00550000
v -0.00943050 0.00114445 0.00550000
v -0.00776730 0.00191387 0.00550000
v 0.00776777 -0.00191518 0.00550000
v 0.00943097 -0.00114575 0.00550000
v 0.00096453 -0.00794232 0.00550000
v 0.00000023 -0.00950065 0.00550000
v -0.00227327 0.00922330 0.00550000
v -0.00283661 0.00747948 0.00550000
v 0.00800023 -0.00000065 0.00550000
v 0.00943097 0.00114445 0.00550000
v -0.00888242 0.00336809 0.00550000
v -0.00708342 0.00371713 0.00550000
v -0.00096406 -0.00794232 0.00550000
v -0.00441464 0.00841118 0.00550000
v -0.00454428 0.00658322 0.00550000
v -0.00227327 -0.00922460 0.00550000
v -0.00781811 0.00539596 0.00550000
v -0.00598785 0.00530433 0.00550000
v 0.00776777 0.00191387 0.00550000
v -0.00629943 0.00711020 0.00550000
v 0.00888289 0.00336809 0.00550000
v -0.00283661 -0.00748078 0.00550000
v -0.00441464 -0.00841248 0.00550000
v 0.00708388 0.00371713 0.00550000
v 0.00781858 0.00539596 0.00550000
v -0.00454428 -0.00658452 0.00550000
v -0.00629943 -0.00711150 0.00550000
v 0.00598832 0.00530433 0.00550000
v -0.00598785 -0.00530563 0.00550000
v 0.00629990 0.00711020 0.00550000
v 0.00454475 0.00658322 0.00550000
v -0.00781811 -0.00539727 0.00550000
v -0.00708342 -0.00371844 0.00550000
v -0.00096406 0.00794102 -0.00850000
v -0.00283661 0.00747948 -0.00850000
v -0.00227327 0.00922330 -0.00850000
v 0.00943097 -0.00114575 -0.00850000
v 0.00776777 -0.00191518 -0.00850000
v 0.00800023 -0.00000065 -0.00850000
v 0.00888289 -0.00336940 -0.00850000
v 0.00000023 0.00949935 -0.00850000
v 0.00096453 0.00794102 -0.00850000
v -0.00598785 -0.00530563 -0.00850000
v -0.00629943 -0.00711150 -0.00850000
v -0.00781811 -0.00539727 -0.00850000
v -0.00454428 -0.00658452 -0.00850000
v -0.00441464 -0.00841248 -0.00850000
v -0.00708342 -0.00371844 -0.00850000
v -0.00888242 -0.00336940 -0.00850000
v 0.00943097 0.00114445 -0.00850000
v 0.00776777 0.00191387 -0.00850000
v -0.00283661 -0.00748078 -0.00850000
v -0.00227327 -0.00922460 -0.00850000
v -0.00776730 -0.00191518 -0.00850000
v -0.00943050 -0.00114575 -0.00850000
v -0.00096406 -0.00794232 -0.00850000
v 0.00000023 -0.00950065 -0.00850000
v 0.00227373 0.00922330 -0.00850000
v 0.00283707 0.00747948 -0.00850000
v -0.00799977 -0.00000065 -0.00850000
v -0.00943050 0.00114445 -0.00850000
v 0.00096453 -0.00794232 -0.00850000
v 0.00888289 0.00336809 -0.00850000
v 0.00708388 0.00371713 -0.00850000
v 0.00441510 0.00841118 -0.00850000
v 0.00454475 0.00658322 -0.00850000
v 0.00227373 -0.00922460 -0.00850000
v -0.00776730 0.00191387 -0.00850000
v 0.00781858 0.00539596 -0.00850000
v 0.00598832 0.00530433 -0.00850000
v -0.00888242 0.00336809 -0.00850000
v 0.00629990 0.00711020 -0.00850000
v 0.00283707 -0.00748078 -0.00850000
v 0.00441510 -0.00841248 -0.00850000
v -0.00708342 0.00371713 -0.00850000
v -0.00781811 0.00539596 -0.00850000
v 0.00454475 -0.00658452 -0.00850000
v 0.00629990 -0.00711150 -0.00850000
v -0.00598785 0.00530433 -0.00850000
v 0.00598832 -0.00530563 -0.00850000
v -0.00629943 0.00711020 -0.00850000
v -0.00454428 0.00658322 -0.00850000
v 0.00781858 -0.00539727 -0.00850000
v 0.00708388 -0.00371844 -0.00850000
v -0.00441464 0.00841118 -0.00850000
v 0.00800023 -0.00000065 0.00550000
v 0.00776777 0.00191387 0.00550000
v 0.00800023 -0.00000065 -0.00850000
v 0.00776777 0.00191387 -0.00850000
v 0.00776777 0.00191387 -0.00850000
v 0.00708388 0.00371713 0.00550000
v 0.00708388 0.00371713 -0.00850000
v 0.00776777 0.00191387 0.00550000
v 0.00708388 0.00371713 -0.00850000
v 0.00598832 0.00530433 0.00550000
v 0.00598832 0.00530433 -0.00850000
v 0.00708388 0.00371713 0.00550000
v 0.00598832 0.00530433 -0.00850000
v 0.00454475 0.00658322 0.00550000
v 0.00454475 0.00658322 -0.00850000
v 0.00598832 0.00530433 0.00550000
v 0.00454475 0.00658322 -0.00850000
v 0.00283707 0.00747948 0.00550000
v 0.00283707 0.00747948 -0.00850000
v 0.00454475 0.00658322 0.00550000
v 0.00283707 0.00747948 -0.00850000
v 0.00096453 0.00794102 0.00550000
v 0.00096453 0.00794102 -0.00850000
v 0.00283707 0.00747948 0.00550000
v 0.00096453 0.00794102 -0.00850000
v -0.00096406 0.00794102 0.00550000
v -0.00096406 0.00794102 -0.00850000
v 0.00096453 0.00794102 0.00550000
v -0.00096406 0.00794102 -0.00850000
v -0.00283661 0.00747948 0.00550000
v -0.00283661 0.00747948 -0.00850000
v -0.00096406 0.00794102 0.00550000
v -0.00283661 0.00747948 -0.00850000
v -0.00454428 0.00658322 0.00550000
v -0.00454428 0.00658322 -0.00850000
v -0.00283661 0.00747948 0.00550000
v -0.00454428 0.00658322 -0.00850000
v -0.00598785 0.00530433 0.00550000
v -0.00598785 0.00530433 -0.00850000
v -0.00454428 0.00658322 0.00550000
v -0.00598785 0.00530433 -0.00850000
v -0.00708342 0.00371713 0.00550000
v -0.00708342 0.00371713 -0.00850000
v -0.00598785 0.00530433 0.00550000
v -0.00708342 0.00371713 -0.00850000
v -0.00776730 0.00191387 0.00550000
v -0.00776730 0.00191387 -0.00850000
v -0.00708342 0.00371713 0.00550000
v -0.00776730 0.00191387 -0.00850000
v -0.00799977 -0.00000065 0.00550000
v -0.00799977 -0.00000065 -0.00850000
v -0.00776730 0.00191387 0.00550000
v -0.00499977 -0.00000065 0.02650000
v -0.00485448 -0.00119723 0.02650000
v -0.00499977 -0.00000065 -0.02650000
v -0.00485448 -0.00119723 -0.02650000
v -0.00485448 -0.00119723 -0.02650000
v -0.00442705 -0.00232427 0.02650000
v -0.00442705 -0.00232427 -0.02650000
v -0.00485448 -0.00119723 0.02650000
v -0.00442705 -0.00232427 -0.02650000
v -0.00374232 -0.00331627 0.02650000
v -0.00374232 -0.00331627 -0.02650000
v -0.00442705 -0.00232427 0.02650000
v -0.00374232 -0.00331627 -0.02650000
v -0.00284009 -0.00411557 0.02650000
v -0.00284009 -0.00411557 -0.02650000
v -0.00374232 -0.00331627 0.02650000
v -0.00284009 -0.00411557 -0.02650000
v -0.00177279 -0.00467573 0.02650000
v -0.00177279 -0.00467573 -0.02650000
v -0.00284009 -0.00411557 0.02650000
v -0.00177279 -0.00467573 -0.02650000
v -0.00060245 -0.00496420 0.02650000
v -0.00060245 -0.00496420 -0.02650000
v -0.00177279 -0.00467573 0.02650000
v -0.00060245 -0.00496420 -0.02650000
v 0.00060292 -0.00496420 0.02650000
v 0.00060292 -0.00496420 -0.02650000
v -0.00060245 -0.00496420 0.02650000
v 0.00060292 -0.00496420 -0.02650000
v 0.00177326 -0.00467573 0.02650000
v 0.00177326 -0.00467573 -0.02650000
v 0.00060292 -0.00496420 0.02650000
v 0.00177326 -0.00467573 -0.02650000
v 0.00284056 -0.00411557 0.02650000
v 0.00284056 -0.00411557 -0.02650000
v 0.00177326 -0.00467573 0.02650000
v 0.00284056 -0.00411557 -0.02650000
v 0.00374279 -0.00331627 0.02650000
v 0.00374279 -0.00331627 -0.02650000
v 0.00284056 -0.00411557 0.02650000
v 0.00374279 -0.00331627 -0.02650000
v 0.00442751 -0.00232427 0.02650000
v 0.00442751 -0.00232427 -0.02650000
v 0.00374279 -0.00331627 0.02650000
v 0.00442751 -0.00232427 -0.02650000
v 0.00485494 -0.00119723 0.02650000
v 0.00485494 -0.00119723 -0.02650000
v 0.00442751 -0.00232427 0.02650000
v 0.00485494 -0.00119723 -0.02650000
v 0.00500023 -0.00000065 0.02650000
v 0.00500023 -0.00000065 -0.02650000
v 0.00485494 -0.00119723 0.02650000
v 0.00750023 -0.00000065 0.02650000
v 0.00750023 -0.00000065 -0.02650000
v 0.00728230 0.00179422 -0.02650000
v 0.00728230 0.00179422 0.02650000
v 0.00728230 0.00179422 -0.02650000
v 0.00664115 0.00348477 -0.02650000
v 0.00728230 0.00179422 0.02650000
v 0.00664115 0.00348477 0.02650000
v 0.00664115 0.00348477 -0.02650000
v 0.00561407 0.00497277 -0.02650000
v 0.00664115 0.00348477 0.02650000
v 0.00561407 0.00497277 0.02650000
v 0.00561407 0.00497277 -0.02650000
v 0.00426072 0.00617173 -0.02650000
v 0.00561407 0.00497277 0.02650000
v 0.00426072 0.00617173 0.02650000
v 0.00426072 0.00617173 -0.02650000
v 0.00265977 0.00701197 -0.02650000
v 0.00426072 0.00617173 0.02650000
v 0.00265977 0.00701197 0.02650000
v 0.00265977 0.00701197 -0.02650000
v 0.00090426 0.00744466 -0.02650000
v 0.00265977 0.00701197 0.02650000
v 0.00090426 0.00744466 0.02650000
v 0.00090426 0.00744466 -0.02650000
v -0.00090379 0.00744466 -0.02650000
v 0.00090426 0.00744466 0.02650000
v -0.00090379 0.00744466 0.02650000
v -0.00090379 0.00744466 -0.02650000
v -0.00265930 0.00701197 -0.02650000
v -0.00090379 0.00744466 0.02650000
v -0.00265930 0.00701197 0.02650000
v -0.00265930 0.00701197 -0.02650000
v -0.00426025 0.00617173 -0.02650000
v -0.00265930 0.00701197 0.02650000
v -0.00426025 0.00617173 0.02650000
v -0.00426025 0.00617173 -0.02650000
v -0.00561360 0.00497277 -0.02650000
v -0.00426025 0.00617173 0.02650000
v -0.00561360 0.00497277 0.02650000
v -0.00664069 0.00348477 0.02650000
v -0.00561360 0.00497277 -0.02650000
v -0.00664069 0.00348477 -0.02650000
v -0.00561360 0.00497277 0.02650000
v -0.00728183 0.00179422 0.02650000
v -0.00664069 0.00348477 -0.02650000
v -0.00728183 0.00179422 -0.02650000
v -0.00664069 0.00348477 0.02650000
v -0.00749977 -0.00000065 0.02650000
v -0.00728183 0.00179422 -0.02650000
v -0.00749977 -0.00000065 -0.02650000
v -0.00728183 0.00179422 0.02650000
v 0.00500023 -0.00000065 0.02650000
v 0.00485494 0.00119593 0.02650000
v 0.00500023 -0.00000065 -0.02650000
v 0.00485494 0.00119593 -0.02650000
v 0.00485494 0.00119593 -0.02650000
v 0.00442751 0.00232296 0.02650000
v 0.00442751 0.00232296 -0.02650000
v 0.00485494 0.00119593 0.02650000
v 0.00442751 0.00232296 -0.02650000
v 0.00374279 0.00331496 0.02650000
v 0.00374279 0.00331496 -0.02650000
v 0.00442751 0.00232296 0.02650000
v 0.00374279 0.00331496 -0.02650000
v 0.00284056 0.00411427 0.02650000
v 0.00284056 0.00411427 -0.02650000
v 0.00374279 0.00331496 0.02650000
v 0.00284056 0.00411427 -0.02650000
v 0.00177326 0.00467443 0.02650000
v 0.00177326 0.00467443 -0.02650000
v 0.00284056 0.00411427 0.02650000
v 0.00177326 0.00467443 -0.02650000
v 0.00060292 0.00496289 0.02650000
v 0.00060292 0.00496289 -0.02650000
v 0.00177326 0.00467443 0.02650000
v 0.00060292 0.00496289 -0.02650000
v -0.00060245 0.00496289 0.02650000
v -0.00060245 0.00496289 -0.02650000
v 0.00060292 0.00496289 0.02650000
v -0.00060245 0.00496289 -0.02650000
v -0.00177279 0.00467443 0.02650000
v -0.00177279 0.00467443 -0.02650000
v -0.00060245 0.00496289 0.02650000
v -0.00177279 0.00467443 -0.02650000
v -0.00284009 0.00411427 0.02650000
v -0.00284009 0.00411427 -0.02650000
v -0.00177279 0.00467443 0.02650000
v -0.00284009 0.00411427 -0.02650000
v -0.00374232 0.00331496 0.02650000
v -0.00374232 0.00331496 -0.02650000
v -0.00284009 0.00411427 0.02650000
v -0.00374232 0.00331496 -0.02650000
v -0.00442705 0.00232296 0.02650000
v -0.00442705 0.00232296 -0.02650000
v -0.00374232 0.00331496 0.02650000
v -0.00442705 0.00232296 -0.02650000
v -0.00485448 0.00119593 0.02650000
v -0.00485448 0.00119593 -0.02650000
v -0.00442705 0.00232296 0.02650000
v -0.00485448 0.00119593 -0.02650000
v -0.00499977 -0.00000065 0.02650000
v -0.00499977 -0.00000065 -0.02650000
v -0.00485448 0.00119593 0.02650000
v 0.00265977 0.00701197 0.02650000
v 0.00177326 0.00467443 0.02650000
v 0.00426072 0.00617173 0.02650000
v 0.00060292 0.00496289 0.02650000
v -0.00728183 -0.00179552 0.02650000
v -0.00442705 -0.00232427 0.02650000
v -0.00485448 -0.00119723 0.02650000
v -0.00664069 -0.00348608 0.02650000
v 0.00374279 -0.00331627 0.02650000
v 0.00426072 -0.00617303 0.02650000
v 0.00561407 -0.00497407 0.02650000
v 0.00090426 0.00744466 0.02650000
v -0.00060245 0.00496289 0.02650000
v 0.00284056 -0.00411557 0.02650000
v 0.00265977 -0.00701327 0.02650000
v 0.00442751 -0.00232427 0.02650000
v 0.00664115 -0.00348608 0.02650000
v 0.00177326 -0.00467573 0.02650000
v 0.00090426 -0.00744597 0.02650000
v 0.00485494 -0.00119723 0.02650000
v 0.00728230 -0.00179552 0.02650000
v -0.00749977 -0.00000065 0.02650000
v -0.00499977 -0.00000065 0.02650000
v -0.00090379 0.00744466 0.02650000
v -0.00177279 0.00467443 0.02650000
v 0.00060292 -0.00496420 0.02650000
v -0.00090379 -0.00744597 0.02650000
v -0.00728183 0.00179422 0.02650000
v -0.00485448 0.00119593 0.02650000
v 0.00500023 -0.00000065 0.02650000
v 0.00750023 -0.00000065 0.02650000
v -0.00265930 0.00701197 0.02650000
v -0.00284009 0.00411427 0.02650000
v -0.00060245 -0.00496420 0.02650000
v -0.00664069 0.00348477 0.02650000
v -0.00442705 0.00232296 0.02650000
v -0.00265930 -0.00701327 0.02650000
v -0.00426025 0.00617173 0.02650000
v -0.00374232 0.00331496 0.02650000
v 0.00485494 0.00119593 0.02650000
v 0.00728230 0.00179422 0.02650000
v -0.00561360 0.00497277 0.02650000
v -0.00177279 -0.00467573 0.02650000
v 0.00442751 0.00232296 0.02650000
v 0.00664115 0.00348477 0.02650000
v -0.00426025 -0.00617303 0.02650000
v -0.00284009 -0.00411557 0.02650000
v 0.00374279 0.00331496 0.02650000
v 0.00561407 0.00497277 0.02650000
v -0.00561360 -0.00497407 0.02650000
v -0.00374232 -0.00331627 0.02650000
v 0.00284056 0.00411427 0.02650000
v 0.00728230 -0.00179552 -0.02650000
v 0.00442751 -0.00232427 -0.02650000
v 0.00485494 -0.00119723 -0.02650000
v 0.00664115 -0.00348608 -0.02650000
v -0.00090379 0.00744466 -0.02650000
v -0.00060245 0.00496289 -0.02650000
v -0.00265930 0.00701197 -0.02650000
v 0.00060292 0.00496289 -0.02650000
v -0.00374232 -0.00331627 -0.02650000
v -0.00426025 -0.00617303 -0.02650000
v -0.00561360 -0.00497407 -0.02650000
v -0.00284009 -0.00411557 -0.02650000
v -0.00265930 -0.00701327 -0.02650000
v -0.00442705 -0.00232427 -0.02650000
v -0.00664069 -0.00348608 -0.02650000
v 0.00750023 -0.00000065 -0.02650000
v 0.00500023 -0.00000065 -0.02650000
v 0.00090426 0.00744466 -0.02650000
v 0.00177326 0.00467443 -0.02650000
v -0.00177279 -0.00467573 -0.02650000
v -0.00090379 -0.00744597 -0.02650000
v -0.00485448 -0.00119723 -0.02650000
v -0.00728183 -0.00179552 -0.02650000
v 0.00728230 0.00179422 -0.02650000
v 0.00485494 0.00119593 -0.02650000
v -0.00060245 -0.00496420 -0.02650000
v 0.00090426 -0.00744597 -0.02650000
v 0.00265977 0.00701197 -0.02650000
v 0.00284056 0.00411427 -0.02650000
v 0.00664115 0.00348477 -0.02650000
v 0.00442751 0.00232296 -0.02650000
v -0.00499977 -0.00000065 -0.02650000
v -0.00749977 -0.00000065 -0.02650000
v 0.00426072 0.00617173 -0.02650000
v 0.00374279 0.00331496 -0.02650000
v 0.00060292 -0.00496420 -0.02650000
v 0.00561407 0.00497277 -0.02650000
v 0.00265977 -0.00701327 -0.02650000
v -0.00485448 0.00119593 -0.02650000
v -0.00728183 0.00179422 -0.02650000
v 0.00177326 -0.00467573 -0.02650000
v -0.00442705 0.00232296 -0.02650000
v -0.00664069 0.00348477 -0.02650000
v 0.00426072 -0.00617303 -0.02650000
v 0.00284056 -0.00411557 -0.02650000
v -0.00374232 0.00331496 -0.02650000
v -0.00561360 0.00497277 -0.02650000
v 0.00561407 -0.00497407 -0.02650000
v 0.00374279 -0.00331627 -0.02650000
v -0.00284009 0.00411427 -0.02650000
v -0.00426025 0.00617173 -0.02650000
v -0.00177279 0.00467443 -0.02650000
v -0.00749977 -0.00000065 0.02650000
v -0.00749977 -0.00000065 -0.02650000
v -0.00728183 -0.00179552 -0.02650000
v -0.00728183 -0.00179552 0.02650000
v -0.00728183 -0.00179552 -0.02650000
v -0.00664069 -0.00348608 -0.02650000
v -0.00728183 -0.00179552 0.02650000
v -0.00664069 -0.00348608 0.02650000
v -0.00664069 -0.00348608 -0.02650000
v -0.00561360 -0.00497407 -0.02650000
v -0.00664069 -0.00348608 0.02650000
v -0.00561360 -0.00497407 0.02650000
v -0.00561360 -0.00497407 -0.02650000
v -0.00426025 -0.00617303 -0.02650000
v -0.00561360 -0.00497407 0.02650000
v -0.00426025 -0.00617303 0.02650000
v -0.00426025 -0.00617303 -0.02650000
v -0.00265930 -0.00701327 -0.02650000
v -0.00426025 -0.00617303 0.02650000
v -0.00265930 -0.00701327 0.02650000
v -0.00265930 -0.00701327 -0.02650000
v -0.00090379 -0.00744597 -0.02650000
v -0.00265930 -0.00701327 0.02650000
v -0.00090379 -0.00744597 0.02650000
v -0.00090379 -0.00744597 -0.02650000
v 0.00090426 -0.00744597 -0.02650000
v -0.00090379 -0.00744597 0.02650000
v 0.00090426 -0.00744597 0.02650000
v 0.00090426 -0.00744597 -0.02650000
v 0.00265977 -0.00701327 -0.02650000
v 0.00090426 -0.00744597 0.02650000
v 0.00265977 -0.00701327 0.02650000
v 0.00265977 -0.00701327 -0.02650000
v 0.00426072 -0.00617303 -0.02650000
v 0.00265977 -0.00701327 0.02650000
v 0.00426072 -0.00617303 0.02650000
v 0.00426072 -0.00617303 -0.02650000
v 0.00561407 -0.00497407 -0.02650000
v 0.00426072 -0.00617303 0.02650000
v 0.00561407 -0.00497407 0.02650000
v 0.00561407 -0.00497407 -0.02650000
v 0.00664115 -0.00348608 -0.02650000
v 0.00561407 -0.00497407 0.02650000
v 0.00664115 -0.00348608 0.02650000
v 0.00664115 -0.00348608 -0.02650000
v 0.00728230 -0.00179552 -0.02650000
v 0.00664115 -0.00348608 0.02650000
v 0.00728230 -0.00179552 0.02650000
v 0.00728230 -0.00179552 -0.02650000
v 0.00750023 -0.00000065 -0.02650000
v 0.00728230 -0.00179552 0.02650000
v 0.00750023 -0.00000065 0.02650000
v 0.02670113 0.00658053 -0.00350000
v 0.02750023 -0.00000065 -0.02650000
v 0.02670113 0.00658053 -0.02650000
v 0.02750023 -0.00000065 -0.00350000
v 0.02435028 0.01277923 -0.00350000
v 0.02670113 0.00658053 -0.02650000
v 0.02435028 0.01277923 -0.02650000
v 0.02670113 0.00658053 -0.00350000
v 0.02058428 0.01823522 -0.00350000
v 0.02435028 0.01277923 -0.02650000
v 0.02058428 0.01823522 -0.02650000
v 0.02435028 0.01277923 -0.00350000
v 0.01562201 0.02263140 -0.00350000
v 0.02058428 0.01823522 -0.02650000
v 0.01562201 0.02263140 -0.02650000
v 0.02058428 0.01823522 -0.00350000
v 0.00975187 0.02571230 -0.00350000
v 0.01562201 0.02263140 -0.02650000
v 0.00975187 0.02571230 -0.02650000
v 0.01562201 0.02263140 -0.00350000
v 0.00331499 0.02729884 -0.00350000
v 0.00975187 0.02571230 -0.02650000
v 0.00331499 0.02729884 -0.02650000
v 0.00975187 0.02571230 -0.00350000
v -0.00331452 0.02729884 -0.00350000
v 0.00331499 0.02729884 -0.02650000
v -0.00331452 0.02729884 -0.02650000
v 0.00331499 0.02729884 -0.00350000
v -0.00975140 0.02571230 -0.00350000
v -0.00331452 0.02729884 -0.02650000
v -0.00975140 0.02571230 -0.02650000
v -0.00331452 0.02729884 -0.00350000
v -0.01562155 0.02263140 -0.00350000
v -0.00975140 0.02571230 -0.02650000
v -0.01562155 0.02263140 -0.02650000
v -0.00975140 0.02571230 -0.00350000
v -0.02058381 0.01823522 -0.00350000
v -0.01562155 0.02263140 -0.02650000
v -0.02058381 0.01823522 -0.02650000
v -0.01562155 0.02263140 -0.00350000
v -0.02434981 0.01277923 -0.00350000
v -0.02058381 0.01823522 -0.02650000
v -0.02434981 0.01277923 -0.02650000
v -0.02058381 0.01823522 -0.00350000
v -0.02670067 0.00658053 -0.00350000
v -0.02434981 0.01277923 -0.02650000
v -0.02670067 0.00658053 -0.02650000
v -0.02434981 0.01277923 -0.00350000
v -0.02749977 -0.00000065 -0.00350000
v -0.02670067 0.00658053 -0.02650000
v -0.02749977 -0.00000065 -0.02650000
v -0.02670067 0.00658053 -0.00350000
v -0.01850102 0.00455950 -0.02644986
v -0.01863200 -0.00000065 -0.02630194
v -0.01905472 -0.00000065 -0.02644986
v 0.00627605 0.01654732 -0.02536777
v 0.00996985 0.01444283 -0.02494504
v 0.00622360 0.01640902 -0.02494504
v -0.01850102 0.00455950 -0.02644986
v -0.01905472 -0.00000065 -0.02644986
v -0.01949977 -0.00000065 -0.02650000
v -0.01850102 0.00455950 -0.02644986
v -0.01893313 0.00466600 -0.02650000
v -0.01726616 0.00906145 -0.02650000
v -0.01893313 0.00466600 -0.02650000
v -0.01687209 0.00885463 -0.02644986
v -0.00647238 0.01706622 -0.02606366
v -0.00219993 0.01811928 -0.02606366
v -0.00216175 0.01780491 -0.02574698
v -0.01809058 0.00445833 -0.02630194
v -0.01850102 0.00455950 -0.02644986
v -0.01687209 0.00885463 -0.02644986
v -0.01649779 0.00865818 -0.02630194
v -0.01313624 0.01163725 -0.02494504
v -0.00994090 0.01440157 -0.02450000
v -0.01309870 0.01160399 -0.02450000
v 0.01036913 0.01502129 -0.02606366
v 0.01342577 0.01189334 -0.02574698
v 0.01018923 0.01476066 -0.02574698
v -0.01809058 0.00445833 -0.02630194
v 0.01366282 0.01210334 -0.02606366
v 0.00211567 0.01742153 -0.02494504
v 0.00620582 0.01636213 -0.02450000
v 0.00210963 0.01737175 -0.02450000
v -0.00996938 0.01444283 -0.02494504
v -0.00229659 0.01891537 -0.02644986
v 0.00229705 0.01891537 -0.02644986
v 0.00224610 0.01849573 -0.02630194
v -0.00229659 0.01891537 -0.02644986
v -0.00235023 0.01935717 -0.02650000
v 0.00235070 0.01935717 -0.02650000
v 0.00229705 0.01891537 -0.02644986
v 0.00622360 0.01640902 -0.02494504
v 0.01704040 0.00419937 -0.02494504
v 0.01750023 -0.00000065 -0.02450000
v 0.01699172 0.00418737 -0.02450000
v -0.00224563 0.01849573 -0.02630194
v 0.01426307 0.01263512 -0.02644986
v 0.01687256 0.00885463 -0.02644986
v 0.01649826 0.00865818 -0.02630194
v 0.01426307 0.01263512 -0.02644986
v 0.01459619 0.01293024 -0.02650000
v 0.01726663 0.00906145 -0.02650000
v -0.01018877 0.01476066 -0.02574698
v -0.00627559 0.01654732 -0.02536777
v -0.01005341 0.01456457 -0.02536777
v 0.01755038 -0.00000065 -0.02494504
v 0.01394666 0.01235480 -0.02630194
v 0.01687256 0.00885463 -0.02644986
v -0.00636008 0.01677011 -0.02574698
v 0.00636055 0.01677011 -0.02574698
v 0.01005388 0.01456457 -0.02536777
v 0.00627605 0.01654732 -0.02536777
v -0.00660685 0.01742079 -0.02630194
v -0.00219993 0.01811928 -0.02606366
v -0.00647238 0.01706622 -0.02606366
v 0.01018923 0.01476066 -0.02574698
v 0.01718402 0.00423477 -0.02536777
v 0.01769830 -0.00000065 -0.02536777
v 0.01755038 -0.00000065 -0.02494504
v -0.00224563 0.01849573 -0.02630194
v 0.01058455 0.01533337 -0.02630194
v 0.01394666 0.01235480 -0.02630194
v 0.01366282 0.01210334 -0.02606366
v 0.01036913 0.01502129 -0.02606366
v 0.01704040 0.00419937 -0.02494504
v 0.01554011 0.00815531 -0.02494504
v 0.01699172 0.00418737 -0.02450000
v 0.01549571 0.00813200 -0.02450000
v -0.01324696 0.01173533 -0.02536777
v -0.00996938 0.01444283 -0.02494504
v -0.01313624 0.01163725 -0.02494504
v -0.01005341 0.01456457 -0.02536777
v 0.01704040 0.00419937 -0.02494504
v -0.01036866 0.01502129 -0.02606366
v -0.00647238 0.01706622 -0.02606366
v -0.00636008 0.01677011 -0.02574698
v -0.01018877 0.01476066 -0.02574698
v 0.00213350 0.01756837 -0.02536777
v 0.00627605 0.01654732 -0.02536777
v 0.00622360 0.01640902 -0.02494504
v 0.01741537 0.00429179 -0.02574698
v 0.01769830 -0.00000065 -0.02536777
v 0.01718402 0.00423477 -0.02536777
v 0.00211567 0.01742153 -0.02494504
v 0.01793657 -0.00000065 -0.02574698
v 0.00647284 0.01706622 -0.02606366
v 0.01036913 0.01502129 -0.02606366
v 0.01018923 0.01476066 -0.02574698
v -0.01553965 0.00815531 -0.02494504
v -0.01313624 0.01163725 -0.02494504
v -0.01309870 0.01160399 -0.02450000
v 0.00636055 0.01677011 -0.02574698
v -0.01549525 0.00813200 -0.02450000
v -0.00211520 0.01742153 -0.02494504
v 0.00210963 0.01737175 -0.02450000
v -0.00210916 0.01737175 -0.02450000
v 0.01567109 0.00822405 -0.02536777
v 0.01704040 0.00419937 -0.02494504
v 0.01554011 0.00815531 -0.02494504
v -0.00675675 0.01781604 -0.02644986
v -0.00235023 0.01935717 -0.02650000
v -0.00229659 0.01891537 -0.02644986
v 0.01718402 0.00423477 -0.02536777
v -0.00675675 0.01781604 -0.02644986
v -0.00229659 0.01891537 -0.02644986
v -0.00224563 0.01849573 -0.02630194
v -0.00660685 0.01742079 -0.02630194
v -0.00691456 0.01823216 -0.02650000
v 0.00211567 0.01742153 -0.02494504
v 0.01772285 0.00436758 -0.02606366
v 0.01825325 -0.00000065 -0.02606366
v 0.01793657 -0.00000065 -0.02574698
v 0.01082468 0.01568127 -0.02644986
v 0.01394666 0.01235480 -0.02630194
v 0.01058455 0.01533337 -0.02630194
v 0.01082468 0.01568127 -0.02644986
v 0.01107750 0.01604753 -0.02650000
v 0.01459619 0.01293024 -0.02650000
v -0.01342531 0.01189334 -0.02574698
v -0.01018877 0.01476066 -0.02574698
v -0.01005341 0.01456457 -0.02536777
v 0.01426307 0.01263512 -0.02644986
v 0.01426307 0.01263512 -0.02644986
v 0.01741537 0.00429179 -0.02574698
v 0.01313671 0.01163725 -0.02494504
v 0.01549571 0.00813200 -0.02450000
v 0.01309917 0.01160399 -0.02450000
v 0.00216222 0.01780491 -0.02574698
v 0.00636055 0.01677011 -0.02574698
v 0.00627605 0.01654732 -0.02536777
v -0.01324696 0.01173533 -0.02536777
v -0.01058408 0.01533337 -0.02630194
v -0.00660685 0.01742079 -0.02630194
v -0.00647238 0.01706622 -0.02606366
v 0.00213350 0.01756837 -0.02536777
v 0.01554011 0.00815531 -0.02494504
v -0.01036866 0.01502129 -0.02606366
v 0.00660732 0.01742079 -0.02630194
v 0.01036913 0.01502129 -0.02606366
v 0.00647284 0.01706622 -0.02606366
v 0.01588207 0.00833478 -0.02574698
v 0.01741537 0.00429179 -0.02574698
v 0.01718402 0.00423477 -0.02536777
v -0.01567062 0.00822405 -0.02536777
v -0.01313624 0.01163725 -0.02494504
v -0.01553965 0.00815531 -0.02494504
v 0.01058455 0.01533337 -0.02630194
v 0.01567109 0.00822405 -0.02536777
v -0.01324696 0.01173533 -0.02536777
v 0.01809105 0.00445833 -0.02630194
v 0.01863247 -0.00000065 -0.02630194
v 0.01825325 -0.00000065 -0.02606366
v -0.00213303 0.01756837 -0.02536777
v 0.00213350 0.01756837 -0.02536777
v 0.00211567 0.01742153 -0.02494504
v -0.01366235 0.01210334 -0.02606366
v -0.01018877 0.01476066 -0.02574698
v -0.01342531 0.01189334 -0.02574698
v 0.01772285 0.00436758 -0.02606366
v -0.00211520 0.01742153 -0.02494504
v -0.01036866 0.01502129 -0.02606366
v 0.00220039 0.01811928 -0.02606366
v 0.00636055 0.01677011 -0.02574698
v 0.00216222 0.01780491 -0.02574698
v 0.00647284 0.01706622 -0.02606366
v -0.01703993 0.00419937 -0.02494504
v -0.01549525 0.00813200 -0.02450000
v -0.01699125 0.00418737 -0.02450000
v 0.01324742 0.01173533 -0.02536777
v 0.01554011 0.00815531 -0.02494504
v 0.01313671 0.01163725 -0.02494504
v -0.01703993 0.00419937 -0.02494504
v -0.01699125 0.00418737 -0.02450000
v -0.01749977 -0.00000065 -0.02450000
v 0.01567109 0.00822405 -0.02536777
v -0.01754991 -0.00000065 -0.02494504
v -0.00622313 0.01640902 -0.02494504
v -0.00210916 0.01737175 -0.02450000
v -0.00620535 0.01636213 -0.02450000
v -0.01553965 0.00815531 -0.02494504
v -0.01082422 0.01568127 -0.02644986
v -0.00675675 0.01781604 -0.02644986
v -0.00660685 0.01742079 -0.02630194
v -0.01082422 0.01568127 -0.02644986
v -0.01107703 0.01604753 -0.02650000
v -0.00691456 0.01823216 -0.02650000
v -0.00211520 0.01742153 -0.02494504
v 0.01616248 0.00848195 -0.02606366
v 0.01772285 0.00436758 -0.02606366
v 0.01741537 0.00429179 -0.02574698
v 0.01588207 0.00833478 -0.02574698
v -0.01058408 0.01533337 -0.02630194
v 0.00996985 0.01444283 -0.02494504
v 0.01309917 0.01160399 -0.02450000
v 0.00994137 0.01440157 -0.02450000
v -0.00675675 0.01781604 -0.02644986
v 0.00675722 0.01781604 -0.02644986
v 0.00691503 0.01823216 -0.02650000
v 0.01107750 0.01604753 -0.02650000
v 0.00675722 0.01781604 -0.02644986
v 0.01082468 0.01568127 -0.02644986
v 0.01058455 0.01533337 -0.02630194
v 0.00660732 0.01742079 -0.02630194
v 0.01313671 0.01163725 -0.02494504
v 0.01082468 0.01568127 -0.02644986
v 0.01850149 0.00455950 -0.02644986
v 0.01893360 0.00466600 -0.02650000
v 0.01950023 -0.00000065 -0.02650000
v -0.01588160 0.00833478 -0.02574698
v -0.01342531 0.01189334 -0.02574698
v -0.01324696 0.01173533 -0.02536777
v -0.01567062 0.00822405 -0.02536777
v -0.00216175 0.01780491 -0.02574698
v 0.00216222 0.01780491 -0.02574698
v 0.00213350 0.01756837 -0.02536777
v 0.01850149 0.00455950 -0.02644986
v 0.01905519 -0.00000065 -0.02644986
v 0.01863247 -0.00000065 -0.02630194
v 0.01905519 -0.00000065 -0.02644986
v -0.00213303 0.01756837 -0.02536777
v -0.01394619 0.01235480 -0.02630194
v -0.01036866 0.01502129 -0.02606366
v -0.01366235 0.01210334 -0.02606366
v 0.01809105 0.00445833 -0.02630194
v -0.01058408 0.01533337 -0.02630194
v 0.00224610 0.01849573 -0.02630194
v 0.00660732 0.01742079 -0.02630194
v 0.00647284 0.01706622 -0.02606366
v 0.00220039 0.01811928 -0.02606366
v 0.01342577 0.01189334 -0.02574698
v 0.01567109 0.00822405 -0.02536777
v 0.01324742 0.01173533 -0.02536777
v -0.01718356 0.00423477 -0.02536777
v -0.01703993 0.00419937 -0.02494504
v -0.01754991 -0.00000065 -0.02494504
v 0.01588207 0.00833478 -0.02574698
v -0.01769783 -0.00000065 -0.02536777
v -0.01718356 0.00423477 -0.02536777
v -0.01567062 0.00822405 -0.02536777
v -0.01553965 0.00815531 -0.02494504
v 0.01649826 0.00865818 -0.02630194
v 0.01772285 0.00436758 -0.02606366
v 0.01616248 0.00848195 -0.02606366
v -0.01703993 0.00419937 -0.02494504
v -0.00627559 0.01654732 -0.02536777
v -0.00211520 0.01742153 -0.02494504
v -0.00622313 0.01640902 -0.02494504
v 0.01809105 0.00445833 -0.02630194
v -0.01616201 0.00848195 -0.02606366
v -0.01342531 0.01189334 -0.02574698
v -0.01588160 0.00833478 -0.02574698
v -0.00213303 0.01756837 -0.02536777
v 0.01005388 0.01456457 -0.02536777
v 0.01313671 0.01163725 -0.02494504
v 0.00996985 0.01444283 -0.02494504
v -0.01366235 0.01210334 -0.02606366
v -0.00219993 0.01811928 -0.02606366
v 0.00216222 0.01780491 -0.02574698
v -0.00216175 0.01780491 -0.02574698
v 0.01324742 0.01173533 -0.02536777
v -0.01426261 0.01263512 -0.02644986
v -0.01459573 0.01293024 -0.02650000
v -0.01107703 0.01604753 -0.02650000
v 0.00220039 0.01811928 -0.02606366
v -0.01082422 0.01568127 -0.02644986
v -0.00996938 0.01444283 -0.02494504
v -0.00620535 0.01636213 -0.02450000
v -0.00994090 0.01440157 -0.02450000
v -0.01426261 0.01263512 -0.02644986
v -0.01082422 0.01568127 -0.02644986
v -0.01058408 0.01533337 -0.02630194
v -0.01394619 0.01235480 -0.02630194
v -0.01741491 0.00429179 -0.02574698
v -0.01769783 -0.00000065 -0.02536777
v -0.01793610 -0.00000065 -0.02574698
v 0.01366282 0.01210334 -0.02606366
v 0.01616248 0.00848195 -0.02606366
v 0.01588207 0.00833478 -0.02574698
v 0.01342577 0.01189334 -0.02574698
v -0.00622313 0.01640902 -0.02494504
v 0.00622360 0.01640902 -0.02494504
v 0.00994137 0.01440157 -0.02450000
v 0.00620582 0.01636213 -0.02450000
v -0.01718356 0.00423477 -0.02536777
v 0.00229705 0.01891537 -0.02644986
v 0.00235070 0.01935717 -0.02650000
v 0.00691503 0.01823216 -0.02650000
v -0.01741491 0.00429179 -0.02574698
v -0.01588160 0.00833478 -0.02574698
v -0.01567062 0.00822405 -0.02536777
v -0.01718356 0.00423477 -0.02536777
v 0.00229705 0.01891537 -0.02644986
v 0.00660732 0.01742079 -0.02630194
v 0.00224610 0.01849573 -0.02630194
v 0.00675722 0.01781604 -0.02644986
v 0.00675722 0.01781604 -0.02644986
v 0.00996985 0.01444283 -0.02494504
v -0.01649779 0.00865818 -0.02630194
v -0.01394619 0.01235480 -0.02630194
v -0.01366235 0.01210334 -0.02606366
v 0.01687256 0.00885463 -0.02644986
v 0.01726663 0.00906145 -0.02650000
v 0.01893360 0.00466600 -0.02650000
v -0.01616201 0.00848195 -0.02606366
v -0.00636008 0.01677011 -0.02574698
v -0.00216175 0.01780491 -0.02574698
v -0.00213303 0.01756837 -0.02536777
v 0.01687256 0.00885463 -0.02644986
v 0.01850149 0.00455950 -0.02644986
v 0.01809105 0.00445833 -0.02630194
v -0.01772239 0.00436758 -0.02606366
v -0.01741491 0.00429179 -0.02574698
v -0.01793610 -0.00000065 -0.02574698
v -0.00627559 0.01654732 -0.02536777
v 0.01649826 0.00865818 -0.02630194
v -0.01825279 -0.00000065 -0.02606366
v 0.01850149 0.00455950 -0.02644986
v 0.01018923 0.01476066 -0.02574698
v 0.01324742 0.01173533 -0.02536777
v 0.01005388 0.01456457 -0.02536777
v -0.01772239 0.00436758 -0.02606366
v -0.01616201 0.00848195 -0.02606366
v -0.01588160 0.00833478 -0.02574698
v -0.01741491 0.00429179 -0.02574698
v 0.01342577 0.01189334 -0.02574698
v -0.00224563 0.01849573 -0.02630194
v 0.00224610 0.01849573 -0.02630194
v 0.00220039 0.01811928 -0.02606366
v -0.00219993 0.01811928 -0.02606366
v -0.01687209 0.00885463 -0.02644986
v -0.01726616 0.00906145 -0.02650000
v -0.01459573 0.01293024 -0.02650000
v -0.01005341 0.01456457 -0.02536777
v -0.00622313 0.01640902 -0.02494504
v -0.00996938 0.01444283 -0.02494504
v -0.01426261 0.01263512 -0.02644986
v -0.01687209 0.00885463 -0.02644986
v -0.01426261 0.01263512 -0.02644986
v -0.01394619 0.01235480 -0.02630194
v 0.01394666 0.01235480 -0.02630194
v 0.01616248 0.00848195 -0.02606366
v 0.01366282 0.01210334 -0.02606366
v -0.01649779 0.00865818 -0.02630194
v 0.01649826 0.00865818 -0.02630194
v -0.01809058 0.00445833 -0.02630194
v -0.01825279 -0.00000065 -0.02606366
v -0.01863200 -0.00000065 -0.02630194
v -0.00627559 0.01654732 -0.02536777
v 0.01005388 0.01456457 -0.02536777
v -0.01772239 0.00436758 -0.02606366
v -0.01809058 0.00445833 -0.02630194
v -0.01649779 0.00865818 -0.02630194
v -0.01616201 0.00848195 -0.02606366
v -0.00636008 0.01677011 -0.02574698
v -0.01772239 0.00436758 -0.02606366
v -0.01703993 0.00419937 -0.00505496
v -0.01754991 -0.00000065 -0.00505496
v -0.01699125 0.00418737 -0.00550000
v -0.01703993 0.00419937 -0.00505496
v -0.01699125 0.00418737 -0.00550000
v -0.01549525 0.00813200 -0.00550000
v -0.01553965 0.00815531 -0.00505496
v -0.01703993 0.00419937 -0.00505496
v -0.01718356 0.00423477 -0.00463223
v -0.01769783 -0.00000065 -0.00463223
v -0.01703993 0.00419937 -0.00505496
v -0.01553965 0.00815531 -0.00505496
v -0.01567062 0.00822405 -0.00463223
v -0.00636008 0.01677011 -0.00425302
v -0.00216175 0.01780491 -0.00425302
v -0.00219993 0.01811928 -0.00393634
v -0.01718356 0.00423477 -0.00463223
v -0.01426261 0.01263512 -0.00355014
v -0.01107703 0.01604753 -0.00350000
v -0.01459573 0.01293024 -0.00350000
v 0.01018923 0.01476066 -0.00425302
v 0.01366282 0.01210334 -0.00393634
v 0.01036913 0.01502129 -0.00393634
v 0.01342577 0.01189334 -0.00425302
v -0.01082422 0.01568127 -0.00355014
v 0.00229705 0.01891537 -0.00355014
v 0.00691503 0.01823216 -0.00350000
v 0.00235070 0.01935717 -0.00350000
v -0.00211520 0.01742153 -0.00505496
v 0.00211567 0.01742153 -0.00505496
v 0.00213350 0.01756837 -0.00463223
v -0.00211520 0.01742153 -0.00505496
v -0.00210916 0.01737175 -0.00550000
v 0.00210963 0.01737175 -0.00550000
v 0.00675722 0.01781604 -0.00355014
v -0.01749977 -0.00000065 -0.00550000
v -0.00213303 0.01756837 -0.00463223
v 0.00211567 0.01742153 -0.00505496
v 0.01850149 0.00455950 -0.00355014
v 0.01950023 -0.00000065 -0.00350000
v 0.01893360 0.00466600 -0.00350000
v -0.01036866 0.01502129 -0.00393634
v -0.00660685 0.01742079 -0.00369806
v -0.01058408 0.01533337 -0.00369806
v 0.01313671 0.01163725 -0.00505496
v 0.01309917 0.01160399 -0.00550000
v 0.01549571 0.00813200 -0.00550000
v 0.01554011 0.00815531 -0.00505496
v 0.01905519 -0.00000065 -0.00355014
v 0.01313671 0.01163725 -0.00505496
v 0.01567109 0.00822405 -0.00463223
v 0.01324742 0.01173533 -0.00463223
v 0.01554011 0.00815531 -0.00505496
v -0.00647238 0.01706622 -0.00393634
v 0.00647284 0.01706622 -0.00393634
v 0.01036913 0.01502129 -0.00393634
v 0.01058455 0.01533337 -0.00369806
v -0.00627559 0.01654732 -0.00463223
v -0.00216175 0.01780491 -0.00425302
v -0.00636008 0.01677011 -0.00425302
v 0.00660732 0.01742079 -0.00369806
v 0.01809105 0.00445833 -0.00369806
v 0.01863247 -0.00000065 -0.00369806
v 0.01905519 -0.00000065 -0.00355014
v -0.00213303 0.01756837 -0.00463223
v 0.01850149 0.00455950 -0.00355014
v 0.01005388 0.01456457 -0.00463223
v 0.01342577 0.01189334 -0.00425302
v 0.01018923 0.01476066 -0.00425302
v -0.01394619 0.01235480 -0.00369806
v -0.01058408 0.01533337 -0.00369806
v -0.01082422 0.01568127 -0.00355014
v 0.01324742 0.01173533 -0.00463223
v 0.01687256 0.00885463 -0.00355014
v 0.01893360 0.00466600 -0.00350000
v 0.01726663 0.00906145 -0.00350000
v -0.01426261 0.01263512 -0.00355014
v 0.01850149 0.00455950 -0.00355014
v 0.00224610 0.01849573 -0.00369806
v 0.00660732 0.01742079 -0.00369806
v 0.00675722 0.01781604 -0.00355014
v 0.01772285 0.00436758 -0.00393634
v 0.01863247 -0.00000065 -0.00369806
v 0.01809105 0.00445833 -0.00369806
v -0.01018877 0.01476066 -0.00425302
v -0.00636008 0.01677011 -0.00425302
v -0.00647238 0.01706622 -0.00393634
v 0.00229705 0.01891537 -0.00355014
v -0.01036866 0.01502129 -0.00393634
v 0.00636055 0.01677011 -0.00425302
v 0.01018923 0.01476066 -0.00425302
v 0.01036913 0.01502129 -0.00393634
v 0.01825325 -0.00000065 -0.00393634
v -0.01687209 0.00885463 -0.00355014
v -0.01426261 0.01263512 -0.00355014
v -0.01459573 0.01293024 -0.00350000
v 0.00647284 0.01706622 -0.00393634
v -0.01726616 0.00906145 -0.00350000
v 0.01649826 0.00865818 -0.00369806
v 0.01809105 0.00445833 -0.00369806
v 0.01850149 0.00455950 -0.00355014
v -0.00229659 0.01891537 -0.00355014
v 0.00235070 0.01935717 -0.00350000
v -0.00235023 0.01935717 -0.00350000
v -0.00622313 0.01640902 -0.00505496
v -0.00211520 0.01742153 -0.00505496
v -0.00213303 0.01756837 -0.00463223
v 0.01687256 0.00885463 -0.00355014
v -0.00622313 0.01640902 -0.00505496
v -0.00620535 0.01636213 -0.00550000
v -0.00210916 0.01737175 -0.00550000
v 0.00229705 0.01891537 -0.00355014
v -0.00627559 0.01654732 -0.00463223
v 0.01741537 0.00429179 -0.00425302
v 0.01793657 -0.00000065 -0.00425302
v 0.01825325 -0.00000065 -0.00393634
v 0.00996985 0.01444283 -0.00505496
v 0.01309917 0.01160399 -0.00550000
v 0.01313671 0.01163725 -0.00505496
v -0.00211520 0.01742153 -0.00505496
v -0.01366235 0.01210334 -0.00393634
v -0.01036866 0.01502129 -0.00393634
v -0.01058408 0.01533337 -0.00369806
v 0.00994137 0.01440157 -0.00550000
v 0.00996985 0.01444283 -0.00505496
v 0.01313671 0.01163725 -0.00505496
v 0.01324742 0.01173533 -0.00463223
v 0.01772285 0.00436758 -0.00393634
v 0.01005388 0.01456457 -0.00463223
v 0.01426307 0.01263512 -0.00355014
v 0.01726663 0.00906145 -0.00350000
v 0.01459619 0.01293024 -0.00350000
v -0.01394619 0.01235480 -0.00369806
v 0.00220039 0.01811928 -0.00393634
v 0.00647284 0.01706622 -0.00393634
v 0.00660732 0.01742079 -0.00369806
v -0.01005341 0.01456457 -0.00463223
v -0.00627559 0.01654732 -0.00463223
v -0.00636008 0.01677011 -0.00425302
v 0.00224610 0.01849573 -0.00369806
v -0.01018877 0.01476066 -0.00425302
v 0.01687256 0.00885463 -0.00355014
v 0.01616248 0.00848195 -0.00393634
v 0.01809105 0.00445833 -0.00369806
v 0.01649826 0.00865818 -0.00369806
v 0.00627605 0.01654732 -0.00463223
v 0.01005388 0.01456457 -0.00463223
v 0.01018923 0.01476066 -0.00425302
v 0.00636055 0.01677011 -0.00425302
v 0.01772285 0.00436758 -0.00393634
v -0.01649779 0.00865818 -0.00369806
v -0.01426261 0.01263512 -0.00355014
v -0.01687209 0.00885463 -0.00355014
v -0.01394619 0.01235480 -0.00369806
v 0.01718402 0.00423477 -0.00463223
v 0.01769830 -0.00000065 -0.00463223
v 0.01793657 -0.00000065 -0.00425302
v 0.01741537 0.00429179 -0.00425302
v -0.00224563 0.01849573 -0.00369806
v 0.00229705 0.01891537 -0.00355014
v -0.00229659 0.01891537 -0.00355014
v -0.01342531 0.01189334 -0.00425302
v -0.01018877 0.01476066 -0.00425302
v -0.01036866 0.01502129 -0.00393634
v 0.00224610 0.01849573 -0.00369806
v 0.00216222 0.01780491 -0.00425302
v 0.00647284 0.01706622 -0.00393634
v 0.00220039 0.01811928 -0.00393634
v -0.01366235 0.01210334 -0.00393634
v 0.00636055 0.01677011 -0.00425302
v -0.01850102 0.00455950 -0.00355014
v -0.01893313 0.00466600 -0.00350000
v -0.01949977 -0.00000065 -0.00350000
v 0.01394666 0.01235480 -0.00369806
v 0.01687256 0.00885463 -0.00355014
v 0.01426307 0.01263512 -0.00355014
v -0.01850102 0.00455950 -0.00355014
v -0.01726616 0.00906145 -0.00350000
v -0.01893313 0.00466600 -0.00350000
v 0.01649826 0.00865818 -0.00369806
v -0.01905472 -0.00000065 -0.00355014
v -0.01687209 0.00885463 -0.00355014
v -0.00675675 0.01781604 -0.00355014
v -0.00235023 0.01935717 -0.00350000
v -0.00691456 0.01823216 -0.00350000
v 0.01588207 0.00833478 -0.00425302
v 0.01741537 0.00429179 -0.00425302
v 0.01772285 0.00436758 -0.00393634
v -0.00996938 0.01444283 -0.00505496
v -0.00620535 0.01636213 -0.00550000
v -0.00622313 0.01640902 -0.00505496
v -0.00229659 0.01891537 -0.00355014
v 0.01616248 0.00848195 -0.00393634
v -0.00994090 0.01440157 -0.00550000
v -0.00996938 0.01444283 -0.00505496
v -0.00622313 0.01640902 -0.00505496
v -0.00627559 0.01654732 -0.00463223
v -0.01005341 0.01456457 -0.00463223
v 0.00622360 0.01640902 -0.00505496
v 0.00620582 0.01636213 -0.00550000
v 0.00994137 0.01440157 -0.00550000
v 0.01082468 0.01568127 -0.00355014
v 0.01459619 0.01293024 -0.00350000
v 0.01107750 0.01604753 -0.00350000
v 0.00996985 0.01444283 -0.00505496
v 0.00622360 0.01640902 -0.00505496
v 0.00996985 0.01444283 -0.00505496
v 0.01005388 0.01456457 -0.00463223
v 0.00627605 0.01654732 -0.00463223
v 0.01426307 0.01263512 -0.00355014
v -0.01616201 0.00848195 -0.00393634
v -0.01366235 0.01210334 -0.00393634
v -0.01394619 0.01235480 -0.00369806
v 0.01704040 0.00419937 -0.00505496
v 0.01769830 -0.00000065 -0.00463223
v 0.01718402 0.00423477 -0.00463223
v -0.01649779 0.00865818 -0.00369806
v -0.00219993 0.01811928 -0.00393634
v 0.00220039 0.01811928 -0.00393634
v 0.00224610 0.01849573 -0.00369806
v 0.01704040 0.00419937 -0.00505496
v 0.01699172 0.00418737 -0.00550000
v 0.01750023 -0.00000065 -0.00550000
v -0.00224563 0.01849573 -0.00369806
v 0.01755038 -0.00000065 -0.00505496
v 0.01755038 -0.00000065 -0.00505496
v -0.01324696 0.01173533 -0.00463223
v -0.01018877 0.01476066 -0.00425302
v -0.01342531 0.01189334 -0.00425302
v 0.01366282 0.01210334 -0.00393634
v 0.01616248 0.00848195 -0.00393634
v 0.01649826 0.00865818 -0.00369806
v -0.01005341 0.01456457 -0.00463223
v 0.00213350 0.01756837 -0.00463223
v 0.00627605 0.01654732 -0.00463223
v 0.00636055 0.01677011 -0.00425302
v 0.00216222 0.01780491 -0.00425302
v 0.01394666 0.01235480 -0.00369806
v -0.01809058 0.00445833 -0.00369806
v -0.01850102 0.00455950 -0.00355014
v -0.01905472 -0.00000065 -0.00355014
v -0.01863200 -0.00000065 -0.00369806
v -0.01809058 0.00445833 -0.00369806
v -0.01649779 0.00865818 -0.00369806
v -0.01687209 0.00885463 -0.00355014
v -0.00660685 0.01742079 -0.00369806
v -0.00224563 0.01849573 -0.00369806
v -0.00229659 0.01891537 -0.00355014
v -0.01850102 0.00455950 -0.00355014
v 0.01567109 0.00822405 -0.00463223
v 0.01718402 0.00423477 -0.00463223
v 0.01741537 0.00429179 -0.00425302
v 0.01588207 0.00833478 -0.00425302
v -0.00675675 0.01781604 -0.00355014
v -0.01588160 0.00833478 -0.00425302
v -0.01366235 0.01210334 -0.00393634
v -0.01616201 0.00848195 -0.00393634
v 0.01058455 0.01533337 -0.00369806
v 0.01426307 0.01263512 -0.00355014
v 0.01082468 0.01568127 -0.00355014
v -0.01342531 0.01189334 -0.00425302
v -0.00216175 0.01780491 -0.00425302
v 0.00220039 0.01811928 -0.00393634
v -0.00219993 0.01811928 -0.00393634
v 0.00216222 0.01780491 -0.00425302
v 0.01394666 0.01235480 -0.00369806
v -0.01313624 0.01163725 -0.00505496
v -0.01309870 0.01160399 -0.00550000
v -0.00994090 0.01440157 -0.00550000
v -0.01082422 0.01568127 -0.00355014
v -0.00675675 0.01781604 -0.00355014
v -0.00691456 0.01823216 -0.00350000
v -0.00996938 0.01444283 -0.00505496
v -0.01313624 0.01163725 -0.00505496
v -0.00996938 0.01444283 -0.00505496
v -0.01005341 0.01456457 -0.00463223
v -0.01107703 0.01604753 -0.00350000
v 0.01342577 0.01189334 -0.00425302
v 0.01588207 0.00833478 -0.00425302
v 0.01616248 0.00848195 -0.00393634
v -0.01324696 0.01173533 -0.00463223
v -0.01772239 0.00436758 -0.00393634
v -0.01863200 -0.00000065 -0.00369806
v -0.01825279 -0.00000065 -0.00393634
v 0.01366282 0.01210334 -0.00393634
v -0.01809058 0.00445833 -0.00369806
v -0.01772239 0.00436758 -0.00393634
v -0.01616201 0.00848195 -0.00393634
v -0.01649779 0.00865818 -0.00369806
v 0.00211567 0.01742153 -0.00505496
v 0.00210963 0.01737175 -0.00550000
v 0.00620582 0.01636213 -0.00550000
v 0.00675722 0.01781604 -0.00355014
v 0.01107750 0.01604753 -0.00350000
v 0.00691503 0.01823216 -0.00350000
v -0.01809058 0.00445833 -0.00369806
v 0.00622360 0.01640902 -0.00505496
v 0.00211567 0.01742153 -0.00505496
v 0.00622360 0.01640902 -0.00505496
v 0.00627605 0.01654732 -0.00463223
v 0.01082468 0.01568127 -0.00355014
v 0.00213350 0.01756837 -0.00463223
v -0.01567062 0.00822405 -0.00463223
v -0.01324696 0.01173533 -0.00463223
v -0.01342531 0.01189334 -0.00425302
v 0.01554011 0.00815531 -0.00505496
v 0.01704040 0.00419937 -0.00505496
v 0.01718402 0.00423477 -0.00463223
v -0.01588160 0.00833478 -0.00425302
v -0.00647238 0.01706622 -0.00393634
v -0.00224563 0.01849573 -0.00369806
v -0.00660685 0.01742079 -0.00369806
v 0.01554011 0.00815531 -0.00505496
v 0.01549571 0.00813200 -0.00550000
v 0.01699172 0.00418737 -0.00550000
v -0.01741491 0.00429179 -0.00425302
v -0.01825279 -0.00000065 -0.00393634
v -0.01793610 -0.00000065 -0.00425302
v -0.00219993 0.01811928 -0.00393634
v 0.01567109 0.00822405 -0.00463223
v -0.01741491 0.00429179 -0.00425302
v -0.01588160 0.00833478 -0.00425302
v -0.01616201 0.00848195 -0.00393634
v 0.01704040 0.00419937 -0.00505496
v 0.01036913 0.01502129 -0.00393634
v 0.01394666 0.01235480 -0.00369806
v 0.01058455 0.01533337 -0.00369806
v -0.01772239 0.00436758 -0.00393634
v -0.00213303 0.01756837 -0.00463223
v 0.00213350 0.01756837 -0.00463223
v 0.00216222 0.01780491 -0.00425302
v -0.01772239 0.00436758 -0.00393634
v -0.00216175 0.01780491 -0.00425302
v -0.01553965 0.00815531 -0.00505496
v -0.01549525 0.00813200 -0.00550000
v -0.01309870 0.01160399 -0.00550000
v 0.01366282 0.01210334 -0.00393634
v -0.01553965 0.00815531 -0.00505496
v -0.01313624 0.01163725 -0.00505496
v -0.01324696 0.01173533 -0.00463223
v -0.01313624 0.01163725 -0.00505496
v -0.01567062 0.00822405 -0.00463223
v 0.01324742 0.01173533 -0.00463223
v 0.01588207 0.00833478 -0.00425302
v 0.01342577 0.01189334 -0.00425302
v -0.01718356 0.00423477 -0.00463223
v -0.01793610 -0.00000065 -0.00425302
v -0.01769783 -0.00000065 -0.00463223
v 0.01567109 0.00822405 -0.00463223
v -0.01741491 0.00429179 -0.00425302
v -0.01718356 0.00423477 -0.00463223
v -0.01567062 0.00822405 -0.00463223
v -0.01588160 0.00833478 -0.00425302
v -0.01058408 0.01533337 -0.00369806
v -0.00660685 0.01742079 -0.00369806
v -0.00675675 0.01781604 -0.00355014
v -0.01741491 0.00429179 -0.00425302
v -0.01082422 0.01568127 -0.00355014
v -0.00647238 0.01706622 -0.00393634
v 0.00660732 0.01742079 -0.00369806
v 0.01082468 0.01568127 -0.00355014
v 0.00675722 0.01781604 -0.00355014
v -0.01754991 -0.00000065 -0.00505496
v 0.01058455 0.01533337 -0.00369806
v -0.01749977 -0.00000065 -0.02050000
v -0.01699125 -0.00418868 -0.02050000
v -0.01749977 -0.00000065 -0.02450000
v -0.01699125 -0.00418868 -0.02450000
v -0.01699125 -0.00418868 -0.02450000
v -0.01549525 -0.00813331 -0.02050000
v -0.01549525 -0.00813331 -0.02450000
v -0.01699125 -0.00418868 -0.02050000
v -0.01549525 -0.00813331 -0.02450000
v -0.01309870 -0.01160530 -0.02050000
v -0.01309870 -0.01160530 -0.02450000
v -0.01549525 -0.00813331 -0.02050000
v -0.01309870 -0.01160530 -0.02450000
v -0.00994090 -0.01440287 -0.02050000
v -0.00994090 -0.01440287 -0.02450000
v -0.01309870 -0.01160530 -0.02050000
v -0.00994090 -0.01440287 -0.02450000
v -0.00620535 -0.01636344 -0.02050000
v -0.00620535 -0.01636344 -0.02450000
v -0.00994090 -0.01440287 -0.02050000
v -0.00620535 -0.01636344 -0.02450000
v -0.00210916 -0.01737306 -0.02050000
v -0.00210916 -0.01737306 -0.02450000
v -0.00620535 -0.01636344 -0.02050000
v -0.00210916 -0.01737306 -0.02450000
v 0.00210963 -0.01737306 -0.02050000
v 0.00210963 -0.01737306 -0.02450000
v -0.00210916 -0.01737306 -0.02050000
v 0.00210963 -0.01737306 -0.02450000
v 0.00620582 -0.01636344 -0.02050000
v 0.00620582 -0.01636344 -0.02450000
v 0.00210963 -0.01737306 -0.02050000
v 0.00620582 -0.01636344 -0.02450000
v 0.00994137 -0.01440287 -0.02050000
v 0.00994137 -0.01440287 -0.02450000
v 0.00620582 -0.01636344 -0.02050000
v 0.00994137 -0.01440287 -0.02450000
v 0.01309917 -0.01160530 -0.02050000
v 0.01309917 -0.01160530 -0.02450000
v 0.00994137 -0.01440287 -0.02050000
v 0.01309917 -0.01160530 -0.02450000
v 0.01549571 -0.00813331 -0.02050000
v 0.01549571 -0.00813331 -0.02450000
v 0.01309917 -0.01160530 -0.02050000
v 0.01549571 -0.00813331 -0.02450000
v 0.01699172 -0.00418868 -0.02050000
v 0.01699172 -0.00418868 -0.02450000
v 0.01549571 -0.00813331 -0.02050000
v 0.01699172 -0.00418868 -0.02450000
v 0.01750023 -0.00000065 -0.02050000
v 0.01750023 -0.00000065 -0.02450000
v 0.01699172 -0.00418868 -0.02050000
v -0.01749977 -0.00000065 -0.00550000
v -0.01699125 -0.00418868 -0.00550000
v -0.01749977 -0.00000065 -0.00950000
v -0.01699125 -0.00418868 -0.00950000
v -0.01699125 -0.00418868 -0.00950000
v -0.01549525 -0.00813331 -0.00550000
v -0.01549525 -0.00813331 -0.00950000
v -0.01699125 -0.00418868 -0.00550000
v -0.01549525 -0.00813331 -0.00950000
v -0.01309870 -0.01160530 -0.00550000
v -0.01309870 -0.01160530 -0.00950000
v -0.01549525 -0.00813331 -0.00550000
v -0.01309870 -0.01160530 -0.00950000
v -0.00994090 -0.01440287 -0.00550000
v -0.00994090 -0.01440287 -0.00950000
v -0.01309870 -0.01160530 -0.00550000
v -0.00994090 -0.01440287 -0.00950000
v -0.00620535 -0.01636344 -0.00550000
v -0.00620535 -0.01636344 -0.00950000
v -0.00994090 -0.01440287 -0.00550000
v -0.00620535 -0.01636344 -0.00950000
v -0.00210916 -0.01737306 -0.00550000
v -0.00210916 -0.01737306 -0.00950000
v -0.00620535 -0.01636344 -0.00550000
v -0.00210916 -0.01737306 -0.00950000
v 0.00210963 -0.01737306 -0.00550000
v 0.00210963 -0.01737306 -0.00950000
v -0.00210916 -0.01737306 -0.00550000
v 0.00210963 -0.01737306 -0.00950000
v 0.00620582 -0.01636344 -0.00550000
v 0.00620582 -0.01636344 -0.00950000
v 0.00210963 -0.01737306 -0.00550000
v 0.00620582 -0.01636344 -0.00950000
v 0.00994137 -0.01440287 -0.00550000
v 0.00994137 -0.01440287 -0.00950000
v 0.00620582 -0.01636344 -0.00550000
v 0.00994137 -0.01440287 -0.00950000
v 0.01309917 -0.01160530 -0.00550000
v 0.01309917 -0.01160530 -0.00950000
v 0.00994137 -0.01440287 -0.00550000
v 0.01309917 -0.01160530 -0.00950000
v 0.01549571 -0.00813331 -0.00550000
v 0.01549571 -0.00813331 -0.00950000
v 0.01309917 -0.01160530 -0.00550000
v 0.01549571 -0.00813331 -0.00950000
v 0.01699172 -0.00418868 -0.00550000
v 0.01699172 -0.00418868 -0.00950000
v 0.01549571 -0.00813331 -0.00550000
v 0.01699172 -0.00418868 -0.00950000
v 0.01750023 -0.00000065 -0.00550000
v 0.01750023 -0.00000065 -0.00950000
v 0.01699172 -0.00418868 -0.00550000
v -0.00749977 -0.00000065 -0.02050000
v -0.00749977 -0.00000065 -0.00950000
v -0.00728183 -0.00179552 -0.02050000
v -0.00728183 -0.00179552 -0.02050000
v -0.00728183 -0.00179552 -0.00950000
v -0.00664069 -0.00348608 -0.02050000
v -0.00728183 -0.00179552 -0.00950000
v -0.00664069 -0.00348608 -0.02050000
v -0.00664069 -0.00348608 -0.00950000
v -0.00561360 -0.00497407 -0.02050000
v -0.00664069 -0.00348608 -0.00950000
v -0.00561360 -0.00497407 -0.02050000
v -0.00561360 -0.00497407 -0.00950000
v -0.00426025 -0.00617303 -0.02050000
v -0.00561360 -0.00497407 -0.00950000
v -0.00426025 -0.00617303 -0.02050000
v -0.00426025 -0.00617303 -0.00950000
v -0.00265930 -0.00701327 -0.02050000
v -0.00426025 -0.00617303 -0.00950000
v -0.00265930 -0.00701327 -0.02050000
v -0.00265930 -0.00701327 -0.00950000
v -0.00090379 -0.00744597 -0.02050000
v -0.00265930 -0.00701327 -0.00950000
v -0.00090379 -0.00744597 -0.02050000
v -0.00090379 -0.00744597 -0.00950000
v 0.00090426 -0.00744597 -0.02050000
v -0.00090379 -0.00744597 -0.00950000
v 0.00090426 -0.00744597 -0.02050000
v 0.00090426 -0.00744597 -0.00950000
v 0.00265977 -0.00701327 -0.02050000
v 0.00090426 -0.00744597 -0.00950000
v 0.00265977 -0.00701327 -0.02050000
v 0.00265977 -0.00701327 -0.00950000
v 0.00426072 -0.00617303 -0.02050000
v 0.00265977 -0.00701327 -0.00950000
v 0.00426072 -0.00617303 -0.02050000
v 0.00426072 -0.00617303 -0.00950000
v 0.00561407 -0.00497407 -0.02050000
v 0.00426072 -0.00617303 -0.00950000
v 0.00561407 -0.00497407 -0.02050000
v 0.00561407 -0.00497407 -0.00950000
v 0.00664115 -0.00348608 -0.02050000
v 0.00561407 -0.00497407 -0.00950000
v 0.00664115 -0.00348608 -0.02050000
v 0.00664115 -0.00348608 -0.00950000
v 0.00728230 -0.00179552 -0.02050000
v 0.00664115 -0.00348608 -0.00950000
v 0.00728230 -0.00179552 -0.02050000
v 0.00728230 -0.00179552 -0.00950000
v 0.00750023 -0.00000065 -0.02050000
v 0.00728230 -0.00179552 -0.00950000
v 0.00750023 -0.00000065 -0.00950000
v -0.02670067 -0.00658183 -0.00350000
v -0.02749977 -0.00000065 -0.00350000
v -0.02749977 -0.00000065 -0.02650000
v -0.02670067 -0.00658183 -0.02650000
v -0.02434981 -0.01278054 -0.00350000
v -0.02670067 -0.00658183 -0.02650000
v -0.02434981 -0.01278054 -0.02650000
v -0.02670067 -0.00658183 -0.00350000
v -0.02058381 -0.01823652 -0.00350000
v -0.02434981 -0.01278054 -0.02650000
v -0.02058381 -0.01823652 -0.02650000
v -0.02434981 -0.01278054 -0.00350000
v -0.01562155 -0.02263271 -0.00350000
v -0.02058381 -0.01823652 -0.02650000
v -0.01562155 -0.02263271 -0.02650000
v -0.02058381 -0.01823652 -0.00350000
v -0.00975140 -0.02571360 -0.00350000
v -0.01562155 -0.02263271 -0.02650000
v -0.00975140 -0.02571360 -0.02650000
v -0.01562155 -0.02263271 -0.00350000
v -0.00331452 -0.02730015 -0.00350000
v -0.00975140 -0.02571360 -0.02650000
v -0.00331452 -0.02730015 -0.02650000
v -0.00975140 -0.02571360 -0.00350000
v 0.00331499 -0.02730015 -0.00350000
v -0.00331452 -0.02730015 -0.02650000
v 0.00331499 -0.02730015 -0.02650000
v -0.00331452 -0.02730015 -0.00350000
v 0.00975187 -0.02571360 -0.00350000
v 0.00331499 -0.02730015 -0.02650000
v 0.00975187 -0.02571360 -0.02650000
v 0.00331499 -0.02730015 -0.00350000
v 0.01562201 -0.02263271 -0.00350000
v 0.00975187 -0.02571360 -0.02650000
v 0.01562201 -0.02263271 -0.02650000
v 0.00975187 -0.02571360 -0.00350000
v 0.02058428 -0.01823652 -0.00350000
v 0.01562201 -0.02263271 -0.02650000
v 0.02058428 -0.01823652 -0.02650000
v 0.01562201 -0.02263271 -0.00350000
v 0.02435028 -0.01278054 -0.00350000
v 0.02058428 -0.01823652 -0.02650000
v 0.02435028 -0.01278054 -0.02650000
v 0.02058428 -0.01823652 -0.00350000
v 0.02670113 -0.00658183 -0.00350000
v 0.02435028 -0.01278054 -0.02650000
v 0.02670113 -0.00658183 -0.02650000
v 0.02435028 -0.01278054 -0.00350000
v 0.02750023 -0.00000065 -0.00350000
v 0.02670113 -0.00658183 -0.02650000
v 0.02750023 -0.00000065 -0.02650000
v 0.02670113 -0.00658183 -0.00350000
v -0.02670067 -0.00658183 -0.02650000
v -0.01726616 -0.00906275 -0.02650000
v -0.02434981 -0.01278054 -0.02650000
v -0.01893313 -0.00466731 -0.02650000
v 0.00331499 0.02729884 -0.02650000
v 0.00691503 0.01823216 -0.02650000
v 0.00235070 0.01935717 -0.02650000
v 0.00975187 0.02571230 -0.02650000
v 0.01459619 -0.01293154 -0.02650000
v 0.02058428 -0.01823652 -0.02650000
v 0.01562201 -0.02263271 -0.02650000
v 0.01107750 -0.01604884 -0.02650000
v 0.00975187 -0.02571360 -0.02650000
v -0.02749977 -0.00000065 -0.02650000
v -0.01893313 0.00466600 -0.02650000
v -0.01949977 -0.00000065 -0.02650000
v 0.01726663 -0.00906275 -0.02650000
v 0.02435028 -0.01278054 -0.02650000
v 0.00691503 -0.01823347 -0.02650000
v 0.00331499 -0.02730015 -0.02650000
v -0.00331452 0.02729884 -0.02650000
v -0.00235023 0.01935717 -0.02650000
v -0.02670067 0.00658053 -0.02650000
v -0.01726616 0.00906145 -0.02650000
v 0.01893360 -0.00466731 -0.02650000
v 0.02670113 -0.00658183 -0.02650000
v -0.00975140 0.02571230 -0.02650000
v -0.00691456 0.01823216 -0.02650000
v 0.00235070 -0.01935847 -0.02650000
v -0.00331452 -0.02730015 -0.02650000
v -0.02434981 0.01277923 -0.02650000
v -0.01459573 0.01293024 -0.02650000
v 0.01950023 -0.00000065 -0.02650000
v 0.02750023 -0.00000065 -0.02650000
v 0.02670113 0.00658053 -0.02650000
v -0.01562155 0.02263140 -0.02650000
v -0.01107703 0.01604753 -0.02650000
v -0.02058381 0.01823522 -0.02650000
v -0.00235023 -0.01935847 -0.02650000
v -0.00975140 -0.02571360 -0.02650000
v 0.01893360 0.00466600 -0.02650000
v 0.02435028 0.01277923 -0.02650000
v -0.00691456 -0.01823347 -0.02650000
v 0.01726663 0.00906145 -0.02650000
v -0.01562155 -0.02263271 -0.02650000
v -0.01107703 -0.01604884 -0.02650000
v 0.02058428 0.01823522 -0.02650000
v 0.01459619 0.01293024 -0.02650000
v -0.02058381 -0.01823652 -0.02650000
v -0.01459573 -0.01293154 -0.02650000
v 0.01562201 0.02263140 -0.02650000
v 0.01107750 0.01604753 -0.02650000
v -0.00975140 0.02571230 -0.00350000
v -0.01562155 0.02263140 -0.00350000
v -0.00691456 0.01823216 -0.00350000
v -0.00235023 0.01935717 -0.00350000
v 0.02670113 -0.00658183 -0.00350000
v 0.01950023 -0.00000065 -0.00350000
v 0.01893360 -0.00466731 -0.00350000
v 0.02435028 -0.01278054 -0.00350000
v -0.01459573 -0.01293154 -0.00350000
v -0.02434981 -0.01278054 -0.00350000
v -0.02058381 -0.01823652 -0.00350000
v -0.00331452 0.02729884 -0.00350000
v 0.00235070 0.01935717 -0.00350000
v -0.01107703 -0.01604884 -0.00350000
v -0.01562155 -0.02263271 -0.00350000
v -0.01726616 -0.00906275 -0.00350000
v -0.02670067 -0.00658183 -0.00350000
v -0.00691456 -0.01823347 -0.00350000
v -0.00975140 -0.02571360 -0.00350000
v 0.02750023 -0.00000065 -0.00350000
v -0.01893313 -0.00466731 -0.00350000
v -0.02749977 -0.00000065 -0.00350000
v -0.00235023 -0.01935847 -0.00350000
v -0.00331452 -0.02730015 -0.00350000
v 0.00331499 0.02729884 -0.00350000
v 0.00691503 0.01823216 -0.00350000
v 0.02670113 0.00658053 -0.00350000
v 0.01893360 0.00466600 -0.00350000
v -0.01949977 -0.00000065 -0.00350000
v 0.00975187 0.02571230 -0.00350000
v 0.01107750 0.01604753 -0.00350000
v 0.00235070 -0.01935847 -0.00350000
v 0.00331499 -0.02730015 -0.00350000
v 0.02435028 0.01277923 -0.00350000
v 0.01726663 0.00906145 -0.00350000
v 0.01562201 0.02263140 -0.00350000
v 0.01459619 0.01293024 -0.00350000
v -0.01893313 0.00466600 -0.00350000
v -0.02670067 0.00658053 -0.00350000
v 0.02058428 0.01823522 -0.00350000
v 0.00691503 -0.01823347 -0.00350000
v 0.00975187 -0.02571360 -0.00350000
v -0.01726616 0.00906145 -0.00350000
v -0.02434981 0.01277923 -0.00350000
v 0.01107750 -0.01604884 -0.00350000
v 0.01562201 -0.02263271 -0.00350000
v -0.01459573 0.01293024 -0.00350000
v -0.02058381 0.01823522 -0.00350000
v 0.01459619 -0.01293154 -0.00350000
v 0.02058428 -0.01823652 -0.00350000
v -0.01107703 0.01604753 -0.00350000
v 0.01726663 -0.00906275 -0.00350000
v 0.01850149 -0.00456080 -0.02644986
v 0.01863247 -0.00000065 -0.02630194
v 0.01905519 -0.00000065 -0.02644986
v 0.01850149 -0.00456080 -0.02644986
v 0.01905519 -0.00000065 -0.02644986
v 0.01950023 -0.00000065 -0.02650000
v -0.00627559 -0.01654863 -0.02536777
v -0.00996938 -0.01444414 -0.02494504
v -0.00622313 -0.01641032 -0.02494504
v 0.01850149 -0.00456080 -0.02644986
v 0.01893360 -0.00466731 -0.02650000
v 0.01726663 -0.00906275 -0.02650000
v -0.01036866 -0.01502259 -0.02606366
v -0.01366235 -0.01210464 -0.02606366
v -0.01342531 -0.01189464 -0.02574698
v 0.01893360 -0.00466731 -0.02650000
v 0.00647284 -0.01706752 -0.02606366
v 0.00220039 -0.01812059 -0.02606366
v 0.00216222 -0.01780621 -0.02574698
v 0.01850149 -0.00456080 -0.02644986
v 0.01649826 -0.00865948 -0.02630194
v 0.01809105 -0.00445964 -0.02630194
v 0.01313671 -0.01163855 -0.02494504
v 0.00996985 -0.01444414 -0.02494504
v 0.00994137 -0.01440287 -0.02450000
v 0.01687256 -0.00885593 -0.02644986
v 0.01809105 -0.00445964 -0.02630194
v 0.01687256 -0.00885593 -0.02644986
v 0.01309917 -0.01160530 -0.02450000
v -0.01018877 -0.01476197 -0.02574698
v -0.00211520 -0.01742284 -0.02494504
v -0.00620535 -0.01636344 -0.02450000
v -0.00210916 -0.01737306 -0.02450000
v 0.00229705 -0.01891668 -0.02644986
v -0.00229659 -0.01891668 -0.02644986
v -0.00224563 -0.01849703 -0.02630194
v -0.00622313 -0.01641032 -0.02494504
v 0.00229705 -0.01891668 -0.02644986
v 0.00235070 -0.01935847 -0.02650000
v -0.00235023 -0.01935847 -0.02650000
v -0.00229659 -0.01891668 -0.02644986
v 0.00224610 -0.01849703 -0.02630194
v -0.01703993 -0.00420068 -0.02494504
v -0.01754991 -0.00000065 -0.02494504
v -0.01749977 -0.00000065 -0.02450000
v -0.01426261 -0.01263643 -0.02644986
v -0.01459573 -0.01293154 -0.02650000
v -0.01726616 -0.00906275 -0.02650000
v 0.01018923 -0.01476197 -0.02574698
v 0.00627605 -0.01654863 -0.02536777
v 0.01005388 -0.01456587 -0.02536777
v 0.00636055 -0.01677142 -0.02574698
v -0.01426261 -0.01263643 -0.02644986
v -0.01687209 -0.00885593 -0.02644986
v -0.01649779 -0.00865948 -0.02630194
v -0.01394619 -0.01235611 -0.02630194
v -0.01699125 -0.00418868 -0.02450000
v -0.01687209 -0.00885593 -0.02644986
v -0.00636008 -0.01677142 -0.02574698
v -0.01005341 -0.01456587 -0.02536777
v -0.00627559 -0.01654863 -0.02536777
v 0.00660732 -0.01742209 -0.02630194
v 0.00224610 -0.01849703 -0.02630194
v 0.00220039 -0.01812059 -0.02606366
v -0.01718356 -0.00423608 -0.02536777
v -0.01769783 -0.00000065 -0.02536777
v -0.01754991 -0.00000065 -0.02494504
v -0.01018877 -0.01476197 -0.02574698
v 0.00647284 -0.01706752 -0.02606366
v -0.01058408 -0.01533468 -0.02630194
v -0.01366235 -0.01210464 -0.02606366
v -0.01036866 -0.01502259 -0.02606366
v -0.01703993 -0.00420068 -0.02494504
v 0.01324742 -0.01173664 -0.02536777
v 0.00996985 -0.01444414 -0.02494504
v 0.01313671 -0.01163855 -0.02494504
v -0.01553965 -0.00815661 -0.02494504
v -0.01699125 -0.00418868 -0.02450000
v -0.01549525 -0.00813331 -0.02450000
v -0.01394619 -0.01235611 -0.02630194
v -0.01703993 -0.00420068 -0.02494504
v 0.01005388 -0.01456587 -0.02536777
v -0.00213303 -0.01756968 -0.02536777
v -0.00627559 -0.01654863 -0.02536777
v -0.00622313 -0.01641032 -0.02494504
v -0.01741491 -0.00429310 -0.02574698
v -0.01793610 -0.00000065 -0.02574698
v -0.01769783 -0.00000065 -0.02536777
v 0.01036913 -0.01502259 -0.02606366
v 0.00636055 -0.01677142 -0.02574698
v 0.01018923 -0.01476197 -0.02574698
v -0.00211520 -0.01742284 -0.02494504
v -0.01718356 -0.00423608 -0.02536777
v 0.00647284 -0.01706752 -0.02606366
v -0.00647238 -0.01706752 -0.02606366
v -0.01036866 -0.01502259 -0.02606366
v -0.01018877 -0.01476197 -0.02574698
v 0.01554011 -0.00815661 -0.02494504
v 0.01309917 -0.01160530 -0.02450000
v 0.01549571 -0.00813331 -0.02450000
v -0.00636008 -0.01677142 -0.02574698
v 0.01313671 -0.01163855 -0.02494504
v 0.00211567 -0.01742284 -0.02494504
v -0.00210916 -0.01737306 -0.02450000
v 0.00210963 -0.01737306 -0.02450000
v -0.01567062 -0.00822535 -0.02536777
v -0.01703993 -0.00420068 -0.02494504
v -0.01553965 -0.00815661 -0.02494504
v 0.00675722 -0.01781735 -0.02644986
v 0.00224610 -0.01849703 -0.02630194
v 0.00660732 -0.01742209 -0.02630194
v 0.00675722 -0.01781735 -0.02644986
v 0.00235070 -0.01935847 -0.02650000
v 0.00229705 -0.01891668 -0.02644986
v -0.01718356 -0.00423608 -0.02536777
v 0.00229705 -0.01891668 -0.02644986
v -0.01772239 -0.00436889 -0.02606366
v -0.01825279 -0.00000065 -0.02606366
v -0.01793610 -0.00000065 -0.02574698
v -0.00211520 -0.01742284 -0.02494504
v 0.00691503 -0.01823347 -0.02650000
v -0.01082422 -0.01568258 -0.02644986
v -0.01107703 -0.01604884 -0.02650000
v -0.01459573 -0.01293154 -0.02650000
v 0.01342577 -0.01189464 -0.02574698
v 0.01005388 -0.01456587 -0.02536777
v 0.01324742 -0.01173664 -0.02536777
v -0.01426261 -0.01263643 -0.02644986
v 0.01018923 -0.01476197 -0.02574698
v -0.01082422 -0.01568258 -0.02644986
v -0.01426261 -0.01263643 -0.02644986
v -0.01394619 -0.01235611 -0.02630194
v -0.01741491 -0.00429310 -0.02574698
v -0.01058408 -0.01533468 -0.02630194
v -0.01313624 -0.01163855 -0.02494504
v -0.01553965 -0.00815661 -0.02494504
v -0.01549525 -0.00813331 -0.02450000
v -0.01309870 -0.01160530 -0.02450000
v -0.00216175 -0.01780621 -0.02574698
v -0.00636008 -0.01677142 -0.02574698
v -0.00627559 -0.01654863 -0.02536777
v 0.01058455 -0.01533468 -0.02630194
v 0.00660732 -0.01742209 -0.02630194
v 0.00647284 -0.01706752 -0.02606366
v -0.00213303 -0.01756968 -0.02536777
v 0.01036913 -0.01502259 -0.02606366
v -0.01588160 -0.00833608 -0.02574698
v -0.01741491 -0.00429310 -0.02574698
v -0.01718356 -0.00423608 -0.02536777
v -0.00660685 -0.01742209 -0.02630194
v -0.01058408 -0.01533468 -0.02630194
v -0.01036866 -0.01502259 -0.02606366
v -0.01567062 -0.00822535 -0.02536777
v 0.01567109 -0.00822535 -0.02536777
v 0.01324742 -0.01173664 -0.02536777
v 0.01313671 -0.01163855 -0.02494504
v -0.00647238 -0.01706752 -0.02606366
v -0.01809058 -0.00445964 -0.02630194
v -0.01863200 -0.00000065 -0.02630194
v -0.01825279 -0.00000065 -0.02606366
v -0.01772239 -0.00436889 -0.02606366
v 0.01554011 -0.00815661 -0.02494504
v 0.00213350 -0.01756968 -0.02536777
v -0.00213303 -0.01756968 -0.02536777
v -0.00211520 -0.01742284 -0.02494504
v 0.01366282 -0.01210464 -0.02606366
v 0.01018923 -0.01476197 -0.02574698
v 0.01342577 -0.01189464 -0.02574698
v 0.00211567 -0.01742284 -0.02494504
v 0.01036913 -0.01502259 -0.02606366
v -0.00219993 -0.01812059 -0.02606366
v -0.00636008 -0.01677142 -0.02574698
v -0.00216175 -0.01780621 -0.02574698
v -0.01324696 -0.01173664 -0.02536777
v -0.01567062 -0.00822535 -0.02536777
v -0.01553965 -0.00815661 -0.02494504
v -0.00647238 -0.01706752 -0.02606366
v -0.01313624 -0.01163855 -0.02494504
v 0.01704040 -0.00420068 -0.02494504
v 0.01549571 -0.00813331 -0.02450000
v 0.01699172 -0.00418868 -0.02450000
v 0.01704040 -0.00420068 -0.02494504
v 0.01699172 -0.00418868 -0.02450000
v 0.01750023 -0.00000065 -0.02450000
v 0.01755038 -0.00000065 -0.02494504
v 0.00622360 -0.01641032 -0.02494504
v 0.00210963 -0.01737306 -0.02450000
v 0.00620582 -0.01636344 -0.02450000
v 0.01554011 -0.00815661 -0.02494504
v -0.01616201 -0.00848325 -0.02606366
v -0.01772239 -0.00436889 -0.02606366
v -0.01741491 -0.00429310 -0.02574698
v 0.01082468 -0.01568258 -0.02644986
v 0.00675722 -0.01781735 -0.02644986
v 0.00660732 -0.01742209 -0.02630194
v 0.00211567 -0.01742284 -0.02494504
v 0.01058455 -0.01533468 -0.02630194
v -0.01588160 -0.00833608 -0.02574698
v 0.01082468 -0.01568258 -0.02644986
v 0.01107750 -0.01604884 -0.02650000
v 0.00691503 -0.01823347 -0.02650000
v -0.00996938 -0.01444414 -0.02494504
v -0.01309870 -0.01160530 -0.02450000
v -0.00994090 -0.01440287 -0.02450000
v -0.00675675 -0.01781735 -0.02644986
v -0.00691456 -0.01823347 -0.02650000
v -0.01107703 -0.01604884 -0.02650000
v 0.00675722 -0.01781735 -0.02644986
v -0.01082422 -0.01568258 -0.02644986
v 0.01588207 -0.00833608 -0.02574698
v 0.01342577 -0.01189464 -0.02574698
v 0.01324742 -0.01173664 -0.02536777
v -0.00675675 -0.01781735 -0.02644986
v -0.01082422 -0.01568258 -0.02644986
v -0.01058408 -0.01533468 -0.02630194
v -0.01313624 -0.01163855 -0.02494504
v -0.00660685 -0.01742209 -0.02630194
v -0.01850102 -0.00456080 -0.02644986
v -0.01905472 -0.00000065 -0.02644986
v -0.01863200 -0.00000065 -0.02630194
v 0.01567109 -0.00822535 -0.02536777
v -0.01850102 -0.00456080 -0.02644986
v -0.01949977 -0.00000065 -0.02650000
v -0.01905472 -0.00000065 -0.02644986
v -0.01893313 -0.00466731 -0.02650000
v 0.00216222 -0.01780621 -0.02574698
v -0.00216175 -0.01780621 -0.02574698
v -0.00213303 -0.01756968 -0.02536777
v 0.00213350 -0.01756968 -0.02536777
v -0.01809058 -0.00445964 -0.02630194
v 0.01394666 -0.01235611 -0.02630194
v 0.01058455 -0.01533468 -0.02630194
v 0.01036913 -0.01502259 -0.02606366
v -0.00224563 -0.01849703 -0.02630194
v -0.00660685 -0.01742209 -0.02630194
v -0.00647238 -0.01706752 -0.02606366
v 0.01366282 -0.01210464 -0.02606366
v -0.00219993 -0.01812059 -0.02606366
v -0.01342531 -0.01189464 -0.02574698
v -0.01567062 -0.00822535 -0.02536777
v -0.01324696 -0.01173664 -0.02536777
v -0.01588160 -0.00833608 -0.02574698
v 0.01718402 -0.00423608 -0.02536777
v 0.01704040 -0.00420068 -0.02494504
v 0.01755038 -0.00000065 -0.02494504
v 0.01769830 -0.00000065 -0.02536777
v -0.01649779 -0.00865948 -0.02630194
v -0.01809058 -0.00445964 -0.02630194
v -0.01772239 -0.00436889 -0.02606366
v 0.01718402 -0.00423608 -0.02536777
v 0.01567109 -0.00822535 -0.02536777
v 0.01554011 -0.00815661 -0.02494504
v 0.01704040 -0.00420068 -0.02494504
v 0.00627605 -0.01654863 -0.02536777
v 0.00213350 -0.01756968 -0.02536777
v 0.00211567 -0.01742284 -0.02494504
v -0.01616201 -0.00848325 -0.02606366
v 0.00622360 -0.01641032 -0.02494504
v 0.01616248 -0.00848325 -0.02606366
v 0.01366282 -0.01210464 -0.02606366
v 0.01342577 -0.01189464 -0.02574698
v 0.01588207 -0.00833608 -0.02574698
v 0.00220039 -0.01812059 -0.02606366
v -0.00219993 -0.01812059 -0.02606366
v -0.00216175 -0.01780621 -0.02574698
v -0.01005341 -0.01456587 -0.02536777
v -0.01313624 -0.01163855 -0.02494504
v -0.00996938 -0.01444414 -0.02494504
v 0.00216222 -0.01780621 -0.02574698
v -0.01324696 -0.01173664 -0.02536777
v 0.01426307 -0.01263643 -0.02644986
v 0.01058455 -0.01533468 -0.02630194
v 0.01394666 -0.01235611 -0.02630194
v 0.01426307 -0.01263643 -0.02644986
v 0.01459619 -0.01293154 -0.02650000
v 0.01107750 -0.01604884 -0.02650000
v 0.01082468 -0.01568258 -0.02644986
v 0.00996985 -0.01444414 -0.02494504
v 0.00620582 -0.01636344 -0.02450000
v 0.00994137 -0.01440287 -0.02450000
v 0.01082468 -0.01568258 -0.02644986
v -0.01366235 -0.01210464 -0.02606366
v -0.01588160 -0.00833608 -0.02574698
v -0.01342531 -0.01189464 -0.02574698
v -0.01616201 -0.00848325 -0.02606366
v 0.01741537 -0.00429310 -0.02574698
v 0.01718402 -0.00423608 -0.02536777
v 0.01769830 -0.00000065 -0.02536777
v 0.01793657 -0.00000065 -0.02574698
v 0.00622360 -0.01641032 -0.02494504
v -0.00622313 -0.01641032 -0.02494504
v -0.00994090 -0.01440287 -0.02450000
v -0.00620535 -0.01636344 -0.02450000
v -0.00229659 -0.01891668 -0.02644986
v -0.00235023 -0.01935847 -0.02650000
v -0.00691456 -0.01823347 -0.02650000
v 0.01741537 -0.00429310 -0.02574698
v 0.01588207 -0.00833608 -0.02574698
v 0.01567109 -0.00822535 -0.02536777
v -0.00675675 -0.01781735 -0.02644986
v 0.01718402 -0.00423608 -0.02536777
v -0.00229659 -0.01891668 -0.02644986
v -0.00660685 -0.01742209 -0.02630194
v -0.00224563 -0.01849703 -0.02630194
v -0.00675675 -0.01781735 -0.02644986
v -0.00996938 -0.01444414 -0.02494504
v 0.01649826 -0.00865948 -0.02630194
v 0.01366282 -0.01210464 -0.02606366
v 0.01616248 -0.00848325 -0.02606366
v 0.01394666 -0.01235611 -0.02630194
v -0.01687209 -0.00885593 -0.02644986
v -0.01726616 -0.00906275 -0.02650000
v -0.01893313 -0.00466731 -0.02650000
v 0.00636055 -0.01677142 -0.02574698
v 0.00216222 -0.01780621 -0.02574698
v 0.00213350 -0.01756968 -0.02536777
v -0.01687209 -0.00885593 -0.02644986
v -0.01850102 -0.00456080 -0.02644986
v -0.01809058 -0.00445964 -0.02630194
v 0.00627605 -0.01654863 -0.02536777
v -0.01850102 -0.00456080 -0.02644986
v 0.01772285 -0.00436889 -0.02606366
v 0.01793657 -0.00000065 -0.02574698
v 0.01825325 -0.00000065 -0.02606366
v -0.01649779 -0.00865948 -0.02630194
v -0.01018877 -0.01476197 -0.02574698
v -0.01342531 -0.01189464 -0.02574698
v -0.01324696 -0.01173664 -0.02536777
v 0.01741537 -0.00429310 -0.02574698
v 0.01772285 -0.00436889 -0.02606366
v 0.01616248 -0.00848325 -0.02606366
v 0.01588207 -0.00833608 -0.02574698
v 0.00224610 -0.01849703 -0.02630194
v -0.00224563 -0.01849703 -0.02630194
v -0.00219993 -0.01812059 -0.02606366
v 0.01741537 -0.00429310 -0.02574698
v 0.00220039 -0.01812059 -0.02606366
v -0.01005341 -0.01456587 -0.02536777
v 0.01687256 -0.00885593 -0.02644986
v 0.01726663 -0.00906275 -0.02650000
v 0.01459619 -0.01293154 -0.02650000
v 0.01005388 -0.01456587 -0.02536777
v 0.00622360 -0.01641032 -0.02494504
v 0.00996985 -0.01444414 -0.02494504
v -0.01394619 -0.01235611 -0.02630194
v -0.01616201 -0.00848325 -0.02606366
v -0.01366235 -0.01210464 -0.02606366
v 0.01426307 -0.01263643 -0.02644986
v 0.01687256 -0.00885593 -0.02644986
v 0.01426307 -0.01263643 -0.02644986
v 0.01394666 -0.01235611 -0.02630194
v 0.01649826 -0.00865948 -0.02630194
v -0.01649779 -0.00865948 -0.02630194
v 0.01809105 -0.00445964 -0.02630194
v 0.01825325 -0.00000065 -0.02606366
v 0.01863247 -0.00000065 -0.02630194
v 0.00627605 -0.01654863 -0.02536777
v -0.01005341 -0.01456587 -0.02536777
v 0.01809105 -0.00445964 -0.02630194
v 0.01649826 -0.00865948 -0.02630194
v 0.01616248 -0.00848325 -0.02606366
v 0.01772285 -0.00436889 -0.02606366
v 0.00636055 -0.01677142 -0.02574698
v 0.01772285 -0.00436889 -0.02606366
v 0.01704040 -0.00420068 -0.00505496
v 0.01750023 -0.00000065 -0.00550000
v 0.01699172 -0.00418868 -0.00550000
v -0.00660685 -0.01742209 -0.00369806
v -0.01058408 -0.01533468 -0.00369806
v -0.01082422 -0.01568258 -0.00355014
v 0.01704040 -0.00420068 -0.00505496
v 0.01699172 -0.00418868 -0.00550000
v 0.01549571 -0.00813331 -0.00550000
v 0.01704040 -0.00420068 -0.00505496
v 0.01554011 -0.00815661 -0.00505496
v 0.01567109 -0.00822535 -0.00463223
v 0.00636055 -0.01677142 -0.00425302
v 0.00216222 -0.01780621 -0.00425302
v 0.00220039 -0.01812059 -0.00393634
v 0.01718402 -0.00423608 -0.00463223
v 0.01426307 -0.01263643 -0.00355014
v 0.01082468 -0.01568258 -0.00355014
v 0.01107750 -0.01604884 -0.00350000
v -0.01018877 -0.01476197 -0.00425302
v -0.01366235 -0.01210464 -0.00393634
v -0.01036866 -0.01502259 -0.00393634
v 0.01704040 -0.00420068 -0.00505496
v 0.01718402 -0.00423608 -0.00463223
v 0.01769830 -0.00000065 -0.00463223
v 0.01554011 -0.00815661 -0.00505496
v 0.01459619 -0.01293154 -0.00350000
v -0.01342531 -0.01189464 -0.00425302
v -0.00229659 -0.01891668 -0.00355014
v -0.00691456 -0.01823347 -0.00350000
v -0.00235023 -0.01935847 -0.00350000
v 0.00211567 -0.01742284 -0.00505496
v -0.00211520 -0.01742284 -0.00505496
v -0.00213303 -0.01756968 -0.00463223
v 0.00211567 -0.01742284 -0.00505496
v 0.00210963 -0.01737306 -0.00550000
v -0.00210916 -0.01737306 -0.00550000
v -0.00211520 -0.01742284 -0.00505496
v -0.00675675 -0.01781735 -0.00355014
v 0.00213350 -0.01756968 -0.00463223
v -0.01313624 -0.01163855 -0.00505496
v -0.01309870 -0.01160530 -0.00550000
v -0.01549525 -0.00813331 -0.00550000
v -0.01850102 -0.00456080 -0.00355014
v -0.01905472 -0.00000065 -0.00355014
v -0.01949977 -0.00000065 -0.00350000
v 0.01036913 -0.01502259 -0.00393634
v 0.00660732 -0.01742209 -0.00369806
v 0.01058455 -0.01533468 -0.00369806
v -0.01313624 -0.01163855 -0.00505496
v -0.01567062 -0.00822535 -0.00463223
v -0.01324696 -0.01173664 -0.00463223
v -0.01553965 -0.00815661 -0.00505496
v -0.01553965 -0.00815661 -0.00505496
v 0.00647284 -0.01706752 -0.00393634
v -0.01893313 -0.00466731 -0.00350000
v -0.00647238 -0.01706752 -0.00393634
v -0.01036866 -0.01502259 -0.00393634
v -0.01058408 -0.01533468 -0.00369806
v 0.00627605 -0.01654863 -0.00463223
v 0.00216222 -0.01780621 -0.00425302
v 0.00636055 -0.01677142 -0.00425302
v -0.01809058 -0.00445964 -0.00369806
v -0.01863200 -0.00000065 -0.00369806
v -0.01905472 -0.00000065 -0.00355014
v -0.00660685 -0.01742209 -0.00369806
v 0.00213350 -0.01756968 -0.00463223
v -0.01005341 -0.01456587 -0.00463223
v -0.01324696 -0.01173664 -0.00463223
v -0.01342531 -0.01189464 -0.00425302
v -0.01018877 -0.01476197 -0.00425302
v -0.01850102 -0.00456080 -0.00355014
v 0.01394666 -0.01235611 -0.00369806
v 0.01082468 -0.01568258 -0.00355014
v 0.01426307 -0.01263643 -0.00355014
v -0.01687209 -0.00885593 -0.00355014
v -0.01893313 -0.00466731 -0.00350000
v -0.01726616 -0.00906275 -0.00350000
v 0.01058455 -0.01533468 -0.00369806
v -0.00224563 -0.01849703 -0.00369806
v -0.00660685 -0.01742209 -0.00369806
v -0.00675675 -0.01781735 -0.00355014
v 0.01018923 -0.01476197 -0.00425302
v 0.00636055 -0.01677142 -0.00425302
v 0.00647284 -0.01706752 -0.00393634
v -0.00229659 -0.01891668 -0.00355014
v -0.01850102 -0.00456080 -0.00355014
v -0.01772239 -0.00436889 -0.00393634
v -0.01825279 -0.00000065 -0.00393634
v -0.01863200 -0.00000065 -0.00369806
v 0.01036913 -0.01502259 -0.00393634
v -0.00636008 -0.01677142 -0.00425302
v -0.01018877 -0.01476197 -0.00425302
v -0.01036866 -0.01502259 -0.00393634
v -0.00647238 -0.01706752 -0.00393634
v 0.01687256 -0.00885593 -0.00355014
v 0.01459619 -0.01293154 -0.00350000
v 0.01726663 -0.00906275 -0.00350000
v -0.01809058 -0.00445964 -0.00369806
v -0.01649779 -0.00865948 -0.00369806
v -0.01850102 -0.00456080 -0.00355014
v -0.01687209 -0.00885593 -0.00355014
v 0.01426307 -0.01263643 -0.00355014
v 0.00229705 -0.01891668 -0.00355014
v -0.00235023 -0.01935847 -0.00350000
v 0.00235070 -0.01935847 -0.00350000
v 0.00622360 -0.01641032 -0.00505496
v 0.00211567 -0.01742284 -0.00505496
v 0.00213350 -0.01756968 -0.00463223
v -0.00229659 -0.01891668 -0.00355014
v 0.00627605 -0.01654863 -0.00463223
v -0.01809058 -0.00445964 -0.00369806
v -0.01699125 -0.00418868 -0.00550000
v -0.01749977 -0.00000065 -0.00550000
v -0.01754991 -0.00000065 -0.00505496
v 0.00622360 -0.01641032 -0.00505496
v 0.00620582 -0.01636344 -0.00550000
v 0.00210963 -0.01737306 -0.00550000
v -0.01741491 -0.00429310 -0.00425302
v -0.01793610 -0.00000065 -0.00425302
v -0.01825279 -0.00000065 -0.00393634
v 0.00211567 -0.01742284 -0.00505496
v -0.00996938 -0.01444414 -0.00505496
v -0.01309870 -0.01160530 -0.00550000
v -0.01313624 -0.01163855 -0.00505496
v 0.01366282 -0.01210464 -0.00393634
v 0.01036913 -0.01502259 -0.00393634
v 0.01058455 -0.01533468 -0.00369806
v -0.00994090 -0.01440287 -0.00550000
v -0.00996938 -0.01444414 -0.00505496
v -0.01313624 -0.01163855 -0.00505496
v -0.01324696 -0.01173664 -0.00463223
v 0.01394666 -0.01235611 -0.00369806
v -0.01005341 -0.01456587 -0.00463223
v -0.01772239 -0.00436889 -0.00393634
v -0.00219993 -0.01812059 -0.00393634
v -0.00660685 -0.01742209 -0.00369806
v -0.00224563 -0.01849703 -0.00369806
v -0.01426261 -0.01263643 -0.00355014
v -0.01687209 -0.00885593 -0.00355014
v -0.01726616 -0.00906275 -0.00350000
v 0.01005388 -0.01456587 -0.00463223
v 0.00627605 -0.01654863 -0.00463223
v 0.00636055 -0.01677142 -0.00425302
v -0.01459573 -0.01293154 -0.00350000
v -0.00647238 -0.01706752 -0.00393634
v -0.00627559 -0.01654863 -0.00463223
v -0.01005341 -0.01456587 -0.00463223
v -0.01018877 -0.01476197 -0.00425302
v 0.01018923 -0.01476197 -0.00425302
v -0.00636008 -0.01677142 -0.00425302
v 0.01649826 -0.00865948 -0.00369806
v 0.01394666 -0.01235611 -0.00369806
v 0.01426307 -0.01263643 -0.00355014
v -0.01616201 -0.00848325 -0.00393634
v -0.01772239 -0.00436889 -0.00393634
v -0.01809058 -0.00445964 -0.00369806
v -0.01649779 -0.00865948 -0.00369806
v 0.00224610 -0.01849703 -0.00369806
v -0.00229659 -0.01891668 -0.00355014
v 0.00229705 -0.01891668 -0.00355014
v -0.01718356 -0.00423608 -0.00463223
v -0.01769783 -0.00000065 -0.00463223
v -0.01793610 -0.00000065 -0.00425302
v 0.01687256 -0.00885593 -0.00355014
v -0.01741491 -0.00429310 -0.00425302
v -0.00224563 -0.01849703 -0.00369806
v 0.01342577 -0.01189464 -0.00425302
v 0.01018923 -0.01476197 -0.00425302
v 0.01036913 -0.01502259 -0.00393634
v 0.01366282 -0.01210464 -0.00393634
v -0.01394619 -0.01235611 -0.00369806
v -0.01649779 -0.00865948 -0.00369806
v -0.01687209 -0.00885593 -0.00355014
v -0.00216175 -0.01780621 -0.00425302
v -0.00636008 -0.01677142 -0.00425302
v -0.00647238 -0.01706752 -0.00393634
v 0.01850149 -0.00456080 -0.00355014
v 0.01893360 -0.00466731 -0.00350000
v 0.01950023 -0.00000065 -0.00350000
v -0.00219993 -0.01812059 -0.00393634
v 0.01850149 -0.00456080 -0.00355014
v 0.01726663 -0.00906275 -0.00350000
v 0.01893360 -0.00466731 -0.00350000
v 0.01905519 -0.00000065 -0.00355014
v -0.01426261 -0.01263643 -0.00355014
v 0.01687256 -0.00885593 -0.00355014
v 0.00675722 -0.01781735 -0.00355014
v 0.00235070 -0.01935847 -0.00350000
v 0.00691503 -0.01823347 -0.00350000
v -0.01588160 -0.00833608 -0.00425302
v -0.01772239 -0.00436889 -0.00393634
v -0.01616201 -0.00848325 -0.00393634
v 0.00996985 -0.01444414 -0.00505496
v 0.00622360 -0.01641032 -0.00505496
v 0.00627605 -0.01654863 -0.00463223
v 0.00229705 -0.01891668 -0.00355014
v -0.01741491 -0.00429310 -0.00425302
v 0.00996985 -0.01444414 -0.00505496
v 0.00994137 -0.01440287 -0.00550000
v 0.00620582 -0.01636344 -0.00550000
v 0.00622360 -0.01641032 -0.00505496
v -0.00622313 -0.01641032 -0.00505496
v -0.00620535 -0.01636344 -0.00550000
v -0.00994090 -0.01440287 -0.00550000
v 0.01005388 -0.01456587 -0.00463223
v -0.00996938 -0.01444414 -0.00505496
v -0.01082422 -0.01568258 -0.00355014
v -0.01459573 -0.01293154 -0.00350000
v -0.01107703 -0.01604884 -0.00350000
v -0.00622313 -0.01641032 -0.00505496
v -0.00996938 -0.01444414 -0.00505496
v -0.01005341 -0.01456587 -0.00463223
v -0.00627559 -0.01654863 -0.00463223
v -0.01426261 -0.01263643 -0.00355014
v 0.01616248 -0.00848325 -0.00393634
v 0.01394666 -0.01235611 -0.00369806
v 0.01649826 -0.00865948 -0.00369806
v 0.01366282 -0.01210464 -0.00393634
v -0.01703993 -0.00420068 -0.00505496
v -0.01754991 -0.00000065 -0.00505496
v -0.01769783 -0.00000065 -0.00463223
v 0.00220039 -0.01812059 -0.00393634
v -0.00219993 -0.01812059 -0.00393634
v -0.00224563 -0.01849703 -0.00369806
v 0.00224610 -0.01849703 -0.00369806
v -0.01703993 -0.00420068 -0.00505496
v -0.01718356 -0.00423608 -0.00463223
v 0.01324742 -0.01173664 -0.00463223
v 0.01005388 -0.01456587 -0.00463223
v 0.01018923 -0.01476197 -0.00425302
v -0.01366235 -0.01210464 -0.00393634
v -0.01616201 -0.00848325 -0.00393634
v -0.01649779 -0.00865948 -0.00369806
v -0.00213303 -0.01756968 -0.00463223
v -0.00627559 -0.01654863 -0.00463223
v -0.00636008 -0.01677142 -0.00425302
v 0.01342577 -0.01189464 -0.00425302
v -0.00216175 -0.01780621 -0.00425302
v 0.01809105 -0.00445964 -0.00369806
v 0.01850149 -0.00456080 -0.00355014
v 0.01905519 -0.00000065 -0.00355014
v -0.01394619 -0.01235611 -0.00369806
v 0.01863247 -0.00000065 -0.00369806
v 0.01809105 -0.00445964 -0.00369806
v 0.01649826 -0.00865948 -0.00369806
v 0.01687256 -0.00885593 -0.00355014
v 0.01850149 -0.00456080 -0.00355014
v 0.00660732 -0.01742209 -0.00369806
v 0.00224610 -0.01849703 -0.00369806
v 0.00229705 -0.01891668 -0.00355014
v -0.01567062 -0.00822535 -0.00463223
v -0.01741491 -0.00429310 -0.00425302
v -0.01588160 -0.00833608 -0.00425302
v 0.00675722 -0.01781735 -0.00355014
v -0.01718356 -0.00423608 -0.00463223
v -0.01058408 -0.01533468 -0.00369806
v -0.01426261 -0.01263643 -0.00355014
v -0.01082422 -0.01568258 -0.00355014
v 0.01588207 -0.00833608 -0.00425302
v 0.01342577 -0.01189464 -0.00425302
v 0.01366282 -0.01210464 -0.00393634
v 0.01616248 -0.00848325 -0.00393634
v 0.00216222 -0.01780621 -0.00425302
v -0.00219993 -0.01812059 -0.00393634
v 0.00220039 -0.01812059 -0.00393634
v -0.01394619 -0.01235611 -0.00369806
v -0.00216175 -0.01780621 -0.00425302
v 0.01313671 -0.01163855 -0.00505496
v 0.01309917 -0.01160530 -0.00550000
v 0.00994137 -0.01440287 -0.00550000
v 0.01313671 -0.01163855 -0.00505496
v 0.01005388 -0.01456587 -0.00463223
v 0.01324742 -0.01173664 -0.00463223
v 0.00996985 -0.01444414 -0.00505496
v 0.01082468 -0.01568258 -0.00355014
v 0.00691503 -0.01823347 -0.00350000
v 0.01107750 -0.01604884 -0.00350000
v -0.01342531 -0.01189464 -0.00425302
v -0.01588160 -0.00833608 -0.00425302
v -0.01616201 -0.00848325 -0.00393634
v 0.00996985 -0.01444414 -0.00505496
v 0.01772285 -0.00436889 -0.00393634
v 0.01649826 -0.00865948 -0.00369806
v 0.01809105 -0.00445964 -0.00369806
v 0.01616248 -0.00848325 -0.00393634
v 0.01772285 -0.00436889 -0.00393634
v 0.01863247 -0.00000065 -0.00369806
v 0.01825325 -0.00000065 -0.00393634
v 0.00675722 -0.01781735 -0.00355014
v -0.01366235 -0.01210464 -0.00393634
v -0.00211520 -0.01742284 -0.00505496
v -0.00210916 -0.01737306 -0.00550000
v -0.00620535 -0.01636344 -0.00550000
v -0.00675675 -0.01781735 -0.00355014
v -0.01107703 -0.01604884 -0.00350000
v -0.00691456 -0.01823347 -0.00350000
v 0.01809105 -0.00445964 -0.00369806
v -0.00622313 -0.01641032 -0.00505496
v 0.01567109 -0.00822535 -0.00463223
v 0.01342577 -0.01189464 -0.00425302
v 0.01588207 -0.00833608 -0.00425302
v -0.00211520 -0.01742284 -0.00505496
v -0.00627559 -0.01654863 -0.00463223
v -0.00213303 -0.01756968 -0.00463223
v -0.00622313 -0.01641032 -0.00505496
v -0.01082422 -0.01568258 -0.00355014
v 0.01324742 -0.01173664 -0.00463223
v -0.01553965 -0.00815661 -0.00505496
v -0.01549525 -0.00813331 -0.00550000
v -0.01699125 -0.00418868 -0.00550000
v -0.01553965 -0.00815661 -0.00505496
v -0.01703993 -0.00420068 -0.00505496
v -0.01718356 -0.00423608 -0.00463223
v -0.01567062 -0.00822535 -0.00463223
v 0.01741537 -0.00429310 -0.00425302
v 0.01825325 -0.00000065 -0.00393634
v 0.01793657 -0.00000065 -0.00425302
v 0.00647284 -0.01706752 -0.00393634
v 0.00220039 -0.01812059 -0.00393634
v 0.00224610 -0.01849703 -0.00369806
v 0.00660732 -0.01742209 -0.00369806
v -0.01703993 -0.00420068 -0.00505496
v -0.01036866 -0.01502259 -0.00393634
v -0.01394619 -0.01235611 -0.00369806
v -0.01058408 -0.01533468 -0.00369806
v 0.01772285 -0.00436889 -0.00393634
v 0.01741537 -0.00429310 -0.00425302
v 0.01616248 -0.00848325 -0.00393634
v 0.01772285 -0.00436889 -0.00393634
v 0.01588207 -0.00833608 -0.00425302
v -0.01366235 -0.01210464 -0.00393634
v 0.00213350 -0.01756968 -0.00463223
v -0.00213303 -0.01756968 -0.00463223
v -0.00216175 -0.01780621 -0.00425302
v 0.01554011 -0.00815661 -0.00505496
v 0.01313671 -0.01163855 -0.00505496
v 0.01324742 -0.01173664 -0.00463223
v 0.00216222 -0.01780621 -0.00425302
v 0.01058455 -0.01533468 -0.00369806
v 0.00675722 -0.01781735 -0.00355014
v 0.01082468 -0.01568258 -0.00355014
v -0.01324696 -0.01173664 -0.00463223
v -0.01588160 -0.00833608 -0.00425302
v -0.01342531 -0.01189464 -0.00425302
v 0.01554011 -0.00815661 -0.00505496
v 0.01549571 -0.00813331 -0.00550000
v 0.01309917 -0.01160530 -0.00550000
v 0.01313671 -0.01163855 -0.00505496
v 0.01567109 -0.00822535 -0.00463223
v 0.01718402 -0.00423608 -0.00463223
v 0.01793657 -0.00000065 -0.00425302
v 0.01769830 -0.00000065 -0.00463223
v -0.01567062 -0.00822535 -0.00463223
v 0.01718402 -0.00423608 -0.00463223
v 0.01567109 -0.00822535 -0.00463223
v 0.01588207 -0.00833608 -0.00425302
v 0.00660732 -0.01742209 -0.00369806
v 0.01741537 -0.00429310 -0.00425302
v 0.00647284 -0.01706752 -0.00393634
v -0.00675675 -0.01781735 -0.00355014
v 0.01741537 -0.00429310 -0.00425302
v 0.01755038 -0.00000065 -0.00505496
v 0.01755038 -0.00000065 -0.00505496
v 0.01750023 -0.00000065 -0.02050000
v 0.01699172 0.00418737 -0.02050000
v 0.01750023 -0.00000065 -0.02450000
v 0.01699172 0.00418737 -0.02450000
v 0.01699172 0.00418737 -0.02450000
v 0.01549571 0.00813200 -0.02050000
v 0.01549571 0.00813200 -0.02450000
v 0.01699172 0.00418737 -0.02050000
v 0.01549571 0.00813200 -0.02450000
v 0.01309917 0.01160399 -0.02050000
v 0.01309917 0.01160399 -0.02450000
v 0.01549571 0.00813200 -0.02050000
v 0.01309917 0.01160399 -0.02450000
v 0.00994137 0.01440157 -0.02050000
v 0.00994137 0.01440157 -0.02450000
v 0.01309917 0.01160399 -0.02050000
v 0.00994137 0.01440157 -0.02450000
v 0.00620582 0.01636213 -0.02050000
v 0.00620582 0.01636213 -0.02450000
v 0.00994137 0.01440157 -0.02050000
v 0.00620582 0.01636213 -0.02450000
v 0.00210963 0.01737175 -0.02050000
v 0.00210963 0.01737175 -0.02450000
v 0.00620582 0.01636213 -0.02050000
v 0.00210963 0.01737175 -0.02450000
v -0.00210916 0.01737175 -0.02050000
v -0.00210916 0.01737175 -0.02450000
v 0.00210963 0.01737175 -0.02050000
v -0.00210916 0.01737175 -0.02450000
v -0.00620535 0.01636213 -0.02050000
v -0.00620535 0.01636213 -0.02450000
v -0.00210916 0.01737175 -0.02050000
v -0.00620535 0.01636213 -0.02450000
v -0.00994090 0.01440157 -0.02050000
v -0.00994090 0.01440157 -0.02450000
v -0.00620535 0.01636213 -0.02050000
v -0.00994090 0.01440157 -0.02450000
v -0.01309870 0.01160399 -0.02050000
v -0.01309870 0.01160399 -0.02450000
v -0.00994090 0.01440157 -0.02050000
v -0.01309870 0.01160399 -0.02450000
v -0.01549525 0.00813200 -0.02050000
v -0.01549525 0.00813200 -0.02450000
v -0.01309870 0.01160399 -0.02050000
v -0.01549525 0.00813200 -0.02450000
v -0.01699125 0.00418737 -0.02050000
v -0.01699125 0.00418737 -0.02450000
v -0.01549525 0.00813200 -0.02050000
v -0.01699125 0.00418737 -0.02450000
v -0.01749977 -0.00000065 -0.02050000
v -0.01749977 -0.00000065 -0.02450000
v -0.01699125 0.00418737 -0.02050000
v 0.01750023 -0.00000065 -0.00550000
v 0.01699172 0.00418737 -0.00550000
v 0.01750023 -0.00000065 -0.00950000
v 0.01699172 0.00418737 -0.00950000
v 0.01699172 0.00418737 -0.00950000
v 0.01549571 0.00813200 -0.00550000
v 0.01549571 0.00813200 -0.00950000
v 0.01699172 0.00418737 -0.00550000
v 0.01549571 0.00813200 -0.00950000
v 0.01309917 0.01160399 -0.00550000
v 0.01309917 0.01160399 -0.00950000
v 0.01549571 0.00813200 -0.00550000
v 0.01309917 0.01160399 -0.00950000
v 0.00994137 0.01440157 -0.00550000
v 0.00994137 0.01440157 -0.00950000
v 0.01309917 0.01160399 -0.00550000
v 0.00994137 0.01440157 -0.00950000
v 0.00620582 0.01636213 -0.00550000
v 0.00620582 0.01636213 -0.00950000
v 0.00994137 0.01440157 -0.00550000
v 0.00620582 0.01636213 -0.00950000
v 0.00210963 0.01737175 -0.00550000
v 0.00210963 0.01737175 -0.00950000
v 0.00620582 0.01636213 -0.00550000
v 0.00210963 0.01737175 -0.00950000
v -0.00210916 0.01737175 -0.00550000
v -0.00210916 0.01737175 -0.00950000
v 0.00210963 0.01737175 -0.00550000
v -0.00210916 0.01737175 -0.00950000
v -0.00620535 0.01636213 -0.00550000
v -0.00620535 0.01636213 -0.00950000
v -0.00210916 0.01737175 -0.00550000
v -0.00620535 0.01636213 -0.00950000
v -0.00994090 0.01440157 -0.00550000
v -0.00994090 0.01440157 -0.00950000
v -0.00620535 0.01636213 -0.00550000
v -0.00994090 0.01440157 -0.00950000
v -0.01309870 0.01160399 -0.00550000
v -0.01309870 0.01160399 -0.00950000
v -0.00994090 0.01440157 -0.00550000
v -0.01309870 0.01160399 -0.00950000
v -0.01549525 0.00813200 -0.00550000
v -0.01549525 0.00813200 -0.00950000
v -0.01309870 0.01160399 -0.00550000
v -0.01549525 0.00813200 -0.00950000
v -0.01699125 0.00418737 -0.00550000
v -0.01699125 0.00418737 -0.00950000
v -0.01549525 0.00813200 -0.00550000
v -0.01699125 0.00418737 -0.00950000
v -0.01749977 -0.00000065 -0.00550000
v -0.01749977 -0.00000065 -0.00950000
v -0.01699125 0.00418737 -0.00550000
v -0.01549525 -0.00813331 -0.02050000
v -0.00664069 -0.00348608 -0.02050000
v -0.01309870 -0.01160530 -0.02050000
v 0.00620582 0.01636213 -0.02050000
v 0.00994137 0.01440157 -0.02050000
v 0.00265977 0.00701197 -0.02050000
v 0.00426072 -0.00617303 -0.02050000
v 0.01309917 -0.01160530 -0.02050000
v 0.00994137 -0.01440287 -0.02050000
v 0.00561407 -0.00497407 -0.02050000
v -0.01699125 -0.00418868 -0.02050000
v -0.00749977 -0.00000065 -0.02050000
v -0.00728183 -0.00179552 -0.02050000
v 0.00664115 -0.00348608 -0.02050000
v 0.01549571 -0.00813331 -0.02050000
v 0.00210963 0.01737175 -0.02050000
v 0.00090426 0.00744466 -0.02050000
v 0.00265977 -0.00701327 -0.02050000
v 0.00620582 -0.01636344 -0.02050000
v 0.00210963 -0.01737306 -0.02050000
v -0.01749977 -0.00000065 -0.02050000
v 0.00728230 -0.00179552 -0.02050000
v 0.01699172 -0.00418868 -0.02050000
v -0.00210916 0.01737175 -0.02050000
v -0.00090379 0.00744466 -0.02050000
v 0.00090426 -0.00744597 -0.02050000
v -0.01699125 0.00418737 -0.02050000
v -0.00664069 0.00348477 -0.02050000
v -0.00728183 0.00179422 -0.02050000
v 0.00750023 -0.00000065 -0.02050000
v 0.01750023 -0.00000065 -0.02050000
v -0.00620535 0.01636213 -0.02050000
v -0.00265930 0.00701197 -0.02050000
v -0.00090379 -0.00744597 -0.02050000
v -0.00210916 -0.01737306 -0.02050000
v -0.00620535 -0.01636344 -0.02050000
v -0.01549525 0.00813200 -0.02050000
v -0.00561360 0.00497277 -0.02050000
v -0.00994090 0.01440157 -0.02050000
v -0.00426025 0.00617173 -0.02050000
v 0.00728230 0.00179422 -0.02050000
v 0.01699172 0.00418737 -0.02050000
v -0.01309870 0.01160399 -0.02050000
v -0.00265930 -0.00701327 -0.02050000
v 0.00664115 0.00348477 -0.02050000
v 0.01549571 0.00813200 -0.02050000
v -0.00426025 -0.00617303 -0.02050000
v -0.00994090 -0.01440287 -0.02050000
v 0.00561407 0.00497277 -0.02050000
v 0.01309917 0.01160399 -0.02050000
v -0.00561360 -0.00497407 -0.02050000
v 0.00426072 0.00617173 -0.02050000
v 0.01549571 -0.00813331 -0.00950000
v 0.00664115 -0.00348608 -0.00950000
v 0.01309917 -0.01160530 -0.00950000
v -0.00620535 0.01636213 -0.00950000
v -0.00426025 0.00617173 -0.00950000
v -0.00265930 0.00701197 -0.00950000
v -0.00994090 0.01440157 -0.00950000
v -0.00561360 -0.00497407 -0.00950000
v -0.01309870 -0.01160530 -0.00950000
v -0.00994090 -0.01440287 -0.00950000
v 0.01699172 -0.00418868 -0.00950000
v 0.00728230 -0.00179552 -0.00950000
v -0.00426025 -0.00617303 -0.00950000
v -0.00210916 0.01737175 -0.00950000
v -0.00090379 0.00744466 -0.00950000
v -0.00664069 -0.00348608 -0.00950000
v -0.01549525 -0.00813331 -0.00950000
v -0.01699125 -0.00418868 -0.00950000
v 0.01750023 -0.00000065 -0.00950000
v 0.00750023 -0.00000065 -0.00950000
v 0.00210963 0.01737175 -0.00950000
v 0.00090426 0.00744466 -0.00950000
v 0.00265977 0.00701197 -0.00950000
v -0.00265930 -0.00701327 -0.00950000
v -0.00620535 -0.01636344 -0.00950000
v 0.01699172 0.00418737 -0.00950000
v 0.00664115 0.00348477 -0.00950000
v 0.00728230 0.00179422 -0.00950000
v -0.00728183 -0.00179552 -0.00950000
v 0.00620582 0.01636213 -0.00950000
v -0.00090379 -0.00744597 -0.00950000
v -0.00210916 -0.01737306 -0.00950000
v -0.00749977 -0.00000065 -0.00950000
v -0.01749977 -0.00000065 -0.00950000
v 0.01549571 0.00813200 -0.00950000
v 0.00994137 0.01440157 -0.00950000
v 0.00426072 0.00617173 -0.00950000
v 0.00090426 -0.00744597 -0.00950000
v 0.00210963 -0.01737306 -0.00950000
v 0.00620582 -0.01636344 -0.00950000
v 0.01309917 0.01160399 -0.00950000
v 0.00561407 0.00497277 -0.00950000
v -0.00728183 0.00179422 -0.00950000
v -0.01699125 0.00418737 -0.00950000
v 0.00265977 -0.00701327 -0.00950000
v -0.00664069 0.00348477 -0.00950000
v -0.01549525 0.00813200 -0.00950000
v 0.00426072 -0.00617303 -0.00950000
v 0.00994137 -0.01440287 -0.00950000
v -0.00561360 0.00497277 -0.00950000
v -0.01309870 0.01160399 -0.00950000
v 0.00561407 -0.00497407 -0.00950000
v 0.00750023 -0.00000065 -0.02050000
v 0.00750023 -0.00000065 -0.00950000
v 0.00728230 0.00179422 -0.02050000
v 0.00728230 0.00179422 -0.02050000
v 0.00728230 0.00179422 -0.00950000
v 0.00664115 0.00348477 -0.02050000
v 0.00728230 0.00179422 -0.00950000
v 0.00664115 0.00348477 -0.02050000
v 0.00664115 0.00348477 -0.00950000
v 0.00561407 0.00497277 -0.02050000
v 0.00664115 0.00348477 -0.00950000
v 0.00561407 0.00497277 -0.02050000
v 0.00561407 0.00497277 -0.00950000
v 0.00426072 0.00617173 -0.02050000
v 0.00561407 0.00497277 -0.00950000
v 0.00426072 0.00617173 -0.02050000
v 0.00426072 0.00617173 -0.00950000
v 0.00265977 0.00701197 -0.02050000
v 0.00426072 0.00617173 -0.00950000
v 0.00265977 0.00701197 -0.02050000
v 0.00265977 0.00701197 -0.00950000
v 0.00090426 0.00744466 -0.02050000
v 0.00265977 0.00701197 -0.00950000
v 0.00090426 0.00744466 -0.02050000
v 0.00090426 0.00744466 -0.00950000
v -0.00090379 0.00744466 -0.02050000
v 0.00090426 0.00744466 -0.00950000
v -0.00090379 0.00744466 -0.02050000
v -0.00090379 0.00744466 -0.00950000
v -0.00265930 0.00701197 -0.02050000
v -0.00090379 0.00744466 -0.00950000
v -0.00265930 0.00701197 -0.02050000
v -0.00265930 0.00701197 -0.00950000
v -0.00426025 0.00617173 -0.02050000
v -0.00265930 0.00701197 -0.00950000
v -0.00426025 0.00617173 -0.02050000
v -0.00426025 0.00617173 -0.00950000
v -0.00561360 0.00497277 -0.02050000
v -0.00426025 0.00617173 -0.00950000
v -0.00561360 0.00497277 -0.02050000
v -0.00561360 0.00497277 -0.00950000
v -0.00664069 0.00348477 -0.02050000
v -0.00561360 0.00497277 -0.00950000
v -0.00664069 0.00348477 -0.02050000
v -0.00664069 0.00348477 -0.00950000
v -0.00728183 0.00179422 -0.02050000
v -0.00664069 0.00348477 -0.00950000
v -0.00728183 0.00179422 -0.02050000
v -0.00728183 0.00179422 -0.00950000
v -0.00749977 -0.00000065 -0.02050000
v -0.00728183 0.00179422 -0.00950000
v -0.00749977 -0.00000065 -0.00950000
v 0.02670113 0.00658053 0.02650000
v 0.02750023 -0.00000065 0.00350000
v 0.02670113 0.00658053 0.00350000
v 0.02750023 -0.00000065 0.02650000
v 0.02435028 0.01277923 0.02650000
v 0.02670113 0.00658053 0.00350000
v 0.02435028 0.01277923 0.00350000
v 0.02670113 0.00658053 0.02650000
v 0.02058428 0.01823522 0.02650000
v 0.02435028 0.01277923 0.00350000
v 0.02058428 0.01823522 0.00350000
v 0.02435028 0.01277923 0.02650000
v 0.01562201 0.02263140 0.02650000
v 0.02058428 0.01823522 0.00350000
v 0.01562201 0.02263140 0.00350000
v 0.02058428 0.01823522 0.02650000
v 0.00975187 0.02571230 0.02650000
v 0.01562201 0.02263140 0.00350000
v 0.00975187 0.02571230 0.00350000
v 0.01562201 0.02263140 0.02650000
v 0.00331499 0.02729884 0.02650000
v 0.00975187 0.02571230 0.00350000
v 0.00331499 0.02729884 0.00350000
v 0.00975187 0.02571230 0.02650000
v -0.00331452 0.02729884 0.02650000
v 0.00331499 0.02729884 0.00350000
v -0.00331452 0.02729884 0.00350000
v 0.00331499 0.02729884 0.02650000
v -0.00975140 0.02571230 0.02650000
v -0.00331452 0.02729884 0.00350000
v -0.00975140 0.02571230 0.00350000
v -0.00331452 0.02729884 0.02650000
v -0.01562155 0.02263140 0.02650000
v -0.00975140 0.02571230 0.00350000
v -0.01562155 0.02263140 0.00350000
v -0.00975140 0.02571230 0.02650000
v -0.02058381 0.01823522 0.02650000
v -0.01562155 0.02263140 0.00350000
v -0.02058381 0.01823522 0.00350000
v -0.01562155 0.02263140 0.02650000
v -0.02434981 0.01277923 0.02650000
v -0.02058381 0.01823522 0.00350000
v -0.02434981 0.01277923 0.00350000
v -0.02058381 0.01823522 0.02650000
v -0.02670067 0.00658053 0.02650000
v -0.02434981 0.01277923 0.00350000
v -0.02670067 0.00658053 0.00350000
v -0.02434981 0.01277923 0.02650000
v -0.02749977 -0.00000065 0.02650000
v -0.02670067 0.00658053 0.00350000
v -0.02749977 -0.00000065 0.00350000
v -0.02670067 0.00658053 0.02650000
v -0.01703993 0.00419937 0.02494504
v -0.01699125 0.00418737 0.02450000
v -0.01549525 0.00813200 0.02450000
v -0.01553965 0.00815531 0.02494504
v -0.01703993 0.00419937 0.02494504
v -0.01718356 0.00423477 0.02536777
v -0.01769783 -0.00000065 0.02536777
v -0.00636008 0.01677011 0.02574698
v -0.00216175 0.01780491 0.02574698
v -0.00219993 0.01811928 0.02606366
v 0.01018923 0.01476066 0.02574698
v 0.01342577 0.01189334 0.02574698
v 0.01366282 0.01210334 0.02606366
v -0.01703993 0.00419937 0.02494504
v -0.01553965 0.00815531 0.02494504
v -0.01567062 0.00822405 0.02536777
v 0.01036913 0.01502129 0.02606366
v -0.01718356 0.00423477 0.02536777
v -0.01426261 0.01263512 0.02644986
v -0.01107703 0.01604753 0.02650000
v -0.01459573 0.01293024 0.02650000
v -0.01082422 0.01568127 0.02644986
v 0.00229705 0.01891537 0.02644986
v 0.00691503 0.01823216 0.02650000
v 0.00235070 0.01935717 0.02650000
v -0.00211520 0.01742153 0.02494504
v 0.00211567 0.01742153 0.02494504
v 0.00213350 0.01756837 0.02536777
v -0.00211520 0.01742153 0.02494504
v -0.00210916 0.01737175 0.02450000
v 0.00210963 0.01737175 0.02450000
v 0.00211567 0.01742153 0.02494504
v -0.01749977 -0.00000065 0.02450000
v -0.01699125 0.00418737 0.02450000
v -0.01754991 -0.00000065 0.02494504
v 0.00675722 0.01781604 0.02644986
v -0.00213303 0.01756837 0.02536777
v 0.01313671 0.01163725 0.02494504
v 0.01309917 0.01160399 0.02450000
v 0.01549571 0.00813200 0.02450000
v -0.01036866 0.01502129 0.02606366
v -0.00660685 0.01742079 0.02630194
v -0.01058408 0.01533337 0.02630194
v 0.01313671 0.01163725 0.02494504
v 0.01554011 0.00815531 0.02494504
v 0.01567109 0.00822405 0.02536777
v 0.01850149 0.00455950 0.02644986
v 0.01950023 -0.00000065 0.02650000
v 0.01893360 0.00466600 0.02650000
v 0.01324742 0.01173533 0.02536777
v 0.01905519 -0.00000065 0.02644986
v 0.01554011 0.00815531 0.02494504
v -0.00647238 0.01706622 0.02606366
v 0.00647284 0.01706622 0.02606366
v 0.01058455 0.01533337 0.02630194
v 0.00660732 0.01742079 0.02630194
v -0.00627559 0.01654732 0.02536777
v -0.00216175 0.01780491 0.02574698
v -0.00636008 0.01677011 0.02574698
v 0.01036913 0.01502129 0.02606366
v 0.01809105 0.00445833 0.02630194
v 0.01863247 -0.00000065 0.02630194
v 0.01905519 -0.00000065 0.02644986
v -0.00213303 0.01756837 0.02536777
v 0.01005388 0.01456457 0.02536777
v 0.01324742 0.01173533 0.02536777
v 0.01342577 0.01189334 0.02574698
v 0.01850149 0.00455950 0.02644986
v -0.01394619 0.01235480 0.02630194
v -0.01058408 0.01533337 0.02630194
v -0.01082422 0.01568127 0.02644986
v 0.01018923 0.01476066 0.02574698
v 0.01687256 0.00885463 0.02644986
v 0.01893360 0.00466600 0.02650000
v 0.01726663 0.00906145 0.02650000
v -0.01426261 0.01263512 0.02644986
v 0.00224610 0.01849573 0.02630194
v 0.00660732 0.01742079 0.02630194
v 0.00675722 0.01781604 0.02644986
v 0.01850149 0.00455950 0.02644986
v -0.01018877 0.01476066 0.02574698
v -0.00636008 0.01677011 0.02574698
v -0.00647238 0.01706622 0.02606366
v 0.00229705 0.01891537 0.02644986
v 0.01772285 0.00436758 0.02606366
v 0.01863247 -0.00000065 0.02630194
v 0.01809105 0.00445833 0.02630194
v -0.01036866 0.01502129 0.02606366
v 0.01825325 -0.00000065 0.02606366
v 0.00636055 0.01677011 0.02574698
v 0.01036913 0.01502129 0.02606366
v 0.00647284 0.01706622 0.02606366
v -0.01687209 0.00885463 0.02644986
v -0.01426261 0.01263512 0.02644986
v -0.01459573 0.01293024 0.02650000
v -0.01726616 0.00906145 0.02650000
v 0.01018923 0.01476066 0.02574698
v 0.01649826 0.00865818 0.02630194
v 0.01809105 0.00445833 0.02630194
v 0.01850149 0.00455950 0.02644986
v -0.00229659 0.01891537 0.02644986
v 0.00235070 0.01935717 0.02650000
v -0.00235023 0.01935717 0.02650000
v -0.00622313 0.01640902 0.02494504
v -0.00211520 0.01742153 0.02494504
v -0.00213303 0.01756837 0.02536777
v -0.00622313 0.01640902 0.02494504
v -0.00620535 0.01636213 0.02450000
v -0.00210916 0.01737175 0.02450000
v 0.00229705 0.01891537 0.02644986
v 0.01687256 0.00885463 0.02644986
v -0.00627559 0.01654732 0.02536777
v -0.00211520 0.01742153 0.02494504
v 0.00996985 0.01444283 0.02494504
v 0.01309917 0.01160399 0.02450000
v 0.01313671 0.01163725 0.02494504
v 0.01741537 0.00429179 0.02574698
v 0.01793657 -0.00000065 0.02574698
v 0.01825325 -0.00000065 0.02606366
v -0.01366235 0.01210334 0.02606366
v -0.01036866 0.01502129 0.02606366
v -0.01058408 0.01533337 0.02630194
v 0.00994137 0.01440157 0.02450000
v 0.00996985 0.01444283 0.02494504
v 0.01324742 0.01173533 0.02536777
v 0.01005388 0.01456457 0.02536777
v 0.01772285 0.00436758 0.02606366
v 0.01313671 0.01163725 0.02494504
v 0.01426307 0.01263512 0.02644986
v 0.01726663 0.00906145 0.02650000
v 0.01459619 0.01293024 0.02650000
v -0.01394619 0.01235480 0.02630194
v 0.00220039 0.01811928 0.02606366
v 0.00647284 0.01706622 0.02606366
v 0.00660732 0.01742079 0.02630194
v -0.01005341 0.01456457 0.02536777
v -0.00627559 0.01654732 0.02536777
v -0.00636008 0.01677011 0.02574698
v 0.00224610 0.01849573 0.02630194
v -0.01018877 0.01476066 0.02574698
v 0.01687256 0.00885463 0.02644986
v 0.01616248 0.00848195 0.02606366
v 0.01809105 0.00445833 0.02630194
v 0.01649826 0.00865818 0.02630194
v 0.00627605 0.01654732 0.02536777
v 0.01005388 0.01456457 0.02536777
v 0.01018923 0.01476066 0.02574698
v 0.00636055 0.01677011 0.02574698
v 0.01772285 0.00436758 0.02606366
v -0.01649779 0.00865818 0.02630194
v -0.01426261 0.01263512 0.02644986
v -0.01687209 0.00885463 0.02644986
v -0.01394619 0.01235480 0.02630194
v 0.01718402 0.00423477 0.02536777
v 0.01769830 -0.00000065 0.02536777
v 0.01793657 -0.00000065 0.02574698
v -0.00224563 0.01849573 0.02630194
v 0.00224610 0.01849573 0.02630194
v 0.00229705 0.01891537 0.02644986
v 0.01741537 0.00429179 0.02574698
v -0.00229659 0.01891537 0.02644986
v -0.01342531 0.01189334 0.02574698
v -0.01018877 0.01476066 0.02574698
v -0.01036866 0.01502129 0.02606366
v 0.00216222 0.01780491 0.02574698
v 0.00636055 0.01677011 0.02574698
v 0.00647284 0.01706622 0.02606366
v -0.01366235 0.01210334 0.02606366
v 0.01394666 0.01235480 0.02630194
v 0.01649826 0.00865818 0.02630194
v 0.01687256 0.00885463 0.02644986
v -0.01850102 0.00455950 0.02644986
v -0.01893313 0.00466600 0.02650000
v -0.01949977 -0.00000065 0.02650000
v -0.01850102 0.00455950 0.02644986
v -0.01726616 0.00906145 0.02650000
v -0.01893313 0.00466600 0.02650000
v -0.01905472 -0.00000065 0.02644986
v 0.00220039 0.01811928 0.02606366
v 0.01426307 0.01263512 0.02644986
v -0.01687209 0.00885463 0.02644986
v -0.00675675 0.01781604 0.02644986
v -0.00235023 0.01935717 0.02650000
v -0.00691456 0.01823216 0.02650000
v 0.01588207 0.00833478 0.02574698
v 0.01741537 0.00429179 0.02574698
v 0.01772285 0.00436758 0.02606366
v -0.00996938 0.01444283 0.02494504
v -0.00620535 0.01636213 0.02450000
v -0.00622313 0.01640902 0.02494504
v 0.01616248 0.00848195 0.02606366
v -0.00994090 0.01440157 0.02450000
v -0.00229659 0.01891537 0.02644986
v -0.00996938 0.01444283 0.02494504
v -0.00622313 0.01640902 0.02494504
v -0.00627559 0.01654732 0.02536777
v -0.01005341 0.01456457 0.02536777
v 0.00622360 0.01640902 0.02494504
v 0.00620582 0.01636213 0.02450000
v 0.00994137 0.01440157 0.02450000
v 0.01082468 0.01568127 0.02644986
v 0.01459619 0.01293024 0.02650000
v 0.01107750 0.01604753 0.02650000
v 0.00996985 0.01444283 0.02494504
v 0.00622360 0.01640902 0.02494504
v 0.00996985 0.01444283 0.02494504
v 0.01005388 0.01456457 0.02536777
v 0.00627605 0.01654732 0.02536777
v 0.01426307 0.01263512 0.02644986
v -0.01616201 0.00848195 0.02606366
v -0.01366235 0.01210334 0.02606366
v -0.01394619 0.01235480 0.02630194
v -0.01649779 0.00865818 0.02630194
v 0.01704040 0.00419937 0.02494504
v 0.01699172 0.00418737 0.02450000
v 0.01750023 -0.00000065 0.02450000
v -0.00219993 0.01811928 0.02606366
v 0.00220039 0.01811928 0.02606366
v 0.00224610 0.01849573 0.02630194
v 0.01704040 0.00419937 0.02494504
v 0.01755038 -0.00000065 0.02494504
v 0.01769830 -0.00000065 0.02536777
v -0.00224563 0.01849573 0.02630194
v 0.01755038 -0.00000065 0.02494504
v -0.01324696 0.01173533 0.02536777
v -0.01018877 0.01476066 0.02574698
v -0.01342531 0.01189334 0.02574698
v 0.01718402 0.00423477 0.02536777
v 0.01366282 0.01210334 0.02606366
v 0.01616248 0.00848195 0.02606366
v 0.01649826 0.00865818 0.02630194
v -0.01005341 0.01456457 0.02536777
v 0.01394666 0.01235480 0.02630194
v 0.00213350 0.01756837 0.02536777
v 0.00636055 0.01677011 0.02574698
v 0.00216222 0.01780491 0.02574698
v -0.01809058 0.00445833 0.02630194
v -0.01850102 0.00455950 0.02644986
v -0.01905472 -0.00000065 0.02644986
v 0.00627605 0.01654732 0.02536777
v -0.01863200 -0.00000065 0.02630194
v -0.01809058 0.00445833 0.02630194
v -0.01649779 0.00865818 0.02630194
v -0.01687209 0.00885463 0.02644986
v -0.00660685 0.01742079 0.02630194
v -0.00224563 0.01849573 0.02630194
v -0.00229659 0.01891537 0.02644986
v -0.01850102 0.00455950 0.02644986
v 0.01567109 0.00822405 0.02536777
v 0.01718402 0.00423477 0.02536777
v 0.01741537 0.00429179 0.02574698
v -0.00675675 0.01781604 0.02644986
v 0.01588207 0.00833478 0.02574698
v -0.01588160 0.00833478 0.02574698
v -0.01366235 0.01210334 0.02606366
v -0.01616201 0.00848195 0.02606366
v -0.00216175 0.01780491 0.02574698
v 0.00220039 0.01811928 0.02606366
v -0.00219993 0.01811928 0.02606366
v -0.01342531 0.01189334 0.02574698
v 0.00216222 0.01780491 0.02574698
v 0.01058455 0.01533337 0.02630194
v 0.01426307 0.01263512 0.02644986
v 0.01082468 0.01568127 0.02644986
v 0.01394666 0.01235480 0.02630194
v -0.01313624 0.01163725 0.02494504
v -0.01309870 0.01160399 0.02450000
v -0.00994090 0.01440157 0.02450000
v -0.01082422 0.01568127 0.02644986
v -0.00675675 0.01781604 0.02644986
v -0.00691456 0.01823216 0.02650000
v -0.00996938 0.01444283 0.02494504
v -0.01313624 0.01163725 0.02494504
v -0.00996938 0.01444283 0.02494504
v -0.01005341 0.01456457 0.02536777
v -0.01107703 0.01604753 0.02650000
v -0.01324696 0.01173533 0.02536777
v 0.01342577 0.01189334 0.02574698
v 0.01616248 0.00848195 0.02606366
v 0.01366282 0.01210334 0.02606366
v -0.01772239 0.00436758 0.02606366
v -0.01863200 -0.00000065 0.02630194
v -0.01825279 -0.00000065 0.02606366
v 0.01588207 0.00833478 0.02574698
v -0.01809058 0.00445833 0.02630194
v -0.01772239 0.00436758 0.02606366
v -0.01616201 0.00848195 0.02606366
v -0.01649779 0.00865818 0.02630194
v 0.00211567 0.01742153 0.02494504
v 0.00210963 0.01737175 0.02450000
v 0.00620582 0.01636213 0.02450000
v 0.00675722 0.01781604 0.02644986
v 0.01107750 0.01604753 0.02650000
v 0.00691503 0.01823216 0.02650000
v -0.01809058 0.00445833 0.02630194
v 0.00622360 0.01640902 0.02494504
v 0.01082468 0.01568127 0.02644986
v 0.00211567 0.01742153 0.02494504
v 0.00622360 0.01640902 0.02494504
v 0.00627605 0.01654732 0.02536777
v 0.00213350 0.01756837 0.02536777
v -0.01567062 0.00822405 0.02536777
v -0.01324696 0.01173533 0.02536777
v -0.01342531 0.01189334 0.02574698
v 0.01554011 0.00815531 0.02494504
v 0.01699172 0.00418737 0.02450000
v 0.01704040 0.00419937 0.02494504
v -0.01588160 0.00833478 0.02574698
v -0.00647238 0.01706622 0.02606366
v -0.00224563 0.01849573 0.02630194
v -0.00660685 0.01742079 0.02630194
v 0.01549571 0.00813200 0.02450000
v 0.01554011 0.00815531 0.02494504
v 0.01718402 0.00423477 0.02536777
v 0.01567109 0.00822405 0.02536777
v -0.01741491 0.00429179 0.02574698
v -0.01825279 -0.00000065 0.02606366
v -0.01793610 -0.00000065 0.02574698
v 0.01704040 0.00419937 0.02494504
v -0.01741491 0.00429179 0.02574698
v -0.01588160 0.00833478 0.02574698
v -0.01616201 0.00848195 0.02606366
v -0.00219993 0.01811928 0.02606366
v -0.01772239 0.00436758 0.02606366
v -0.01772239 0.00436758 0.02606366
v -0.00213303 0.01756837 0.02536777
v 0.00213350 0.01756837 0.02536777
v 0.00216222 0.01780491 0.02574698
v 0.01036913 0.01502129 0.02606366
v 0.01366282 0.01210334 0.02606366
v 0.01394666 0.01235480 0.02630194
v -0.01553965 0.00815531 0.02494504
v -0.01549525 0.00813200 0.02450000
v -0.01309870 0.01160399 0.02450000
v -0.00216175 0.01780491 0.02574698
v 0.01058455 0.01533337 0.02630194
v -0.01313624 0.01163725 0.02494504
v -0.01553965 0.00815531 0.02494504
v -0.01313624 0.01163725 0.02494504
v -0.01324696 0.01173533 0.02536777
v -0.01567062 0.00822405 0.02536777
v 0.01324742 0.01173533 0.02536777
v 0.01567109 0.00822405 0.02536777
v 0.01588207 0.00833478 0.02574698
v -0.01718356 0.00423477 0.02536777
v -0.01793610 -0.00000065 0.02574698
v -0.01769783 -0.00000065 0.02536777
v 0.01342577 0.01189334 0.02574698
v -0.01741491 0.00429179 0.02574698
v -0.01718356 0.00423477 0.02536777
v -0.01567062 0.00822405 0.02536777
v -0.01588160 0.00833478 0.02574698
v -0.01058408 0.01533337 0.02630194
v -0.00660685 0.01742079 0.02630194
v -0.00675675 0.01781604 0.02644986
v 0.00660732 0.01742079 0.02630194
v 0.01058455 0.01533337 0.02630194
v 0.01082468 0.01568127 0.02644986
v -0.01741491 0.00429179 0.02574698
v -0.01082422 0.01568127 0.02644986
v -0.00647238 0.01706622 0.02606366
v -0.01754991 -0.00000065 0.02494504
v 0.00675722 0.01781604 0.02644986
v -0.01703993 0.00419937 0.02494504
v -0.01850102 0.00455950 0.00355014
v -0.01863200 -0.00000065 0.00369806
v -0.01905472 -0.00000065 0.00355014
v 0.00627605 0.01654732 0.00463223
v 0.00996985 0.01444283 0.00505496
v 0.00622360 0.01640902 0.00505496
v -0.01850102 0.00455950 0.00355014
v -0.01905472 -0.00000065 0.00355014
v -0.01949977 -0.00000065 0.00350000
v -0.01850102 0.00455950 0.00355014
v -0.01893313 0.00466600 0.00350000
v -0.01726616 0.00906145 0.00350000
v -0.01893313 0.00466600 0.00350000
v -0.01687209 0.00885463 0.00355014
v -0.00647238 0.01706622 0.00393634
v -0.00219993 0.01811928 0.00393634
v -0.00216175 0.01780491 0.00425302
v -0.01809058 0.00445833 0.00369806
v -0.01850102 0.00455950 0.00355014
v -0.01687209 0.00885463 0.00355014
v -0.01649779 0.00865818 0.00369806
v -0.01313624 0.01163725 0.00505496
v -0.00994090 0.01440157 0.00550000
v -0.01309870 0.01160399 0.00550000
v 0.01036913 0.01502129 0.00393634
v 0.01342577 0.01189334 0.00425302
v 0.01018923 0.01476066 0.00425302
v -0.01809058 0.00445833 0.00369806
v 0.01366282 0.01210334 0.00393634
v 0.00211567 0.01742153 0.00505496
v 0.00620582 0.01636213 0.00550000
v 0.00210963 0.01737175 0.00550000
v -0.00996938 0.01444283 0.00505496
v -0.00229659 0.01891537 0.00355014
v 0.00229705 0.01891537 0.00355014
v 0.00224610 0.01849573 0.00369806
v -0.00229659 0.01891537 0.00355014
v -0.00235023 0.01935717 0.00350000
v 0.00235070 0.01935717 0.00350000
v 0.00229705 0.01891537 0.00355014
v 0.00622360 0.01640902 0.00505496
v 0.01704040 0.00419937 0.00505496
v 0.01750023 -0.00000065 0.00550000
v 0.01699172 0.00418737 0.00550000
v -0.00224563 0.01849573 0.00369806
v 0.01426307 0.01263512 0.00355014
v 0.01687256 0.00885463 0.00355014
v 0.01649826 0.00865818 0.00369806
v 0.01426307 0.01263512 0.00355014
v 0.01459619 0.01293024 0.00350000
v 0.01726663 0.00906145 0.00350000
v -0.01018877 0.01476066 0.00425302
v -0.00627559 0.01654732 0.00463223
v -0.01005341 0.01456457 0.00463223
v 0.01755038 -0.00000065 0.00505496
v 0.01394666 0.01235480 0.00369806
v 0.01687256 0.00885463 0.00355014
v -0.00636008 0.01677011 0.00425302
v 0.00636055 0.01677011 0.00425302
v 0.01005388 0.01456457 0.00463223
v 0.00627605 0.01654732 0.00463223
v -0.00660685 0.01742079 0.00369806
v -0.00219993 0.01811928 0.00393634
v -0.00647238 0.01706622 0.00393634
v 0.01018923 0.01476066 0.00425302
v 0.01718402 0.00423477 0.00463223
v 0.01769830 -0.00000065 0.00463223
v 0.01755038 -0.00000065 0.00505496
v -0.00224563 0.01849573 0.00369806
v 0.01058455 0.01533337 0.00369806
v 0.01394666 0.01235480 0.00369806
v 0.01366282 0.01210334 0.00393634
v 0.01036913 0.01502129 0.00393634
v 0.01704040 0.00419937 0.00505496
v 0.01554011 0.00815531 0.00505496
v 0.01699172 0.00418737 0.00550000
v 0.01549571 0.00813200 0.00550000
v -0.01324696 0.01173533 0.00463223
v -0.00996938 0.01444283 0.00505496
v -0.01313624 0.01163725 0.00505496
v -0.01005341 0.01456457 0.00463223
v 0.01704040 0.00419937 0.00505496
v -0.01036866 0.01502129 0.00393634
v -0.00647238 0.01706622 0.00393634
v -0.00636008 0.01677011 0.00425302
v -0.01018877 0.01476066 0.00425302
v 0.00213350 0.01756837 0.00463223
v 0.00627605 0.01654732 0.00463223
v 0.00622360 0.01640902 0.00505496
v 0.01741537 0.00429179 0.00425302
v 0.01769830 -0.00000065 0.00463223
v 0.01718402 0.00423477 0.00463223
v 0.00211567 0.01742153 0.00505496
v 0.01793657 -0.00000065 0.00425302
v 0.00647284 0.01706622 0.00393634
v 0.01036913 0.01502129 0.00393634
v 0.01018923 0.01476066 0.00425302
v -0.01553965 0.00815531 0.00505496
v -0.01313624 0.01163725 0.00505496
v -0.01309870 0.01160399 0.00550000
v 0.00636055 0.01677011 0.00425302
v -0.01549525 0.00813200 0.00550000
v -0.00211520 0.01742153 0.00505496
v 0.00210963 0.01737175 0.00550000
v -0.00210916 0.01737175 0.00550000
v 0.01567109 0.00822405 0.00463223
v 0.01704040 0.00419937 0.00505496
v 0.01554011 0.00815531 0.00505496
v -0.00675675 0.01781604 0.00355014
v -0.00235023 0.01935717 0.00350000
v -0.00229659 0.01891537 0.00355014
v 0.01718402 0.00423477 0.00463223
v -0.00675675 0.01781604 0.00355014
v -0.00229659 0.01891537 0.00355014
v -0.00224563 0.01849573 0.00369806
v -0.00660685 0.01742079 0.00369806
v -0.00691456 0.01823216 0.00350000
v 0.00211567 0.01742153 0.00505496
v 0.01772285 0.00436758 0.00393634
v 0.01825325 -0.00000065 0.00393634
v 0.01793657 -0.00000065 0.00425302
v 0.01082468 0.01568127 0.00355014
v 0.01394666 0.01235480 0.00369806
v 0.01058455 0.01533337 0.00369806
v 0.01082468 0.01568127 0.00355014
v 0.01107750 0.01604753 0.00350000
v 0.01459619 0.01293024 0.00350000
v -0.01342531 0.01189334 0.00425302
v -0.01018877 0.01476066 0.00425302
v -0.01005341 0.01456457 0.00463223
v 0.01426307 0.01263512 0.00355014
v 0.01426307 0.01263512 0.00355014
v 0.01741537 0.00429179 0.00425302
v 0.01313671 0.01163725 0.00505496
v 0.01549571 0.00813200 0.00550000
v 0.01309917 0.01160399 0.00550000
v 0.00216222 0.01780491 0.00425302
v 0.00636055 0.01677011 0.00425302
v 0.00627605 0.01654732 0.00463223
v -0.01324696 0.01173533 0.00463223
v -0.01058408 0.01533337 0.00369806
v -0.00660685 0.01742079 0.00369806
v -0.00647238 0.01706622 0.00393634
v 0.00213350 0.01756837 0.00463223
v 0.01554011 0.00815531 0.00505496
v -0.01036866 0.01502129 0.00393634
v 0.00660732 0.01742079 0.00369806
v 0.01036913 0.01502129 0.00393634
v 0.00647284 0.01706622 0.00393634
v 0.01588207 0.00833478 0.00425302
v 0.01741537 0.00429179 0.00425302
v 0.01718402 0.00423477 0.00463223
v -0.01567062 0.00822405 0.00463223
v -0.01313624 0.01163725 0.00505496
v -0.01553965 0.00815531 0.00505496
v 0.01058455 0.01533337 0.00369806
v 0.01567109 0.00822405 0.00463223
v -0.01324696 0.01173533 0.00463223
v 0.01809105 0.00445833 0.00369806
v 0.01863247 -0.00000065 0.00369806
v 0.01825325 -0.00000065 0.00393634
v -0.00213303 0.01756837 0.00463223
v 0.00213350 0.01756837 0.00463223
v 0.00211567 0.01742153 0.00505496
v -0.01366235 0.01210334 0.00393634
v -0.01018877 0.01476066 0.00425302
v -0.01342531 0.01189334 0.00425302
v 0.01772285 0.00436758 0.00393634
v -0.00211520 0.01742153 0.00505496
v -0.01036866 0.01502129 0.00393634
v 0.00220039 0.01811928 0.00393634
v 0.00636055 0.01677011 0.00425302
v 0.00216222 0.01780491 0.00425302
v 0.00647284 0.01706622 0.00393634
v -0.01703993 0.00419937 0.00505496
v -0.01549525 0.00813200 0.00550000
v -0.01699125 0.00418737 0.00550000
v 0.01324742 0.01173533 0.00463223
v 0.01554011 0.00815531 0.00505496
v 0.01313671 0.01163725 0.00505496
v -0.01703993 0.00419937 0.00505496
v -0.01699125 0.00418737 0.00550000
v -0.01749977 -0.00000065 0.00550000
v 0.01567109 0.00822405 0.00463223
v -0.01754991 -0.00000065 0.00505496
v -0.00622313 0.01640902 0.00505496
v -0.00210916 0.01737175 0.00550000
v -0.00620535 0.01636213 0.00550000
v -0.01553965 0.00815531 0.00505496
v -0.01082422 0.01568127 0.00355014
v -0.00675675 0.01781604 0.00355014
v -0.00660685 0.01742079 0.00369806
v -0.01082422 0.01568127 0.00355014
v -0.01107703 0.01604753 0.00350000
v -0.00691456 0.01823216 0.00350000
v -0.00211520 0.01742153 0.00505496
v 0.01616248 0.00848195 0.00393634
v 0.01772285 0.00436758 0.00393634
v 0.01741537 0.00429179 0.00425302
v 0.01588207 0.00833478 0.00425302
v -0.01058408 0.01533337 0.00369806
v 0.00996985 0.01444283 0.00505496
v 0.01309917 0.01160399 0.00550000
v 0.00994137 0.01440157 0.00550000
v -0.00675675 0.01781604 0.00355014
v 0.00675722 0.01781604 0.00355014
v 0.00691503 0.01823216 0.00350000
v 0.01107750 0.01604753 0.00350000
v 0.00675722 0.01781604 0.00355014
v 0.01082468 0.01568127 0.00355014
v 0.01058455 0.01533337 0.00369806
v 0.00660732 0.01742079 0.00369806
v 0.01313671 0.01163725 0.00505496
v 0.01082468 0.01568127 0.00355014
v 0.01850149 0.00455950 0.00355014
v 0.01893360 0.00466600 0.00350000
v 0.01950023 -0.00000065 0.00350000
v -0.01588160 0.00833478 0.00425302
v -0.01342531 0.01189334 0.00425302
v -0.01324696 0.01173533 0.00463223
v -0.01567062 0.00822405 0.00463223
v -0.00216175 0.01780491 0.00425302
v 0.00216222 0.01780491 0.00425302
v 0.00213350 0.01756837 0.00463223
v 0.01850149 0.00455950 0.00355014
v 0.01905519 -0.00000065 0.00355014
v 0.01863247 -0.00000065 0.00369806
v 0.01905519 -0.00000065 0.00355014
v -0.00213303 0.01756837 0.00463223
v -0.01394619 0.01235480 0.00369806
v -0.01036866 0.01502129 0.00393634
v -0.01366235 0.01210334 0.00393634
v 0.01809105 0.00445833 0.00369806
v -0.01058408 0.01533337 0.00369806
v 0.00224610 0.01849573 0.00369806
v 0.00660732 0.01742079 0.00369806
v 0.00647284 0.01706622 0.00393634
v 0.00220039 0.01811928 0.00393634
v 0.01342577 0.01189334 0.00425302
v 0.01567109 0.00822405 0.00463223
v 0.01324742 0.01173533 0.00463223
v -0.01718356 0.00423477 0.00463223
v -0.01703993 0.00419937 0.00505496
v -0.01754991 -0.00000065 0.00505496
v 0.01588207 0.00833478 0.00425302
v -0.01769783 -0.00000065 0.00463223
v -0.01718356 0.00423477 0.00463223
v -0.01567062 0.00822405 0.00463223
v -0.01553965 0.00815531 0.00505496
v 0.01649826 0.00865818 0.00369806
v 0.01772285 0.00436758 0.00393634
v 0.01616248 0.00848195 0.00393634
v -0.01703993 0.00419937 0.00505496
v -0.00627559 0.01654732 0.00463223
v -0.00211520 0.01742153 0.00505496
v -0.00622313 0.01640902 0.00505496
v 0.01809105 0.00445833 0.00369806
v -0.01616201 0.00848195 0.00393634
v -0.01342531 0.01189334 0.00425302
v -0.01588160 0.00833478 0.00425302
v -0.00213303 0.01756837 0.00463223
v 0.01005388 0.01456457 0.00463223
v 0.01313671 0.01163725 0.00505496
v 0.00996985 0.01444283 0.00505496
v -0.01366235 0.01210334 0.00393634
v -0.00219993 0.01811928 0.00393634
v 0.00216222 0.01780491 0.00425302
v -0.00216175 0.01780491 0.00425302
v 0.01324742 0.01173533 0.00463223
v -0.01426261 0.01263512 0.00355014
v -0.01459573 0.01293024 0.00350000
v -0.01107703 0.01604753 0.00350000
v 0.00220039 0.01811928 0.00393634
v -0.01082422 0.01568127 0.00355014
v -0.00996938 0.01444283 0.00505496
v -0.00620535 0.01636213 0.00550000
v -0.00994090 0.01440157 0.00550000
v -0.01426261 0.01263512 0.00355014
v -0.01082422 0.01568127 0.00355014
v -0.01058408 0.01533337 0.00369806
v -0.01394619 0.01235480 0.00369806
v -0.01741491 0.00429179 0.00425302
v -0.01769783 -0.00000065 0.00463223
v -0.01793610 -0.00000065 0.00425302
v 0.01366282 0.01210334 0.00393634
v 0.01616248 0.00848195 0.00393634
v 0.01588207 0.00833478 0.00425302
v 0.01342577 0.01189334 0.00425302
v -0.00622313 0.01640902 0.00505496
v 0.00622360 0.01640902 0.00505496
v 0.00994137 0.01440157 0.00550000
v 0.00620582 0.01636213 0.00550000
v -0.01718356 0.00423477 0.00463223
v 0.00229705 0.01891537 0.00355014
v 0.00235070 0.01935717 0.00350000
v 0.00691503 0.01823216 0.00350000
v -0.01741491 0.00429179 0.00425302
v -0.01588160 0.00833478 0.00425302
v -0.01567062 0.00822405 0.00463223
v -0.01718356 0.00423477 0.00463223
v 0.00229705 0.01891537 0.00355014
v 0.00660732 0.01742079 0.00369806
v 0.00224610 0.01849573 0.00369806
v 0.00675722 0.01781604 0.00355014
v 0.00675722 0.01781604 0.00355014
v 0.00996985 0.01444283 0.00505496
v -0.01649779 0.00865818 0.00369806
v -0.01394619 0.01235480 0.00369806
v -0.01366235 0.01210334 0.00393634
v 0.01687256 0.00885463 0.00355014
v 0.01726663 0.00906145 0.00350000
v 0.01893360 0.00466600 0.00350000
v -0.01616201 0.00848195 0.00393634
v -0.00636008 0.01677011 0.00425302
v -0.00216175 0.01780491 0.00425302
v -0.00213303 0.01756837 0.00463223
v 0.01687256 0.00885463 0.00355014
v 0.01850149 0.00455950 0.00355014
v 0.01809105 0.00445833 0.00369806
v -0.01772239 0.00436758 0.00393634
v -0.01741491 0.00429179 0.00425302
v -0.01793610 -0.00000065 0.00425302
v -0.00627559 0.01654732 0.00463223
v 0.01649826 0.00865818 0.00369806
v -0.01825279 -0.00000065 0.00393634
v 0.01850149 0.00455950 0.00355014
v 0.01018923 0.01476066 0.00425302
v 0.01324742 0.01173533 0.00463223
v 0.01005388 0.01456457 0.00463223
v -0.01772239 0.00436758 0.00393634
v -0.01616201 0.00848195 0.00393634
v -0.01588160 0.00833478 0.00425302
v -0.01741491 0.00429179 0.00425302
v 0.01342577 0.01189334 0.00425302
v -0.00224563 0.01849573 0.00369806
v 0.00224610 0.01849573 0.00369806
v 0.00220039 0.01811928 0.00393634
v -0.00219993 0.01811928 0.00393634
v -0.01687209 0.00885463 0.00355014
v -0.01726616 0.00906145 0.00350000
v -0.01459573 0.01293024 0.00350000
v -0.01005341 0.01456457 0.00463223
v -0.00622313 0.01640902 0.00505496
v -0.00996938 0.01444283 0.00505496
v -0.01426261 0.01263512 0.00355014
v -0.01687209 0.00885463 0.00355014
v -0.01426261 0.01263512 0.00355014
v -0.01394619 0.01235480 0.00369806
v 0.01394666 0.01235480 0.00369806
v 0.01616248 0.00848195 0.00393634
v 0.01366282 0.01210334 0.00393634
v -0.01649779 0.00865818 0.00369806
v 0.01649826 0.00865818 0.00369806
v -0.01809058 0.00445833 0.00369806
v -0.01825279 -0.00000065 0.00393634
v -0.01863200 -0.00000065 0.00369806
v -0.00627559 0.01654732 0.00463223
v 0.01005388 0.01456457 0.00463223
v -0.01772239 0.00436758 0.00393634
v -0.01809058 0.00445833 0.00369806
v -0.01649779 0.00865818 0.00369806
v -0.01616201 0.00848195 0.00393634
v -0.00636008 0.01677011 0.00425302
v -0.01772239 0.00436758 0.00393634
v -0.01749977 -0.00000065 0.02450000
v -0.01699125 -0.00418868 0.02450000
v -0.01749977 -0.00000065 0.02050000
v -0.01699125 -0.00418868 0.02050000
v -0.01699125 -0.00418868 0.02050000
v -0.01549525 -0.00813331 0.02450000
v -0.01549525 -0.00813331 0.02050000
v -0.01699125 -0.00418868 0.02450000
v -0.01549525 -0.00813331 0.02050000
v -0.01309870 -0.01160530 0.02450000
v -0.01309870 -0.01160530 0.02050000
v -0.01549525 -0.00813331 0.02450000
v -0.01309870 -0.01160530 0.02050000
v -0.00994090 -0.01440287 0.02450000
v -0.00994090 -0.01440287 0.02050000
v -0.01309870 -0.01160530 0.02450000
v -0.00994090 -0.01440287 0.02050000
v -0.00620535 -0.01636344 0.02450000
v -0.00620535 -0.01636344 0.02050000
v -0.00994090 -0.01440287 0.02450000
v -0.00620535 -0.01636344 0.02050000
v -0.00210916 -0.01737306 0.02450000
v -0.00210916 -0.01737306 0.02050000
v -0.00620535 -0.01636344 0.02450000
v -0.00210916 -0.01737306 0.02050000
v 0.00210963 -0.01737306 0.02450000
v 0.00210963 -0.01737306 0.02050000
v -0.00210916 -0.01737306 0.02450000
v 0.00210963 -0.01737306 0.02050000
v 0.00620582 -0.01636344 0.02450000
v 0.00620582 -0.01636344 0.02050000
v 0.00210963 -0.01737306 0.02450000
v 0.00620582 -0.01636344 0.02050000
v 0.00994137 -0.01440287 0.02450000
v 0.00994137 -0.01440287 0.02050000
v 0.00620582 -0.01636344 0.02450000
v 0.00994137 -0.01440287 0.02050000
v 0.01309917 -0.01160530 0.02450000
v 0.01309917 -0.01160530 0.02050000
v 0.00994137 -0.01440287 0.02450000
v 0.01309917 -0.01160530 0.02050000
v 0.01549571 -0.00813331 0.02450000
v 0.01549571 -0.00813331 0.02050000
v 0.01309917 -0.01160530 0.02450000
v 0.01549571 -0.00813331 0.02050000
v 0.01699172 -0.00418868 0.02450000
v 0.01699172 -0.00418868 0.02050000
v 0.01549571 -0.00813331 0.02450000
v 0.01699172 -0.00418868 0.02050000
v 0.01750023 -0.00000065 0.02450000
v 0.01750023 -0.00000065 0.02050000
v 0.01699172 -0.00418868 0.02450000
v -0.01749977 -0.00000065 0.00950000
v -0.01699125 -0.00418868 0.00950000
v -0.01749977 -0.00000065 0.00550000
v -0.01699125 -0.00418868 0.00550000
v -0.01699125 -0.00418868 0.00550000
v -0.01549525 -0.00813331 0.00950000
v -0.01549525 -0.00813331 0.00550000
v -0.01699125 -0.00418868 0.00950000
v -0.01549525 -0.00813331 0.00550000
v -0.01309870 -0.01160530 0.00950000
v -0.01309870 -0.01160530 0.00550000
v -0.01549525 -0.00813331 0.00950000
v -0.01309870 -0.01160530 0.00550000
v -0.00994090 -0.01440287 0.00950000
v -0.00994090 -0.01440287 0.00550000
v -0.01309870 -0.01160530 0.00950000
v -0.00994090 -0.01440287 0.00550000
v -0.00620535 -0.01636344 0.00950000
v -0.00620535 -0.01636344 0.00550000
v -0.00994090 -0.01440287 0.00950000
v -0.00620535 -0.01636344 0.00550000
v -0.00210916 -0.01737306 0.00950000
v -0.00210916 -0.01737306 0.00550000
v -0.00620535 -0.01636344 0.00950000
v -0.00210916 -0.01737306 0.00550000
v 0.00210963 -0.01737306 0.00950000
v 0.00210963 -0.01737306 0.00550000
v -0.00210916 -0.01737306 0.00950000
v 0.00210963 -0.01737306 0.00550000
v 0.00620582 -0.01636344 0.00950000
v 0.00620582 -0.01636344 0.00550000
v 0.00210963 -0.01737306 0.00950000
v 0.00620582 -0.01636344 0.00550000
v 0.00994137 -0.01440287 0.00950000
v 0.00994137 -0.01440287 0.00550000
v 0.00620582 -0.01636344 0.00950000
v 0.00994137 -0.01440287 0.00550000
v 0.01309917 -0.01160530 0.00950000
v 0.01309917 -0.01160530 0.00550000
v 0.00994137 -0.01440287 0.00950000
v 0.01309917 -0.01160530 0.00550000
v 0.01549571 -0.00813331 0.00950000
v 0.01549571 -0.00813331 0.00550000
v 0.01309917 -0.01160530 0.00950000
v 0.01549571 -0.00813331 0.00550000
v 0.01699172 -0.00418868 0.00950000
v 0.01699172 -0.00418868 0.00550000
v 0.01549571 -0.00813331 0.00950000
v 0.01699172 -0.00418868 0.00550000
v 0.01750023 -0.00000065 0.00950000
v 0.01750023 -0.00000065 0.00550000
v 0.01699172 -0.00418868 0.00950000
v 0.00000023 0.00749935 0.00950000
v 0.00000023 0.00749935 0.02050000
v -0.00179463 0.00728141 0.00950000
v -0.00179463 0.00728141 0.00950000
v -0.00179463 0.00728141 0.02050000
v -0.00348519 0.00664027 0.00950000
v -0.00179463 0.00728141 0.02050000
v -0.00348519 0.00664027 0.00950000
v -0.00348519 0.00664027 0.02050000
v -0.00497319 0.00561318 0.00950000
v -0.00348519 0.00664027 0.02050000
v -0.00497319 0.00561318 0.00950000
v -0.00497319 0.00561318 0.02050000
v -0.00617214 0.00425983 0.00950000
v -0.00497319 0.00561318 0.02050000
v -0.00617214 0.00425983 0.00950000
v -0.00617214 0.00425983 0.02050000
v -0.00701239 0.00265888 0.00950000
v -0.00617214 0.00425983 0.02050000
v -0.00701239 0.00265888 0.00950000
v -0.00701239 0.00265888 0.02050000
v -0.00744508 0.00090337 0.00950000
v -0.00701239 0.00265888 0.02050000
v -0.00744508 0.00090337 0.00950000
v -0.00744508 0.00090337 0.02050000
v -0.00744508 -0.00090468 0.00950000
v -0.00744508 0.00090337 0.02050000
v -0.00744508 -0.00090468 0.00950000
v -0.00744508 -0.00090468 0.02050000
v -0.00701239 -0.00266019 0.00950000
v -0.00744508 -0.00090468 0.02050000
v -0.00701239 -0.00266019 0.00950000
v -0.00701239 -0.00266019 0.02050000
v -0.00617214 -0.00426114 0.00950000
v -0.00701239 -0.00266019 0.02050000
v -0.00617214 -0.00426114 0.00950000
v -0.00617214 -0.00426114 0.02050000
v -0.00497319 -0.00561448 0.00950000
v -0.00617214 -0.00426114 0.02050000
v -0.00497319 -0.00561448 0.00950000
v -0.00497319 -0.00561448 0.02050000
v -0.00348519 -0.00664157 0.00950000
v -0.00497319 -0.00561448 0.02050000
v -0.00348519 -0.00664157 0.00950000
v -0.00348519 -0.00664157 0.02050000
v -0.00179463 -0.00728271 0.00950000
v -0.00348519 -0.00664157 0.02050000
v -0.00179463 -0.00728271 0.00950000
v -0.00179463 -0.00728271 0.02050000
v 0.00000023 -0.00750065 0.00950000
v -0.00179463 -0.00728271 0.02050000
v 0.00000023 -0.00750065 0.02050000
v -0.02670067 -0.00658183 0.02650000
v -0.02749977 -0.00000065 0.02650000
v -0.02749977 -0.00000065 0.00350000
v -0.02670067 -0.00658183 0.00350000
v -0.02434981 -0.01278054 0.02650000
v -0.02670067 -0.00658183 0.00350000
v -0.02434981 -0.01278054 0.00350000
v -0.02670067 -0.00658183 0.02650000
v -0.02058381 -0.01823652 0.02650000
v -0.02434981 -0.01278054 0.00350000
v -0.02058381 -0.01823652 0.00350000
v -0.02434981 -0.01278054 0.02650000
v -0.01562155 -0.02263271 0.02650000
v -0.02058381 -0.01823652 0.00350000
v -0.01562155 -0.02263271 0.00350000
v -0.02058381 -0.01823652 0.02650000
v -0.00975140 -0.02571360 0.02650000
v -0.01562155 -0.02263271 0.00350000
v -0.00975140 -0.02571360 0.00350000
v -0.01562155 -0.02263271 0.02650000
v -0.00331452 -0.02730015 0.02650000
v -0.00975140 -0.02571360 0.00350000
v -0.00331452 -0.02730015 0.00350000
v -0.00975140 -0.02571360 0.02650000
v 0.00331499 -0.02730015 0.02650000
v -0.00331452 -0.02730015 0.00350000
v 0.00331499 -0.02730015 0.00350000
v -0.00331452 -0.02730015 0.02650000
v 0.00975187 -0.02571360 0.02650000
v 0.00331499 -0.02730015 0.00350000
v 0.00975187 -0.02571360 0.00350000
v 0.00331499 -0.02730015 0.02650000
v 0.01562201 -0.02263271 0.02650000
v 0.00975187 -0.02571360 0.00350000
v 0.01562201 -0.02263271 0.00350000
v 0.00975187 -0.02571360 0.02650000
v 0.02058428 -0.01823652 0.02650000
v 0.01562201 -0.02263271 0.00350000
v 0.02058428 -0.01823652 0.00350000
v 0.01562201 -0.02263271 0.02650000
v 0.02435028 -0.01278054 0.02650000
v 0.02058428 -0.01823652 0.00350000
v 0.02435028 -0.01278054 0.00350000
v 0.02058428 -0.01823652 0.02650000
v 0.02670113 -0.00658183 0.02650000
v 0.02435028 -0.01278054 0.00350000
v 0.02670113 -0.00658183 0.00350000
v 0.02435028 -0.01278054 0.02650000
v 0.02750023 -0.00000065 0.02650000
v 0.02670113 -0.00658183 0.00350000
v 0.02750023 -0.00000065 0.00350000
v 0.02670113 -0.00658183 0.02650000
v -0.00975140 0.02571230 0.02650000
v -0.01562155 0.02263140 0.02650000
v -0.00691456 0.01823216 0.02650000
v -0.00235023 0.01935717 0.02650000
v 0.02670113 -0.00658183 0.02650000
v 0.01950023 -0.00000065 0.02650000
v 0.01893360 -0.00466731 0.02650000
v 0.02435028 -0.01278054 0.02650000
v -0.01459573 -0.01293154 0.02650000
v -0.02434981 -0.01278054 0.02650000
v -0.02058381 -0.01823652 0.02650000
v -0.00331452 0.02729884 0.02650000
v 0.00235070 0.01935717 0.02650000
v -0.01107703 -0.01604884 0.02650000
v -0.01562155 -0.02263271 0.02650000
v -0.01726616 -0.00906275 0.02650000
v -0.02670067 -0.00658183 0.02650000
v -0.00691456 -0.01823347 0.02650000
v -0.00975140 -0.02571360 0.02650000
v 0.02750023 -0.00000065 0.02650000
v -0.01893313 -0.00466731 0.02650000
v -0.02749977 -0.00000065 0.02650000
v -0.00235023 -0.01935847 0.02650000
v -0.00331452 -0.02730015 0.02650000
v 0.00331499 0.02729884 0.02650000
v 0.00691503 0.01823216 0.02650000
v 0.02670113 0.00658053 0.02650000
v 0.01893360 0.00466600 0.02650000
v -0.01949977 -0.00000065 0.02650000
v 0.00975187 0.02571230 0.02650000
v 0.01107750 0.01604753 0.02650000
v 0.00235070 -0.01935847 0.02650000
v 0.00331499 -0.02730015 0.02650000
v 0.02435028 0.01277923 0.02650000
v 0.01726663 0.00906145 0.02650000
v 0.01562201 0.02263140 0.02650000
v 0.01459619 0.01293024 0.02650000
v -0.01893313 0.00466600 0.02650000
v -0.02670067 0.00658053 0.02650000
v 0.02058428 0.01823522 0.02650000
v 0.00691503 -0.01823347 0.02650000
v 0.00975187 -0.02571360 0.02650000
v -0.01726616 0.00906145 0.02650000
v -0.02434981 0.01277923 0.02650000
v 0.01107750 -0.01604884 0.02650000
v 0.01562201 -0.02263271 0.02650000
v -0.01459573 0.01293024 0.02650000
v -0.02058381 0.01823522 0.02650000
v 0.01459619 -0.01293154 0.02650000
v 0.02058428 -0.01823652 0.02650000
v -0.01107703 0.01604753 0.02650000
v 0.01726663 -0.00906275 0.02650000
v -0.02670067 -0.00658183 0.00350000
v -0.01726616 -0.00906275 0.00350000
v -0.02434981 -0.01278054 0.00350000
v -0.01893313 -0.00466731 0.00350000
v 0.00331499 0.02729884 0.00350000
v 0.00691503 0.01823216 0.00350000
v 0.00235070 0.01935717 0.00350000
v 0.00975187 0.02571230 0.00350000
v 0.01459619 -0.01293154 0.00350000
v 0.02058428 -0.01823652 0.00350000
v 0.01562201 -0.02263271 0.00350000
v 0.01107750 -0.01604884 0.00350000
v 0.00975187 -0.02571360 0.00350000
v -0.02749977 -0.00000065 0.00350000
v -0.01893313 0.00466600 0.00350000
v -0.01949977 -0.00000065 0.00350000
v 0.01726663 -0.00906275 0.00350000
v 0.02435028 -0.01278054 0.00350000
v 0.00691503 -0.01823347 0.00350000
v 0.00331499 -0.02730015 0.00350000
v -0.00331452 0.02729884 0.00350000
v -0.00235023 0.01935717 0.00350000
v -0.02670067 0.00658053 0.00350000
v -0.01726616 0.00906145 0.00350000
v 0.01893360 -0.00466731 0.00350000
v 0.02670113 -0.00658183 0.00350000
v -0.00975140 0.02571230 0.00350000
v -0.00691456 0.01823216 0.00350000
v 0.00235070 -0.01935847 0.00350000
v -0.00331452 -0.02730015 0.00350000
v -0.02434981 0.01277923 0.00350000
v -0.01459573 0.01293024 0.00350000
v 0.01950023 -0.00000065 0.00350000
v 0.02750023 -0.00000065 0.00350000
v 0.02670113 0.00658053 0.00350000
v -0.01562155 0.02263140 0.00350000
v -0.01107703 0.01604753 0.00350000
v -0.02058381 0.01823522 0.00350000
v -0.00235023 -0.01935847 0.00350000
v -0.00975140 -0.02571360 0.00350000
v 0.01893360 0.00466600 0.00350000
v 0.02435028 0.01277923 0.00350000
v -0.00691456 -0.01823347 0.00350000
v 0.01726663 0.00906145 0.00350000
v -0.01562155 -0.02263271 0.00350000
v -0.01107703 -0.01604884 0.00350000
v 0.02058428 0.01823522 0.00350000
v 0.01459619 0.01293024 0.00350000
v -0.02058381 -0.01823652 0.00350000
v -0.01459573 -0.01293154 0.00350000
v 0.01562201 0.02263140 0.00350000
v 0.01107750 0.01604753 0.00350000
v 0.01704040 -0.00420068 0.02494504
v 0.01750023 -0.00000065 0.02450000
v 0.01699172 -0.00418868 0.02450000
v -0.00660685 -0.01742209 0.02630194
v -0.01058408 -0.01533468 0.02630194
v -0.01082422 -0.01568258 0.02644986
v 0.01704040 -0.00420068 0.02494504
v 0.01699172 -0.00418868 0.02450000
v 0.01549571 -0.00813331 0.02450000
v 0.01704040 -0.00420068 0.02494504
v 0.01554011 -0.00815661 0.02494504
v 0.01567109 -0.00822535 0.02536777
v 0.00636055 -0.01677142 0.02574698
v 0.00216222 -0.01780621 0.02574698
v 0.00220039 -0.01812059 0.02606366
v 0.01718402 -0.00423608 0.02536777
v 0.01426307 -0.01263643 0.02644986
v 0.01082468 -0.01568258 0.02644986
v 0.01107750 -0.01604884 0.02650000
v -0.01018877 -0.01476197 0.02574698
v -0.01366235 -0.01210464 0.02606366
v -0.01036866 -0.01502259 0.02606366
v 0.01704040 -0.00420068 0.02494504
v 0.01718402 -0.00423608 0.02536777
v 0.01769830 -0.00000065 0.02536777
v 0.01554011 -0.00815661 0.02494504
v 0.01459619 -0.01293154 0.02650000
v -0.01342531 -0.01189464 0.02574698
v -0.00229659 -0.01891668 0.02644986
v -0.00691456 -0.01823347 0.02650000
v -0.00235023 -0.01935847 0.02650000
v 0.00211567 -0.01742284 0.02494504
v -0.00211520 -0.01742284 0.02494504
v -0.00213303 -0.01756968 0.02536777
v 0.00211567 -0.01742284 0.02494504
v 0.00210963 -0.01737306 0.02450000
v -0.00210916 -0.01737306 0.02450000
v -0.00211520 -0.01742284 0.02494504
v -0.00675675 -0.01781735 0.02644986
v 0.00213350 -0.01756968 0.02536777
v -0.01313624 -0.01163855 0.02494504
v -0.01309870 -0.01160530 0.02450000
v -0.01549525 -0.00813331 0.02450000
v -0.01850102 -0.00456080 0.02644986
v -0.01905472 -0.00000065 0.02644986
v -0.01949977 -0.00000065 0.02650000
v 0.01036913 -0.01502259 0.02606366
v 0.00660732 -0.01742209 0.02630194
v 0.01058455 -0.01533468 0.02630194
v -0.01313624 -0.01163855 0.02494504
v -0.01567062 -0.00822535 0.02536777
v -0.01324696 -0.01173664 0.02536777
v -0.01553965 -0.00815661 0.02494504
v -0.01553965 -0.00815661 0.02494504
v 0.00647284 -0.01706752 0.02606366
v -0.01893313 -0.00466731 0.02650000
v -0.00647238 -0.01706752 0.02606366
v -0.01036866 -0.01502259 0.02606366
v -0.01058408 -0.01533468 0.02630194
v 0.00627605 -0.01654863 0.02536777
v 0.00216222 -0.01780621 0.02574698
v 0.00636055 -0.01677142 0.02574698
v -0.01809058 -0.00445964 0.02630194
v -0.01863200 -0.00000065 0.02630194
v -0.01905472 -0.00000065 0.02644986
v -0.00660685 -0.01742209 0.02630194
v 0.00213350 -0.01756968 0.02536777
v -0.01005341 -0.01456587 0.02536777
v -0.01324696 -0.01173664 0.02536777
v -0.01342531 -0.01189464 0.02574698
v -0.01018877 -0.01476197 0.02574698
v -0.01850102 -0.00456080 0.02644986
v 0.01394666 -0.01235611 0.02630194
v 0.01082468 -0.01568258 0.02644986
v 0.01426307 -0.01263643 0.02644986
v -0.01687209 -0.00885593 0.02644986
v -0.01893313 -0.00466731 0.02650000
v -0.01726616 -0.00906275 0.02650000
v 0.01058455 -0.01533468 0.02630194
v -0.00224563 -0.01849703 0.02630194
v -0.00660685 -0.01742209 0.02630194
v -0.00675675 -0.01781735 0.02644986
v 0.01018923 -0.01476197 0.02574698
v 0.00636055 -0.01677142 0.02574698
v 0.00647284 -0.01706752 0.02606366
v -0.00229659 -0.01891668 0.02644986
v -0.01850102 -0.00456080 0.02644986
v -0.01772239 -0.00436889 0.02606366
v -0.01825279 -0.00000065 0.02606366
v -0.01863200 -0.00000065 0.02630194
v 0.01036913 -0.01502259 0.02606366
v -0.00636008 -0.01677142 0.02574698
v -0.01018877 -0.01476197 0.02574698
v -0.01036866 -0.01502259 0.02606366
v -0.00647238 -0.01706752 0.02606366
v 0.01687256 -0.00885593 0.02644986
v 0.01459619 -0.01293154 0.02650000
v 0.01726663 -0.00906275 0.02650000
v -0.01809058 -0.00445964 0.02630194
v -0.01649779 -0.00865948 0.02630194
v -0.01850102 -0.00456080 0.02644986
v -0.01687209 -0.00885593 0.02644986
v 0.01426307 -0.01263643 0.02644986
v 0.00229705 -0.01891668 0.02644986
v -0.00235023 -0.01935847 0.02650000
v 0.00235070 -0.01935847 0.02650000
v 0.00622360 -0.01641032 0.02494504
v 0.00211567 -0.01742284 0.02494504
v 0.00213350 -0.01756968 0.02536777
v -0.00229659 -0.01891668 0.02644986
v 0.00627605 -0.01654863 0.02536777
v -0.01809058 -0.00445964 0.02630194
v -0.01699125 -0.00418868 0.02450000
v -0.01749977 -0.00000065 0.02450000
v -0.01754991 -0.00000065 0.02494504
v 0.00622360 -0.01641032 0.02494504
v 0.00620582 -0.01636344 0.02450000
v 0.00210963 -0.01737306 0.02450000
v -0.01741491 -0.00429310 0.02574698
v -0.01793610 -0.00000065 0.02574698
v -0.01825279 -0.00000065 0.02606366
v 0.00211567 -0.01742284 0.02494504
v -0.00996938 -0.01444414 0.02494504
v -0.01309870 -0.01160530 0.02450000
v -0.01313624 -0.01163855 0.02494504
v 0.01366282 -0.01210464 0.02606366
v 0.01036913 -0.01502259 0.02606366
v 0.01058455 -0.01533468 0.02630194
v -0.00994090 -0.01440287 0.02450000
v -0.00996938 -0.01444414 0.02494504
v -0.01313624 -0.01163855 0.02494504
v -0.01324696 -0.01173664 0.02536777
v 0.01394666 -0.01235611 0.02630194
v -0.01005341 -0.01456587 0.02536777
v -0.01772239 -0.00436889 0.02606366
v -0.00219993 -0.01812059 0.02606366
v -0.00660685 -0.01742209 0.02630194
v -0.00224563 -0.01849703 0.02630194
v -0.01426261 -0.01263643 0.02644986
v -0.01687209 -0.00885593 0.02644986
v -0.01726616 -0.00906275 0.02650000
v 0.01005388 -0.01456587 0.02536777
v 0.00627605 -0.01654863 0.02536777
v 0.00636055 -0.01677142 0.02574698
v -0.01459573 -0.01293154 0.02650000
v -0.00647238 -0.01706752 0.02606366
v -0.00627559 -0.01654863 0.02536777
v -0.01005341 -0.01456587 0.02536777
v -0.01018877 -0.01476197 0.02574698
v 0.01018923 -0.01476197 0.02574698
v -0.00636008 -0.01677142 0.02574698
v 0.01649826 -0.00865948 0.02630194
v 0.01394666 -0.01235611 0.02630194
v 0.01426307 -0.01263643 0.02644986
v -0.01616201 -0.00848325 0.02606366
v -0.01772239 -0.00436889 0.02606366
v -0.01809058 -0.00445964 0.02630194
v -0.01649779 -0.00865948 0.02630194
v 0.00224610 -0.01849703 0.02630194
v -0.00229659 -0.01891668 0.02644986
v 0.00229705 -0.01891668 0.02644986
v -0.01718356 -0.00423608 0.02536777
v -0.01769783 -0.00000065 0.02536777
v -0.01793610 -0.00000065 0.02574698
v 0.01687256 -0.00885593 0.02644986
v -0.01741491 -0.00429310 0.02574698
v -0.00224563 -0.01849703 0.02630194
v 0.01342577 -0.01189464 0.02574698
v 0.01018923 -0.01476197 0.02574698
v 0.01036913 -0.01502259 0.02606366
v 0.01366282 -0.01210464 0.02606366
v -0.01394619 -0.01235611 0.02630194
v -0.01649779 -0.00865948 0.02630194
v -0.01687209 -0.00885593 0.02644986
v -0.00216175 -0.01780621 0.02574698
v -0.00636008 -0.01677142 0.02574698
v -0.00647238 -0.01706752 0.02606366
v 0.01850149 -0.00456080 0.02644986
v 0.01893360 -0.00466731 0.02650000
v 0.01950023 -0.00000065 0.02650000
v -0.00219993 -0.01812059 0.02606366
v 0.01850149 -0.00456080 0.02644986
v 0.01726663 -0.00906275 0.02650000
v 0.01893360 -0.00466731 0.02650000
v 0.01905519 -0.00000065 0.02644986
v -0.01426261 -0.01263643 0.02644986
v 0.01687256 -0.00885593 0.02644986
v 0.00675722 -0.01781735 0.02644986
v 0.00235070 -0.01935847 0.02650000
v 0.00691503 -0.01823347 0.02650000
v -0.01588160 -0.00833608 0.02574698
v -0.01772239 -0.00436889 0.02606366
v -0.01616201 -0.00848325 0.02606366
v 0.00996985 -0.01444414 0.02494504
v 0.00622360 -0.01641032 0.02494504
v 0.00627605 -0.01654863 0.02536777
v 0.00229705 -0.01891668 0.02644986
v -0.01741491 -0.00429310 0.02574698
v 0.00996985 -0.01444414 0.02494504
v 0.00994137 -0.01440287 0.02450000
v 0.00620582 -0.01636344 0.02450000
v 0.00622360 -0.01641032 0.02494504
v -0.00622313 -0.01641032 0.02494504
v -0.00620535 -0.01636344 0.02450000
v -0.00994090 -0.01440287 0.02450000
v 0.01005388 -0.01456587 0.02536777
v -0.00996938 -0.01444414 0.02494504
v -0.01082422 -0.01568258 0.02644986
v -0.01459573 -0.01293154 0.02650000
v -0.01107703 -0.01604884 0.02650000
v -0.00622313 -0.01641032 0.02494504
v -0.00996938 -0.01444414 0.02494504
v -0.01005341 -0.01456587 0.02536777
v -0.00627559 -0.01654863 0.02536777
v -0.01426261 -0.01263643 0.02644986
v 0.01616248 -0.00848325 0.02606366
v 0.01394666 -0.01235611 0.02630194
v 0.01649826 -0.00865948 0.02630194
v 0.01366282 -0.01210464 0.02606366
v -0.01703993 -0.00420068 0.02494504
v -0.01754991 -0.00000065 0.02494504
v -0.01769783 -0.00000065 0.02536777
v 0.00220039 -0.01812059 0.02606366
v -0.00219993 -0.01812059 0.02606366
v -0.00224563 -0.01849703 0.02630194
v 0.00224610 -0.01849703 0.02630194
v -0.01703993 -0.00420068 0.02494504
v -0.01718356 -0.00423608 0.02536777
v 0.01324742 -0.01173664 0.02536777
v 0.01005388 -0.01456587 0.02536777
v 0.01018923 -0.01476197 0.02574698
v -0.01366235 -0.01210464 0.02606366
v -0.01616201 -0.00848325 0.02606366
v -0.01649779 -0.00865948 0.02630194
v -0.00213303 -0.01756968 0.02536777
v -0.00627559 -0.01654863 0.02536777
v -0.00636008 -0.01677142 0.02574698
v 0.01342577 -0.01189464 0.02574698
v -0.00216175 -0.01780621 0.02574698
v 0.01809105 -0.00445964 0.02630194
v 0.01850149 -0.00456080 0.02644986
v 0.01905519 -0.00000065 0.02644986
v -0.01394619 -0.01235611 0.02630194
v 0.01863247 -0.00000065 0.02630194
v 0.01809105 -0.00445964 0.02630194
v 0.01649826 -0.00865948 0.02630194
v 0.01687256 -0.00885593 0.02644986
v 0.01850149 -0.00456080 0.02644986
v 0.00660732 -0.01742209 0.02630194
v 0.00224610 -0.01849703 0.02630194
v 0.00229705 -0.01891668 0.02644986
v -0.01567062 -0.00822535 0.02536777
v -0.01741491 -0.00429310 0.02574698
v -0.01588160 -0.00833608 0.02574698
v 0.00675722 -0.01781735 0.02644986
v -0.01718356 -0.00423608 0.02536777
v -0.01058408 -0.01533468 0.02630194
v -0.01426261 -0.01263643 0.02644986
v -0.01082422 -0.01568258 0.02644986
v 0.01588207 -0.00833608 0.02574698
v 0.01342577 -0.01189464 0.02574698
v 0.01366282 -0.01210464 0.02606366
v 0.01616248 -0.00848325 0.02606366
v 0.00216222 -0.01780621 0.02574698
v -0.00219993 -0.01812059 0.02606366
v 0.00220039 -0.01812059 0.02606366
v -0.01394619 -0.01235611 0.02630194
v -0.00216175 -0.01780621 0.02574698
v 0.01313671 -0.01163855 0.02494504
v 0.01309917 -0.01160530 0.02450000
v 0.00994137 -0.01440287 0.02450000
v 0.01313671 -0.01163855 0.02494504
v 0.01005388 -0.01456587 0.02536777
v 0.01324742 -0.01173664 0.02536777
v 0.00996985 -0.01444414 0.02494504
v 0.01082468 -0.01568258 0.02644986
v 0.00691503 -0.01823347 0.02650000
v 0.01107750 -0.01604884 0.02650000
v -0.01342531 -0.01189464 0.02574698
v -0.01588160 -0.00833608 0.02574698
v -0.01616201 -0.00848325 0.02606366
v 0.00996985 -0.01444414 0.02494504
v 0.01772285 -0.00436889 0.02606366
v 0.01649826 -0.00865948 0.02630194
v 0.01809105 -0.00445964 0.02630194
v 0.01616248 -0.00848325 0.02606366
v 0.01772285 -0.00436889 0.02606366
v 0.01863247 -0.00000065 0.02630194
v 0.01825325 -0.00000065 0.02606366
v 0.00675722 -0.01781735 0.02644986
v -0.01366235 -0.01210464 0.02606366
v -0.00211520 -0.01742284 0.02494504
v -0.00210916 -0.01737306 0.02450000
v -0.00620535 -0.01636344 0.02450000
v -0.00675675 -0.01781735 0.02644986
v -0.01107703 -0.01604884 0.02650000
v -0.00691456 -0.01823347 0.02650000
v 0.01809105 -0.00445964 0.02630194
v -0.00622313 -0.01641032 0.02494504
v 0.01567109 -0.00822535 0.02536777
v 0.01342577 -0.01189464 0.02574698
v 0.01588207 -0.00833608 0.02574698
v -0.00211520 -0.01742284 0.02494504
v -0.00627559 -0.01654863 0.02536777
v -0.00213303 -0.01756968 0.02536777
v -0.00622313 -0.01641032 0.02494504
v -0.01082422 -0.01568258 0.02644986
v 0.01324742 -0.01173664 0.02536777
v -0.01553965 -0.00815661 0.02494504
v -0.01549525 -0.00813331 0.02450000
v -0.01699125 -0.00418868 0.02450000
v -0.01553965 -0.00815661 0.02494504
v -0.01703993 -0.00420068 0.02494504
v -0.01718356 -0.00423608 0.02536777
v -0.01567062 -0.00822535 0.02536777
v 0.01741537 -0.00429310 0.02574698
v 0.01825325 -0.00000065 0.02606366
v 0.01793657 -0.00000065 0.02574698
v 0.00647284 -0.01706752 0.02606366
v 0.00220039 -0.01812059 0.02606366
v 0.00224610 -0.01849703 0.02630194
v 0.00660732 -0.01742209 0.02630194
v -0.01703993 -0.00420068 0.02494504
v -0.01036866 -0.01502259 0.02606366
v -0.01394619 -0.01235611 0.02630194
v -0.01058408 -0.01533468 0.02630194
v 0.01772285 -0.00436889 0.02606366
v 0.01741537 -0.00429310 0.02574698
v 0.01616248 -0.00848325 0.02606366
v 0.01772285 -0.00436889 0.02606366
v 0.01588207 -0.00833608 0.02574698
v -0.01366235 -0.01210464 0.02606366
v 0.00213350 -0.01756968 0.02536777
v -0.00213303 -0.01756968 0.02536777
v -0.00216175 -0.01780621 0.02574698
v 0.01554011 -0.00815661 0.02494504
v 0.01313671 -0.01163855 0.02494504
v 0.01324742 -0.01173664 0.02536777
v 0.00216222 -0.01780621 0.02574698
v 0.01058455 -0.01533468 0.02630194
v 0.00675722 -0.01781735 0.02644986
v 0.01082468 -0.01568258 0.02644986
v -0.01324696 -0.01173664 0.02536777
v -0.01588160 -0.00833608 0.02574698
v -0.01342531 -0.01189464 0.02574698
v 0.01554011 -0.00815661 0.02494504
v 0.01549571 -0.00813331 0.02450000
v 0.01309917 -0.01160530 0.02450000
v 0.01313671 -0.01163855 0.02494504
v 0.01567109 -0.00822535 0.02536777
v 0.01718402 -0.00423608 0.02536777
v 0.01793657 -0.00000065 0.02574698
v 0.01769830 -0.00000065 0.02536777
v -0.01567062 -0.00822535 0.02536777
v 0.01718402 -0.00423608 0.02536777
v 0.01567109 -0.00822535 0.02536777
v 0.01588207 -0.00833608 0.02574698
v 0.00660732 -0.01742209 0.02630194
v 0.01741537 -0.00429310 0.02574698
v 0.00647284 -0.01706752 0.02606366
v -0.00675675 -0.01781735 0.02644986
v 0.01741537 -0.00429310 0.02574698
v 0.01755038 -0.00000065 0.02494504
v 0.01755038 -0.00000065 0.02494504
v 0.01850149 -0.00456080 0.00355014
v 0.01863247 -0.00000065 0.00369806
v 0.01905519 -0.00000065 0.00355014
v 0.01850149 -0.00456080 0.00355014
v 0.01905519 -0.00000065 0.00355014
v 0.01950023 -0.00000065 0.00350000
v -0.00627559 -0.01654863 0.00463223
v -0.00996938 -0.01444414 0.00505496
v -0.00622313 -0.01641032 0.00505496
v 0.01850149 -0.00456080 0.00355014
v 0.01893360 -0.00466731 0.00350000
v 0.01726663 -0.00906275 0.00350000
v -0.01036866 -0.01502259 0.00393634
v -0.01366235 -0.01210464 0.00393634
v -0.01342531 -0.01189464 0.00425302
v 0.01893360 -0.00466731 0.00350000
v 0.00647284 -0.01706752 0.00393634
v 0.00220039 -0.01812059 0.00393634
v 0.00216222 -0.01780621 0.00425302
v 0.01850149 -0.00456080 0.00355014
v 0.01649826 -0.00865948 0.00369806
v 0.01809105 -0.00445964 0.00369806
v 0.01313671 -0.01163855 0.00505496
v 0.00996985 -0.01444414 0.00505496
v 0.00994137 -0.01440287 0.00550000
v 0.01687256 -0.00885593 0.00355014
v 0.01809105 -0.00445964 0.00369806
v 0.01687256 -0.00885593 0.00355014
v 0.01309917 -0.01160530 0.00550000
v -0.01018877 -0.01476197 0.00425302
v -0.00211520 -0.01742284 0.00505496
v -0.00620535 -0.01636344 0.00550000
v -0.00210916 -0.01737306 0.00550000
v 0.00229705 -0.01891668 0.00355014
v -0.00229659 -0.01891668 0.00355014
v -0.00224563 -0.01849703 0.00369806
v -0.00622313 -0.01641032 0.00505496
v 0.00229705 -0.01891668 0.00355014
v 0.00235070 -0.01935847 0.00350000
v -0.00235023 -0.01935847 0.00350000
v -0.00229659 -0.01891668 0.00355014
v 0.00224610 -0.01849703 0.00369806
v -0.01703993 -0.00420068 0.00505496
v -0.01754991 -0.00000065 0.00505496
v -0.01749977 -0.00000065 0.00550000
v -0.01426261 -0.01263643 0.00355014
v -0.01459573 -0.01293154 0.00350000
v -0.01726616 -0.00906275 0.00350000
v 0.01018923 -0.01476197 0.00425302
v 0.00627605 -0.01654863 0.00463223
v 0.01005388 -0.01456587 0.00463223
v 0.00636055 -0.01677142 0.00425302
v -0.01426261 -0.01263643 0.00355014
v -0.01687209 -0.00885593 0.00355014
v -0.01649779 -0.00865948 0.00369806
v -0.01394619 -0.01235611 0.00369806
v -0.01699125 -0.00418868 0.00550000
v -0.01687209 -0.00885593 0.00355014
v -0.00636008 -0.01677142 0.00425302
v -0.01005341 -0.01456587 0.00463223
v -0.00627559 -0.01654863 0.00463223
v 0.00660732 -0.01742209 0.00369806
v 0.00224610 -0.01849703 0.00369806
v 0.00220039 -0.01812059 0.00393634
v -0.01718356 -0.00423608 0.00463223
v -0.01769783 -0.00000065 0.00463223
v -0.01754991 -0.00000065 0.00505496
v -0.01018877 -0.01476197 0.00425302
v 0.00647284 -0.01706752 0.00393634
v -0.01058408 -0.01533468 0.00369806
v -0.01366235 -0.01210464 0.00393634
v -0.01036866 -0.01502259 0.00393634
v -0.01703993 -0.00420068 0.00505496
v 0.01324742 -0.01173664 0.00463223
v 0.00996985 -0.01444414 0.00505496
v 0.01313671 -0.01163855 0.00505496
v -0.01553965 -0.00815661 0.00505496
v -0.01699125 -0.00418868 0.00550000
v -0.01549525 -0.00813331 0.00550000
v -0.01394619 -0.01235611 0.00369806
v -0.01703993 -0.00420068 0.00505496
v 0.01005388 -0.01456587 0.00463223
v -0.00213303 -0.01756968 0.00463223
v -0.00627559 -0.01654863 0.00463223
v -0.00622313 -0.01641032 0.00505496
v -0.01741491 -0.00429310 0.00425302
v -0.01793610 -0.00000065 0.00425302
v -0.01769783 -0.00000065 0.00463223
v 0.01036913 -0.01502259 0.00393634
v 0.00636055 -0.01677142 0.00425302
v 0.01018923 -0.01476197 0.00425302
v -0.00211520 -0.01742284 0.00505496
v -0.01718356 -0.00423608 0.00463223
v 0.00647284 -0.01706752 0.00393634
v -0.00647238 -0.01706752 0.00393634
v -0.01036866 -0.01502259 0.00393634
v -0.01018877 -0.01476197 0.00425302
v 0.01554011 -0.00815661 0.00505496
v 0.01309917 -0.01160530 0.00550000
v 0.01549571 -0.00813331 0.00550000
v -0.00636008 -0.01677142 0.00425302
v 0.01313671 -0.01163855 0.00505496
v 0.00211567 -0.01742284 0.00505496
v -0.00210916 -0.01737306 0.00550000
v 0.00210963 -0.01737306 0.00550000
v -0.01567062 -0.00822535 0.00463223
v -0.01703993 -0.00420068 0.00505496
v -0.01553965 -0.00815661 0.00505496
v 0.00675722 -0.01781735 0.00355014
v 0.00224610 -0.01849703 0.00369806
v 0.00660732 -0.01742209 0.00369806
v 0.00675722 -0.01781735 0.00355014
v 0.00235070 -0.01935847 0.00350000
v 0.00229705 -0.01891668 0.00355014
v -0.01718356 -0.00423608 0.00463223
v 0.00229705 -0.01891668 0.00355014
v -0.01772239 -0.00436889 0.00393634
v -0.01825279 -0.00000065 0.00393634
v -0.01793610 -0.00000065 0.00425302
v -0.00211520 -0.01742284 0.00505496
v 0.00691503 -0.01823347 0.00350000
v -0.01082422 -0.01568258 0.00355014
v -0.01107703 -0.01604884 0.00350000
v -0.01459573 -0.01293154 0.00350000
v 0.01342577 -0.01189464 0.00425302
v 0.01005388 -0.01456587 0.00463223
v 0.01324742 -0.01173664 0.00463223
v -0.01426261 -0.01263643 0.00355014
v 0.01018923 -0.01476197 0.00425302
v -0.01082422 -0.01568258 0.00355014
v -0.01426261 -0.01263643 0.00355014
v -0.01394619 -0.01235611 0.00369806
v -0.01741491 -0.00429310 0.00425302
v -0.01058408 -0.01533468 0.00369806
v -0.01313624 -0.01163855 0.00505496
v -0.01553965 -0.00815661 0.00505496
v -0.01549525 -0.00813331 0.00550000
v -0.01309870 -0.01160530 0.00550000
v -0.00216175 -0.01780621 0.00425302
v -0.00636008 -0.01677142 0.00425302
v -0.00627559 -0.01654863 0.00463223
v 0.01058455 -0.01533468 0.00369806
v 0.00660732 -0.01742209 0.00369806
v 0.00647284 -0.01706752 0.00393634
v -0.00213303 -0.01756968 0.00463223
v 0.01036913 -0.01502259 0.00393634
v -0.01588160 -0.00833608 0.00425302
v -0.01741491 -0.00429310 0.00425302
v -0.01718356 -0.00423608 0.00463223
v -0.00660685 -0.01742209 0.00369806
v -0.01058408 -0.01533468 0.00369806
v -0.01036866 -0.01502259 0.00393634
v -0.01567062 -0.00822535 0.00463223
v 0.01567109 -0.00822535 0.00463223
v 0.01324742 -0.01173664 0.00463223
v 0.01313671 -0.01163855 0.00505496
v -0.00647238 -0.01706752 0.00393634
v -0.01809058 -0.00445964 0.00369806
v -0.01863200 -0.00000065 0.00369806
v -0.01825279 -0.00000065 0.00393634
v -0.01772239 -0.00436889 0.00393634
v 0.01554011 -0.00815661 0.00505496
v 0.00213350 -0.01756968 0.00463223
v -0.00213303 -0.01756968 0.00463223
v -0.00211520 -0.01742284 0.00505496
v 0.01366282 -0.01210464 0.00393634
v 0.01018923 -0.01476197 0.00425302
v 0.01342577 -0.01189464 0.00425302
v 0.00211567 -0.01742284 0.00505496
v 0.01036913 -0.01502259 0.00393634
v -0.00219993 -0.01812059 0.00393634
v -0.00636008 -0.01677142 0.00425302
v -0.00216175 -0.01780621 0.00425302
v -0.01324696 -0.01173664 0.00463223
v -0.01567062 -0.00822535 0.00463223
v -0.01553965 -0.00815661 0.00505496
v -0.00647238 -0.01706752 0.00393634
v -0.01313624 -0.01163855 0.00505496
v 0.01704040 -0.00420068 0.00505496
v 0.01549571 -0.00813331 0.00550000
v 0.01699172 -0.00418868 0.00550000
v 0.01704040 -0.00420068 0.00505496
v 0.01699172 -0.00418868 0.00550000
v 0.01750023 -0.00000065 0.00550000
v 0.01755038 -0.00000065 0.00505496
v 0.00622360 -0.01641032 0.00505496
v 0.00210963 -0.01737306 0.00550000
v 0.00620582 -0.01636344 0.00550000
v 0.01554011 -0.00815661 0.00505496
v -0.01616201 -0.00848325 0.00393634
v -0.01772239 -0.00436889 0.00393634
v -0.01741491 -0.00429310 0.00425302
v 0.01082468 -0.01568258 0.00355014
v 0.00675722 -0.01781735 0.00355014
v 0.00660732 -0.01742209 0.00369806
v 0.00211567 -0.01742284 0.00505496
v 0.01058455 -0.01533468 0.00369806
v -0.01588160 -0.00833608 0.00425302
v 0.01082468 -0.01568258 0.00355014
v 0.01107750 -0.01604884 0.00350000
v 0.00691503 -0.01823347 0.00350000
v -0.00996938 -0.01444414 0.00505496
v -0.01309870 -0.01160530 0.00550000
v -0.00994090 -0.01440287 0.00550000
v -0.00675675 -0.01781735 0.00355014
v -0.00691456 -0.01823347 0.00350000
v -0.01107703 -0.01604884 0.00350000
v 0.00675722 -0.01781735 0.00355014
v -0.01082422 -0.01568258 0.00355014
v 0.01588207 -0.00833608 0.00425302
v 0.01342577 -0.01189464 0.00425302
v 0.01324742 -0.01173664 0.00463223
v -0.00675675 -0.01781735 0.00355014
v -0.01082422 -0.01568258 0.00355014
v -0.01058408 -0.01533468 0.00369806
v -0.01313624 -0.01163855 0.00505496
v -0.00660685 -0.01742209 0.00369806
v -0.01850102 -0.00456080 0.00355014
v -0.01905472 -0.00000065 0.00355014
v -0.01863200 -0.00000065 0.00369806
v 0.01567109 -0.00822535 0.00463223
v -0.01850102 -0.00456080 0.00355014
v -0.01949977 -0.00000065 0.00350000
v -0.01905472 -0.00000065 0.00355014
v -0.01893313 -0.00466731 0.00350000
v 0.00216222 -0.01780621 0.00425302
v -0.00216175 -0.01780621 0.00425302
v -0.00213303 -0.01756968 0.00463223
v 0.00213350 -0.01756968 0.00463223
v -0.01809058 -0.00445964 0.00369806
v 0.01394666 -0.01235611 0.00369806
v 0.01058455 -0.01533468 0.00369806
v 0.01036913 -0.01502259 0.00393634
v -0.00224563 -0.01849703 0.00369806
v -0.00660685 -0.01742209 0.00369806
v -0.00647238 -0.01706752 0.00393634
v 0.01366282 -0.01210464 0.00393634
v -0.00219993 -0.01812059 0.00393634
v -0.01342531 -0.01189464 0.00425302
v -0.01567062 -0.00822535 0.00463223
v -0.01324696 -0.01173664 0.00463223
v -0.01588160 -0.00833608 0.00425302
v 0.01718402 -0.00423608 0.00463223
v 0.01704040 -0.00420068 0.00505496
v 0.01755038 -0.00000065 0.00505496
v 0.01769830 -0.00000065 0.00463223
v -0.01649779 -0.00865948 0.00369806
v -0.01809058 -0.00445964 0.00369806
v -0.01772239 -0.00436889 0.00393634
v 0.01718402 -0.00423608 0.00463223
v 0.01567109 -0.00822535 0.00463223
v 0.01554011 -0.00815661 0.00505496
v 0.01704040 -0.00420068 0.00505496
v 0.00627605 -0.01654863 0.00463223
v 0.00213350 -0.01756968 0.00463223
v 0.00211567 -0.01742284 0.00505496
v -0.01616201 -0.00848325 0.00393634
v 0.00622360 -0.01641032 0.00505496
v 0.01616248 -0.00848325 0.00393634
v 0.01366282 -0.01210464 0.00393634
v 0.01342577 -0.01189464 0.00425302
v 0.01588207 -0.00833608 0.00425302
v 0.00220039 -0.01812059 0.00393634
v -0.00219993 -0.01812059 0.00393634
v -0.00216175 -0.01780621 0.00425302
v -0.01005341 -0.01456587 0.00463223
v -0.01313624 -0.01163855 0.00505496
v -0.00996938 -0.01444414 0.00505496
v 0.00216222 -0.01780621 0.00425302
v -0.01324696 -0.01173664 0.00463223
v 0.01426307 -0.01263643 0.00355014
v 0.01058455 -0.01533468 0.00369806
v 0.01394666 -0.01235611 0.00369806
v 0.01426307 -0.01263643 0.00355014
v 0.01459619 -0.01293154 0.00350000
v 0.01107750 -0.01604884 0.00350000
v 0.01082468 -0.01568258 0.00355014
v 0.00996985 -0.01444414 0.00505496
v 0.00620582 -0.01636344 0.00550000
v 0.00994137 -0.01440287 0.00550000
v 0.01082468 -0.01568258 0.00355014
v -0.01366235 -0.01210464 0.00393634
v -0.01588160 -0.00833608 0.00425302
v -0.01342531 -0.01189464 0.00425302
v -0.01616201 -0.00848325 0.00393634
v 0.01741537 -0.00429310 0.00425302
v 0.01718402 -0.00423608 0.00463223
v 0.01769830 -0.00000065 0.00463223
v 0.01793657 -0.00000065 0.00425302
v 0.00622360 -0.01641032 0.00505496
v -0.00622313 -0.01641032 0.00505496
v -0.00994090 -0.01440287 0.00550000
v -0.00620535 -0.01636344 0.00550000
v -0.00229659 -0.01891668 0.00355014
v -0.00235023 -0.01935847 0.00350000
v -0.00691456 -0.01823347 0.00350000
v 0.01741537 -0.00429310 0.00425302
v 0.01588207 -0.00833608 0.00425302
v 0.01567109 -0.00822535 0.00463223
v -0.00675675 -0.01781735 0.00355014
v 0.01718402 -0.00423608 0.00463223
v -0.00229659 -0.01891668 0.00355014
v -0.00660685 -0.01742209 0.00369806
v -0.00224563 -0.01849703 0.00369806
v -0.00675675 -0.01781735 0.00355014
v -0.00996938 -0.01444414 0.00505496
v 0.01649826 -0.00865948 0.00369806
v 0.01366282 -0.01210464 0.00393634
v 0.01616248 -0.00848325 0.00393634
v 0.01394666 -0.01235611 0.00369806
v -0.01687209 -0.00885593 0.00355014
v -0.01726616 -0.00906275 0.00350000
v -0.01893313 -0.00466731 0.00350000
v 0.00636055 -0.01677142 0.00425302
v 0.00216222 -0.01780621 0.00425302
v 0.00213350 -0.01756968 0.00463223
v -0.01687209 -0.00885593 0.00355014
v -0.01850102 -0.00456080 0.00355014
v -0.01809058 -0.00445964 0.00369806
v 0.00627605 -0.01654863 0.00463223
v -0.01850102 -0.00456080 0.00355014
v 0.01772285 -0.00436889 0.00393634
v 0.01793657 -0.00000065 0.00425302
v 0.01825325 -0.00000065 0.00393634
v -0.01649779 -0.00865948 0.00369806
v -0.01018877 -0.01476197 0.00425302
v -0.01342531 -0.01189464 0.00425302
v -0.01324696 -0.01173664 0.00463223
v 0.01741537 -0.00429310 0.00425302
v 0.01772285 -0.00436889 0.00393634
v 0.01616248 -0.00848325 0.00393634
v 0.01588207 -0.00833608 0.00425302
v 0.00224610 -0.01849703 0.00369806
v -0.00224563 -0.01849703 0.00369806
v -0.00219993 -0.01812059 0.00393634
v 0.01741537 -0.00429310 0.00425302
v 0.00220039 -0.01812059 0.00393634
v -0.01005341 -0.01456587 0.00463223
v 0.01687256 -0.00885593 0.00355014
v 0.01726663 -0.00906275 0.00350000
v 0.01459619 -0.01293154 0.00350000
v 0.01005388 -0.01456587 0.00463223
v 0.00622360 -0.01641032 0.00505496
v 0.00996985 -0.01444414 0.00505496
v -0.01394619 -0.01235611 0.00369806
v -0.01616201 -0.00848325 0.00393634
v -0.01366235 -0.01210464 0.00393634
v 0.01426307 -0.01263643 0.00355014
v 0.01687256 -0.00885593 0.00355014
v 0.01426307 -0.01263643 0.00355014
v 0.01394666 -0.01235611 0.00369806
v 0.01649826 -0.00865948 0.00369806
v -0.01649779 -0.00865948 0.00369806
v 0.01809105 -0.00445964 0.00369806
v 0.01825325 -0.00000065 0.00393634
v 0.01863247 -0.00000065 0.00369806
v 0.00627605 -0.01654863 0.00463223
v -0.01005341 -0.01456587 0.00463223
v 0.01809105 -0.00445964 0.00369806
v 0.01649826 -0.00865948 0.00369806
v 0.01616248 -0.00848325 0.00393634
v 0.01772285 -0.00436889 0.00393634
v 0.00636055 -0.01677142 0.00425302
v 0.01772285 -0.00436889 0.00393634
v 0.01750023 -0.00000065 0.02450000
v 0.01699172 0.00418737 0.02450000
v 0.01750023 -0.00000065 0.02050000
v 0.01699172 0.00418737 0.02050000
v 0.01699172 0.00418737 0.02050000
v 0.01549571 0.00813200 0.02450000
v 0.01549571 0.00813200 0.02050000
v 0.01699172 0.00418737 0.02450000
v 0.01549571 0.00813200 0.02050000
v 0.01309917 0.01160399 0.02450000
v 0.01309917 0.01160399 0.02050000
v 0.01549571 0.00813200 0.02450000
v 0.01309917 0.01160399 0.02050000
v 0.00994137 0.01440157 0.02450000
v 0.00994137 0.01440157 0.02050000
v 0.01309917 0.01160399 0.02450000
v 0.00994137 0.01440157 0.02050000
v 0.00620582 0.01636213 0.02450000
v 0.00620582 0.01636213 0.02050000
v 0.00994137 0.01440157 0.02450000
v 0.00620582 0.01636213 0.02050000
v 0.00210963 0.01737175 0.02450000
v 0.00210963 0.01737175 0.02050000
v 0.00620582 0.01636213 0.02450000
v 0.00210963 0.01737175 0.02050000
v -0.00210916 0.01737175 0.02450000
v -0.00210916 0.01737175 0.02050000
v 0.00210963 0.01737175 0.02450000
v -0.00210916 0.01737175 0.02050000
v -0.00620535 0.01636213 0.02450000
v -0.00620535 0.01636213 0.02050000
v -0.00210916 0.01737175 0.02450000
v -0.00620535 0.01636213 0.02050000
v -0.00994090 0.01440157 0.02450000
v -0.00994090 0.01440157 0.02050000
v -0.00620535 0.01636213 0.02450000
v -0.00994090 0.01440157 0.02050000
v -0.01309870 0.01160399 0.02450000
v -0.01309870 0.01160399 0.02050000
v -0.00994090 0.01440157 0.02450000
v -0.01309870 0.01160399 0.02050000
v -0.01549525 0.00813200 0.02450000
v -0.01549525 0.00813200 0.02050000
v -0.01309870 0.01160399 0.02450000
v -0.01549525 0.00813200 0.02050000
v -0.01699125 0.00418737 0.02450000
v -0.01699125 0.00418737 0.02050000
v -0.01549525 0.00813200 0.02450000
v -0.01699125 0.00418737 0.02050000
v -0.01749977 -0.00000065 0.02450000
v -0.01749977 -0.00000065 0.02050000
v -0.01699125 0.00418737 0.02450000
v 0.01750023 -0.00000065 0.00950000
v 0.01699172 0.00418737 0.00950000
v 0.01750023 -0.00000065 0.00550000
v 0.01699172 0.00418737 0.00550000
v 0.01699172 0.00418737 0.00550000
v 0.01549571 0.00813200 0.00950000
v 0.01549571 0.00813200 0.00550000
v 0.01699172 0.00418737 0.00950000
v 0.01549571 0.00813200 0.00550000
v 0.01309917 0.01160399 0.00950000
v 0.01309917 0.01160399 0.00550000
v 0.01549571 0.00813200 0.00950000
v 0.01309917 0.01160399 0.00550000
v 0.00994137 0.01440157 0.00950000
v 0.00994137 0.01440157 0.00550000
v 0.01309917 0.01160399 0.00950000
v 0.00994137 0.01440157 0.00550000
v 0.00620582 0.01636213 0.00950000
v 0.00620582 0.01636213 0.00550000
v 0.00994137 0.01440157 0.00950000
v 0.00620582 0.01636213 0.00550000
v 0.00210963 0.01737175 0.00950000
v 0.00210963 0.01737175 0.00550000
v 0.00620582 0.01636213 0.00950000
v 0.00210963 0.01737175 0.00550000
v -0.00210916 0.01737175 0.00950000
v -0.00210916 0.01737175 0.00550000
v 0.00210963 0.01737175 0.00950000
v -0.00210916 0.01737175 0.00550000
v -0.00620535 0.01636213 0.00950000
v -0.00620535 0.01636213 0.00550000
v -0.00210916 0.01737175 0.00950000
v -0.00620535 0.01636213 0.00550000
v -0.00994090 0.01440157 0.00950000
v -0.00994090 0.01440157 0.00550000
v -0.00620535 0.01636213 0.00950000
v -0.00994090 0.01440157 0.00550000
v -0.01309870 0.01160399 0.00950000
v -0.01309870 0.01160399 0.00550000
v -0.00994090 0.01440157 0.00950000
v -0.01309870 0.01160399 0.00550000
v -0.01549525 0.00813200 0.00950000
v -0.01549525 0.00813200 0.00550000
v -0.01309870 0.01160399 0.00950000
v -0.01549525 0.00813200 0.00550000
v -0.01699125 0.00418737 0.00950000
v -0.01699125 0.00418737 0.00550000
v -0.01549525 0.00813200 0.00950000
v -0.01699125 0.00418737 0.00550000
v -0.01749977 -0.00000065 0.00950000
v -0.01749977 -0.00000065 0.00550000
v -0.01699125 0.00418737 0.00950000
v 0.01549571 -0.00813331 0.02050000
v 0.00617261 -0.00426114 0.02050000
v 0.01309917 -0.01160530 0.02050000
v 0.00701286 -0.00266019 0.02050000
v -0.00620535 0.01636213 0.02050000
v -0.00348519 0.00664027 0.02050000
v -0.00179463 0.00728141 0.02050000
v -0.00994090 0.01440157 0.02050000
v -0.00497319 -0.00561448 0.02050000
v -0.01309870 -0.01160530 0.02050000
v -0.00994090 -0.01440287 0.02050000
v -0.00617214 -0.00426114 0.02050000
v -0.01549525 -0.00813331 0.02050000
v 0.01699172 -0.00418868 0.02050000
v 0.00744555 -0.00090468 0.02050000
v -0.00210916 0.01737175 0.02050000
v 0.00000023 0.00749935 0.02050000
v 0.01750023 -0.00000065 0.02050000
v -0.00348519 -0.00664157 0.02050000
v -0.00620535 -0.01636344 0.02050000
v 0.00744555 0.00090337 0.02050000
v -0.00701239 -0.00266019 0.02050000
v -0.01699125 -0.00418868 0.02050000
v 0.00210963 0.01737175 0.02050000
v 0.00179510 0.00728141 0.02050000
v -0.00179463 -0.00728271 0.02050000
v -0.00210916 -0.01737306 0.02050000
v 0.01699172 0.00418737 0.02050000
v 0.00701286 0.00265888 0.02050000
v -0.00744508 -0.00090468 0.02050000
v -0.01749977 -0.00000065 0.02050000
v 0.00620582 0.01636213 0.02050000
v 0.00348566 0.00664027 0.02050000
v 0.00000023 -0.00750065 0.02050000
v 0.00210963 -0.01737306 0.02050000
v 0.01549571 0.00813200 0.02050000
v 0.00617261 0.00425983 0.02050000
v 0.00994137 0.01440157 0.02050000
v 0.00497365 0.00561318 0.02050000
v -0.00744508 0.00090337 0.02050000
v -0.01699125 0.00418737 0.02050000
v 0.01309917 0.01160399 0.02050000
v 0.00179510 -0.00728271 0.02050000
v 0.00620582 -0.01636344 0.02050000
v -0.00701239 0.00265888 0.02050000
v -0.01549525 0.00813200 0.02050000
v 0.00348566 -0.00664157 0.02050000
v 0.00994137 -0.01440287 0.02050000
v -0.00617214 0.00425983 0.02050000
v -0.01309870 0.01160399 0.02050000
v 0.00497365 -0.00561448 0.02050000
v -0.00497319 0.00561318 0.02050000
v -0.01549525 -0.00813331 0.00950000
v -0.00617214 -0.00426114 0.00950000
v -0.01309870 -0.01160530 0.00950000
v -0.00701239 -0.00266019 0.00950000
v 0.00620582 0.01636213 0.00950000
v 0.00348566 0.00664027 0.00950000
v 0.00179510 0.00728141 0.00950000
v 0.00994137 0.01440157 0.00950000
v 0.00497365 -0.00561448 0.00950000
v 0.01309917 -0.01160530 0.00950000
v 0.00994137 -0.01440287 0.00950000
v 0.00617261 -0.00426114 0.00950000
v 0.01549571 -0.00813331 0.00950000
v -0.01699125 -0.00418868 0.00950000
v -0.00744508 -0.00090468 0.00950000
v 0.00210963 0.01737175 0.00950000
v 0.00000023 0.00749935 0.00950000
v 0.00348566 -0.00664157 0.00950000
v 0.00620582 -0.01636344 0.00950000
v -0.01749977 -0.00000065 0.00950000
v 0.00701286 -0.00266019 0.00950000
v 0.01699172 -0.00418868 0.00950000
v -0.00744508 0.00090337 0.00950000
v -0.00210916 0.01737175 0.00950000
v -0.00179463 0.00728141 0.00950000
v 0.00179510 -0.00728271 0.00950000
v 0.00210963 -0.01737306 0.00950000
v -0.01699125 0.00418737 0.00950000
v -0.00701239 0.00265888 0.00950000
v 0.00744555 -0.00090468 0.00950000
v 0.01750023 -0.00000065 0.00950000
v -0.00620535 0.01636213 0.00950000
v -0.00348519 0.00664027 0.00950000
v 0.00000023 -0.00750065 0.00950000
v -0.00210916 -0.01737306 0.00950000
v -0.01549525 0.00813200 0.00950000
v -0.00617214 0.00425983 0.00950000
v -0.00994090 0.01440157 0.00950000
v -0.00497319 0.00561318 0.00950000
v 0.00744555 0.00090337 0.00950000
v 0.01699172 0.00418737 0.00950000
v -0.01309870 0.01160399 0.00950000
v -0.00179463 -0.00728271 0.00950000
v -0.00620535 -0.01636344 0.00950000
v 0.00701286 0.00265888 0.00950000
v 0.01549571 0.00813200 0.00950000
v -0.00348519 -0.00664157 0.00950000
v -0.00994090 -0.01440287 0.00950000
v 0.00617261 0.00425983 0.00950000
v 0.01309917 0.01160399 0.00950000
v -0.00497319 -0.00561448 0.00950000
v 0.00497365 0.00561318 0.00950000
v 0.00000023 -0.00750065 0.00950000
v 0.00000023 -0.00750065 0.02050000
v 0.00179510 -0.00728271 0.00950000
v 0.00179510 -0.00728271 0.00950000
v 0.00179510 -0.00728271 0.02050000
v 0.00348566 -0.00664157 0.00950000
v 0.00179510 -0.00728271 0.02050000
v 0.00348566 -0.00664157 0.00950000
v 0.00348566 -0.00664157 0.02050000
v 0.00497365 -0.00561448 0.00950000
v 0.00348566 -0.00664157 0.02050000
v 0.00497365 -0.00561448 0.00950000
v 0.00497365 -0.00561448 0.02050000
v 0.00617261 -0.00426114 0.00950000
v 0.00497365 -0.00561448 0.02050000
v 0.00617261 -0.00426114 0.00950000
v 0.00617261 -0.00426114 0.02050000
v 0.00701286 -0.00266019 0.00950000
v 0.00617261 -0.00426114 0.02050000
v 0.00701286 -0.00266019 0.00950000
v 0.00701286 -0.00266019 0.02050000
v 0.00744555 -0.00090468 0.00950000
v 0.00701286 -0.00266019 0.02050000
v 0.00744555 -0.00090468 0.00950000
v 0.00744555 -0.00090468 0.02050000
v 0.00744555 0.00090337 0.00950000
v 0.00744555 -0.00090468 0.02050000
v 0.00744555 0.00090337 0.00950000
v 0.00744555 0.00090337 0.02050000
v 0.00701286 0.00265888 0.00950000
v 0.00744555 0.00090337 0.02050000
v 0.00701286 0.00265888 0.00950000
v 0.00701286 0.00265888 0.02050000
v 0.00617261 0.00425983 0.00950000
v 0.00701286 0.00265888 0.02050000
v 0.00617261 0.00425983 0.00950000
v 0.00617261 0.00425983 0.02050000
v 0.00497365 0.00561318 0.00950000
v 0.00617261 0.00425983 0.02050000
v 0.00497365 0.00561318 0.00950000
v 0.00497365 0.00561318 0.02050000
v 0.00348566 0.00664027 0.00950000
v 0.00497365 0.00561318 0.02050000
v 0.00348566 0.00664027 0.00950000
v 0.00348566 0.00664027 0.02050000
v 0.00179510 0.00728141 0.00950000
v 0.00348566 0.00664027 0.02050000
v 0.00179510 0.00728141 0.00950000
v 0.00179510 0.00728141 0.02050000
v 0.00000023 0.00749935 0.00950000
v 0.00179510 0.00728141 0.02050000
v 0.00000023 0.00749935 0.02050000
v 0.00786903 0.03447479 -0.00585861
v 0.00000023 0.03536139 -0.00585861
v 0.00000023 0.02749935 -0.00350000
v 0.00611956 0.02680987 -0.00350000
v 0.01534325 0.03185945 -0.00585861
v 0.00611956 0.02680987 -0.00350000
v 0.01193204 0.02477599 -0.00350000
v 0.00786903 0.03447479 -0.00585861
v 0.02204811 0.02764651 -0.00585861
v 0.01193204 0.02477599 -0.00350000
v 0.01714620 0.02149971 -0.00350000
v 0.01534325 0.03185945 -0.00585861
v 0.02764739 0.02204722 -0.00585861
v 0.01714620 0.02149971 -0.00350000
v 0.02150060 0.01714532 -0.00350000
v 0.02204811 0.02764651 -0.00585861
v 0.03186033 0.01534236 -0.00585861
v 0.02150060 0.01714532 -0.00350000
v 0.02477688 0.01193115 -0.00350000
v 0.02764739 0.02204722 -0.00585861
v 0.03447568 0.00786814 -0.00585861
v 0.02477688 0.01193115 -0.00350000
v 0.02681075 0.00611867 -0.00350000
v 0.03186033 0.01534236 -0.00585861
v 0.03536228 -0.00000065 -0.00585861
v 0.02681075 0.00611867 -0.00350000
v 0.02750023 -0.00000065 -0.00350000
v 0.03447568 0.00786814 -0.00585861
v 0.03447568 -0.00786945 -0.00585861
v 0.02750023 -0.00000065 -0.00350000
v 0.02681075 -0.00611998 -0.00350000
v 0.03536228 -0.00000065 -0.00585861
v 0.03186033 -0.01534367 -0.00585861
v 0.02681075 -0.00611998 -0.00350000
v 0.02477688 -0.01193246 -0.00350000
v 0.03447568 -0.00786945 -0.00585861
v 0.02764739 -0.02204852 -0.00585861
v 0.02477688 -0.01193246 -0.00350000
v 0.02150060 -0.01714662 -0.00350000
v 0.03186033 -0.01534367 -0.00585861
v 0.02204811 -0.02764781 -0.00585861
v 0.02150060 -0.01714662 -0.00350000
v 0.01714620 -0.02150102 -0.00350000
v 0.02764739 -0.02204852 -0.00585861
v 0.01534325 -0.03186075 -0.00585861
v 0.01714620 -0.02150102 -0.00350000
v 0.01193204 -0.02477730 -0.00350000
v 0.02204811 -0.02764781 -0.00585861
v 0.00786903 -0.03447610 -0.00585861
v 0.01193204 -0.02477730 -0.00350000
v 0.00611956 -0.02681117 -0.00350000
v 0.00786903 -0.03447610 -0.00585861
v 0.00611956 -0.02681117 -0.00350000
v 0.00000023 -0.02750065 -0.00350000
v 0.01534325 -0.03186075 -0.00585861
v 0.00000023 -0.03536269 -0.00585861
v -0.02762496 0.02447313 -0.00694130
v -0.02096526 0.03037311 -0.00694130
v -0.02114957 0.03064013 -0.00749118
v 0.00444887 0.03663713 -0.00694130
v 0.00821279 0.03598090 -0.00694130
v 0.00828498 0.03629721 -0.00749118
v -0.02786781 0.02468828 -0.00749118
v 0.00448797 0.03695921 -0.00749118
v 0.03629809 0.00828410 -0.00749118
v 0.03723156 -0.00000065 -0.00749118
v 0.03743230 -0.00000065 -0.00809726
v -0.02042202 0.02958610 -0.00610610
v -0.01559814 0.03238970 -0.00610610
v -0.01582499 0.03286076 -0.00647253
v 0.03629809 0.00828410 -0.00749118
v 0.03690711 -0.00000065 -0.00694130
v 0.03723156 -0.00000065 -0.00749118
v 0.01274849 0.03361373 -0.00610610
v 0.00786903 0.03447479 -0.00585861
v 0.01534325 0.03185945 -0.00585861
v -0.02071903 0.03001638 -0.00647253
v 0.01274849 0.03361373 -0.00610610
v 0.01582546 0.03286076 -0.00647253
v 0.01293389 0.03410259 -0.00647253
v 0.03629809 0.00828410 -0.00749118
v 0.03743230 -0.00000065 -0.00809726
v 0.03641055 0.00897369 -0.00873209
v -0.02042202 0.02958610 -0.00610610
v -0.02204764 0.02764651 -0.00585861
v -0.01534278 0.03185945 -0.00585861
v 0.01274849 0.03361373 -0.00610610
v 0.01534325 0.03185945 -0.00585861
v 0.01559861 0.03238970 -0.00610610
v -0.02042202 0.02958610 -0.00610610
v -0.01534278 0.03185945 -0.00585861
v -0.01559814 0.03238970 -0.00610610
v 0.03641055 0.00897369 -0.00873209
v 0.03743230 -0.00000065 -0.00809726
v 0.03750023 -0.00000065 -0.00873209
v 0.01559861 0.03238970 -0.00610610
v -0.03296646 0.01730161 -0.00749118
v -0.02786781 0.02468828 -0.00749118
v -0.02806892 0.02486645 -0.00873209
v 0.03598178 0.00821190 -0.00694130
v 0.03647366 -0.00000065 -0.00647253
v 0.03690711 -0.00000065 -0.00694130
v -0.03320437 0.01742647 -0.00873209
v 0.00811633 0.03555830 -0.00647253
v 0.01293389 0.03410259 -0.00647253
v 0.01308759 0.03450788 -0.00694130
v 0.00821279 0.03598090 -0.00694130
v 0.03598178 0.00821190 -0.00694130
v 0.03354450 0.01615341 -0.00749118
v 0.03641055 0.00897369 -0.00873209
v 0.03320483 0.01742647 -0.00873209
v 0.03354450 0.01615341 -0.00749118
v 0.03629809 0.00828410 -0.00749118
v 0.03641055 0.00897369 -0.00873209
v -0.00448751 0.03695921 -0.00749118
v 0.00000023 0.03723067 -0.00749118
v -0.00451989 0.03722593 -0.00873209
v -0.02730051 0.02418570 -0.00647253
v -0.02071903 0.03001638 -0.00647253
v -0.02096526 0.03037311 -0.00694130
v -0.02762496 0.02447313 -0.00694130
v 0.03555919 0.00811545 -0.00647253
v 0.00000023 0.03690623 -0.00694130
v 0.00448797 0.03695921 -0.00749118
v 0.00000023 0.03723067 -0.00749118
v 0.00444887 0.03663713 -0.00694130
v 0.03555919 0.00811545 -0.00647253
v 0.03595082 -0.00000065 -0.00610610
v 0.03647366 -0.00000065 -0.00647253
v 0.00439662 0.03620684 -0.00647253
v 0.00821279 0.03598090 -0.00694130
v 0.00444887 0.03663713 -0.00694130
v -0.03267918 0.01715083 -0.00694130
v -0.02786781 0.02468828 -0.00749118
v -0.03296646 0.01730161 -0.00749118
v 0.00811633 0.03555830 -0.00647253
v -0.02762496 0.02447313 -0.00694130
v 0.03325218 0.01601264 -0.00694130
v 0.03629809 0.00828410 -0.00749118
v 0.03354450 0.01615341 -0.00749118
v -0.02690916 0.02383899 -0.00610610
v -0.02764692 0.02204722 -0.00585861
v -0.02204764 0.02764651 -0.00585861
v 0.00799999 0.03504857 -0.00610610
v 0.00786903 0.03447479 -0.00585861
v 0.01274849 0.03361373 -0.00610610
v 0.03598178 0.00821190 -0.00694130
v -0.02690916 0.02383899 -0.00610610
v -0.02042202 0.02958610 -0.00610610
v -0.02071903 0.03001638 -0.00647253
v 0.00799999 0.03504857 -0.00610610
v 0.01293389 0.03410259 -0.00647253
v 0.00811633 0.03555830 -0.00647253
v 0.03504946 0.00799911 -0.00610610
v 0.03447568 0.00786814 -0.00585861
v 0.03536228 -0.00000065 -0.00585861
v -0.02690916 0.02383899 -0.00610610
v -0.02204764 0.02764651 -0.00585861
v -0.02042202 0.02958610 -0.00610610
v 0.01274849 0.03361373 -0.00610610
v 0.03595082 -0.00000065 -0.00610610
v 0.03504946 0.00799911 -0.00610610
v -0.02730051 0.02418570 -0.00647253
v -0.00828451 0.03629721 -0.00749118
v -0.00451989 0.03722593 -0.00873209
v -0.01329745 0.03506246 -0.00873209
v -0.03614922 0.00890939 -0.00749118
v -0.03641008 0.00897369 -0.00873209
v -0.03743183 -0.00000065 -0.00809726
v 0.02910885 0.02321270 -0.00749118
v 0.03354450 0.01615341 -0.00749118
v 0.03320483 0.01742647 -0.00873209
v -0.03614922 0.00890939 -0.00749118
v -0.03320437 0.01742647 -0.00873209
v -0.03641008 0.00897369 -0.00873209
v 0.02910885 0.02321270 -0.00749118
v 0.03320483 0.01742647 -0.00873209
v 0.02806939 0.02486645 -0.00873209
v -0.03296646 0.01730161 -0.00749118
v -0.00828451 0.03629721 -0.00749118
v -0.00448751 0.03695921 -0.00749118
v -0.00451989 0.03722593 -0.00873209
v -0.03614922 0.00890939 -0.00749118
v -0.03743183 -0.00000065 -0.00809726
v -0.03723109 -0.00000065 -0.00749118
v 0.03286165 0.01582457 -0.00647253
v 0.03598178 0.00821190 -0.00694130
v 0.03325218 0.01601264 -0.00694130
v -0.00444840 0.03663713 -0.00694130
v 0.00000023 0.03723067 -0.00749118
v -0.00448751 0.03695921 -0.00749118
v -0.03229538 0.01694939 -0.00647253
v -0.02730051 0.02418570 -0.00647253
v -0.02762496 0.02447313 -0.00694130
v -0.03267918 0.01715083 -0.00694130
v 0.00000023 0.03690623 -0.00694130
v 0.03555919 0.00811545 -0.00647253
v 0.00000023 0.03647277 -0.00647253
v 0.00444887 0.03663713 -0.00694130
v 0.00000023 0.03690623 -0.00694130
v -0.03583420 0.00883174 -0.00694130
v -0.03723109 -0.00000065 -0.00749118
v -0.03690665 -0.00000065 -0.00694130
v 0.00439662 0.03620684 -0.00647253
v 0.02885519 0.02301041 -0.00694130
v 0.03325218 0.01601264 -0.00694130
v 0.03354450 0.01615341 -0.00749118
v -0.03583420 0.00883174 -0.00694130
v -0.03296646 0.01730161 -0.00749118
v -0.03614922 0.00890939 -0.00749118
v -0.03267918 0.01715083 -0.00694130
v 0.00433360 0.03568781 -0.00610610
v 0.02910885 0.02321270 -0.00749118
v 0.00433360 0.03568781 -0.00610610
v 0.00811633 0.03555830 -0.00647253
v 0.00439662 0.03620684 -0.00647253
v -0.03614922 0.00890939 -0.00749118
v 0.00433360 0.03568781 -0.00610610
v 0.00786903 0.03447479 -0.00585861
v 0.00799999 0.03504857 -0.00610610
v 0.03239059 0.01559772 -0.00610610
v 0.03186033 0.01534236 -0.00585861
v 0.03447568 0.00786814 -0.00585861
v 0.00799999 0.03504857 -0.00610610
v -0.03183243 0.01670642 -0.00610610
v -0.02764692 0.02204722 -0.00585861
v -0.02690916 0.02383899 -0.00610610
v 0.03504946 0.00799911 -0.00610610
v -0.03183243 0.01670642 -0.00610610
v -0.03185987 0.01534236 -0.00585861
v -0.02764692 0.02204722 -0.00585861
v 0.03239059 0.01559772 -0.00610610
v 0.03555919 0.00811545 -0.00647253
v 0.03286165 0.01582457 -0.00647253
v 0.03504946 0.00799911 -0.00610610
v -0.03183243 0.01670642 -0.00610610
v -0.02690916 0.02383899 -0.00610610
v -0.02730051 0.02418570 -0.00647253
v 0.02321358 0.02910797 -0.00749118
v 0.02806939 0.02486645 -0.00873209
v 0.02130266 0.03086124 -0.00873209
v -0.03229538 0.01694939 -0.00647253
v -0.00821232 0.03598090 -0.00694130
v -0.00448751 0.03695921 -0.00749118
v -0.00828451 0.03629721 -0.00749118
v -0.00444840 0.03663713 -0.00694130
v -0.03541333 0.00872801 -0.00647253
v -0.03583420 0.00883174 -0.00694130
v -0.03690665 -0.00000065 -0.00694130
v -0.03647319 -0.00000065 -0.00647253
v 0.02321358 0.02910797 -0.00749118
v 0.02910885 0.02321270 -0.00749118
v 0.02806939 0.02486645 -0.00873209
v -0.03541333 0.00872801 -0.00647253
v -0.03229538 0.01694939 -0.00647253
v -0.03267918 0.01715083 -0.00694130
v 0.02851630 0.02274015 -0.00647253
v 0.03325218 0.01601264 -0.00694130
v 0.02885519 0.02301041 -0.00694130
v -0.03583420 0.00883174 -0.00694130
v 0.03286165 0.01582457 -0.00647253
v -0.01320218 0.03481124 -0.00749118
v -0.00828451 0.03629721 -0.00749118
v -0.01329745 0.03506246 -0.00873209
v -0.03490569 0.00860288 -0.00610610
v -0.03541333 0.00872801 -0.00647253
v -0.03647319 -0.00000065 -0.00647253
v -0.03490569 0.00860288 -0.00610610
v -0.03595035 -0.00000065 -0.00610610
v -0.03447521 0.00786814 -0.00585861
v -0.03595035 -0.00000065 -0.00610610
v -0.03490569 0.00860288 -0.00610610
v -0.03447521 0.00786814 -0.00585861
v -0.03185987 0.01534236 -0.00585861
v -0.03490569 0.00860288 -0.00610610
v -0.03185987 0.01534236 -0.00585861
v -0.03183243 0.01670642 -0.00610610
v 0.02301130 0.02885431 -0.00694130
v 0.02910885 0.02321270 -0.00749118
v 0.02321358 0.02910797 -0.00749118
v -0.03490569 0.00860288 -0.00610610
v -0.03183243 0.01670642 -0.00610610
v -0.03229538 0.01694939 -0.00647253
v -0.00439615 0.03620684 -0.00647253
v 0.00000023 0.03690623 -0.00694130
v -0.00444840 0.03663713 -0.00694130
v -0.03541333 0.00872801 -0.00647253
v 0.00000023 0.03647277 -0.00647253
v 0.02885519 0.02301041 -0.00694130
v 0.00000023 0.03594993 -0.00610610
v 0.00000023 0.03536139 -0.00585861
v 0.00433360 0.03568781 -0.00610610
v 0.00000023 0.03594993 -0.00610610
v 0.00439662 0.03620684 -0.00647253
v 0.00000023 0.03647277 -0.00647253
v 0.00433360 0.03568781 -0.00610610
v 0.02810753 0.02241417 -0.00610610
v 0.02764739 0.02204722 -0.00585861
v 0.03186033 0.01534236 -0.00585861
v 0.02810753 0.02241417 -0.00610610
v 0.03286165 0.01582457 -0.00647253
v 0.02851630 0.02274015 -0.00647253
v -0.01615383 0.03354361 -0.00749118
v -0.01329745 0.03506246 -0.00873209
v -0.02130219 0.03086124 -0.00873209
v 0.03239059 0.01559772 -0.00610610
v 0.03239059 0.01559772 -0.00610610
v 0.01615430 0.03354361 -0.00749118
v 0.02321358 0.02910797 -0.00749118
v 0.02130266 0.03086124 -0.00873209
v 0.01615430 0.03354361 -0.00749118
v 0.02130266 0.03086124 -0.00873209
v 0.01329792 0.03506246 -0.00873209
v -0.01615383 0.03354361 -0.00749118
v -0.01320218 0.03481124 -0.00749118
v -0.01329745 0.03506246 -0.00873209
v -0.00811587 0.03555830 -0.00647253
v -0.00444840 0.03663713 -0.00694130
v -0.00821232 0.03598090 -0.00694130
v -0.00439615 0.03620684 -0.00647253
v 0.02274104 0.02851542 -0.00647253
v 0.02851630 0.02274015 -0.00647253
v 0.02885519 0.02301041 -0.00694130
v 0.02301130 0.02885431 -0.00694130
v -0.01308713 0.03450788 -0.00694130
v -0.00821232 0.03598090 -0.00694130
v -0.00828451 0.03629721 -0.00749118
v -0.01320218 0.03481124 -0.00749118
v 0.01320264 0.03481124 -0.00749118
v 0.01615430 0.03354361 -0.00749118
v 0.01329792 0.03506246 -0.00873209
v -0.00433313 0.03568781 -0.00610610
v -0.00786856 0.03447479 -0.00585861
v 0.00000023 0.03536139 -0.00585861
v -0.00433313 0.03568781 -0.00610610
v 0.00000023 0.03536139 -0.00585861
v 0.00000023 0.03594993 -0.00610610
v -0.00433313 0.03568781 -0.00610610
v 0.00000023 0.03647277 -0.00647253
v -0.00439615 0.03620684 -0.00647253
v 0.00000023 0.03594993 -0.00610610
v -0.01601306 0.03325130 -0.00694130
v -0.01320218 0.03481124 -0.00749118
v -0.01615383 0.03354361 -0.00749118
v 0.01601353 0.03325130 -0.00694130
v 0.02321358 0.02910797 -0.00749118
v 0.01615430 0.03354361 -0.00749118
v 0.02301130 0.02885431 -0.00694130
v -0.01308713 0.03450788 -0.00694130
v 0.02241505 0.02810665 -0.00610610
v 0.02810753 0.02241417 -0.00610610
v 0.02851630 0.02274015 -0.00647253
v 0.02241505 0.02810665 -0.00610610
v 0.02204811 0.02764651 -0.00585861
v 0.02764739 0.02204722 -0.00585861
v 0.02274104 0.02851542 -0.00647253
v 0.02810753 0.02241417 -0.00610610
v 0.01308759 0.03450788 -0.00694130
v 0.01601353 0.03325130 -0.00694130
v 0.01615430 0.03354361 -0.00749118
v -0.02114957 0.03064013 -0.00749118
v -0.01615383 0.03354361 -0.00749118
v -0.02130219 0.03086124 -0.00873209
v 0.01320264 0.03481124 -0.00749118
v -0.00799952 0.03504857 -0.00610610
v -0.00439615 0.03620684 -0.00647253
v -0.00811587 0.03555830 -0.00647253
v -0.00433313 0.03568781 -0.00610610
v -0.00799952 0.03504857 -0.00610610
v -0.00786856 0.03447479 -0.00585861
v -0.00433313 0.03568781 -0.00610610
v 0.00828498 0.03629721 -0.00749118
v 0.01329792 0.03506246 -0.00873209
v 0.00452036 0.03722593 -0.00873209
v -0.01293342 0.03410259 -0.00647253
v -0.00821232 0.03598090 -0.00694130
v -0.01308713 0.03450788 -0.00694130
v 0.00828498 0.03629721 -0.00749118
v 0.01320264 0.03481124 -0.00749118
v 0.01329792 0.03506246 -0.00873209
v -0.00811587 0.03555830 -0.00647253
v 0.01582546 0.03286076 -0.00647253
v 0.02274104 0.02851542 -0.00647253
v 0.02301130 0.02885431 -0.00694130
v -0.01582499 0.03286076 -0.00647253
v -0.01293342 0.03410259 -0.00647253
v -0.01308713 0.03450788 -0.00694130
v 0.01601353 0.03325130 -0.00694130
v -0.01601306 0.03325130 -0.00694130
v -0.02096526 0.03037311 -0.00694130
v -0.01615383 0.03354361 -0.00749118
v -0.02114957 0.03064013 -0.00749118
v -0.03743183 -0.00000065 -0.00809726
v -0.03641008 0.00897369 -0.00873209
v -0.03749977 -0.00000065 -0.00873209
v 0.00448797 0.03695921 -0.00749118
v 0.00828498 0.03629721 -0.00749118
v 0.00452036 0.03722593 -0.00873209
v -0.01601306 0.03325130 -0.00694130
v -0.01274802 0.03361373 -0.00610610
v -0.00799952 0.03504857 -0.00610610
v -0.00811587 0.03555830 -0.00647253
v -0.01293342 0.03410259 -0.00647253
v -0.01274802 0.03361373 -0.00610610
v -0.00786856 0.03447479 -0.00585861
v -0.00799952 0.03504857 -0.00610610
v 0.01293389 0.03410259 -0.00647253
v 0.01582546 0.03286076 -0.00647253
v 0.01601353 0.03325130 -0.00694130
v -0.01274802 0.03361373 -0.00610610
v -0.01534278 0.03185945 -0.00585861
v -0.00786856 0.03447479 -0.00585861
v 0.01308759 0.03450788 -0.00694130
v 0.00821279 0.03598090 -0.00694130
v 0.01308759 0.03450788 -0.00694130
v 0.01320264 0.03481124 -0.00749118
v -0.01559814 0.03238970 -0.00610610
v -0.01274802 0.03361373 -0.00610610
v -0.01293342 0.03410259 -0.00647253
v 0.00828498 0.03629721 -0.00749118
v -0.01582499 0.03286076 -0.00647253
v -0.01559814 0.03238970 -0.00610610
v -0.01534278 0.03185945 -0.00585861
v -0.01274802 0.03361373 -0.00610610
v -0.02786781 0.02468828 -0.00749118
v -0.02130219 0.03086124 -0.00873209
v -0.02806892 0.02486645 -0.00873209
v 0.01559861 0.03238970 -0.00610610
v 0.01534325 0.03185945 -0.00585861
v 0.02204811 0.02764651 -0.00585861
v 0.01559861 0.03238970 -0.00610610
v 0.02241505 0.02810665 -0.00610610
v 0.02274104 0.02851542 -0.00647253
v -0.02114957 0.03064013 -0.00749118
v 0.01582546 0.03286076 -0.00647253
v 0.02241505 0.02810665 -0.00610610
v 0.00000023 0.03723067 -0.00749118
v 0.00452036 0.03722593 -0.00873209
v -0.00451989 0.03722593 -0.00873209
v -0.02071903 0.03001638 -0.00647253
v -0.01601306 0.03325130 -0.00694130
v -0.02096526 0.03037311 -0.00694130
v 0.00000023 0.03723067 -0.00749118
v 0.00448797 0.03695921 -0.00749118
v 0.00452036 0.03722593 -0.00873209
v -0.01582499 0.03286076 -0.00647253
v -0.03536181 -0.00000065 -0.00585861
v -0.03447521 0.00786814 -0.00585861
v -0.03595035 -0.00000065 -0.00610610
v -0.02749977 -0.00000065 -0.00350000
v -0.02681028 -0.00611998 -0.00350000
v -0.02749977 -0.00000065 -0.02650000
v -0.02749977 -0.00000065 -0.02650000
v -0.02681028 -0.00611998 -0.00350000
v -0.02670067 -0.00658183 -0.02650000
v -0.02670067 -0.00658183 -0.02650000
v -0.02477641 -0.01193246 -0.00350000
v -0.02434981 -0.01278054 -0.02650000
v -0.02681028 -0.00611998 -0.00350000
v -0.02477641 -0.01193246 -0.00350000
v -0.02670067 -0.00658183 -0.02650000
v -0.02434981 -0.01278054 -0.02650000
v -0.02150013 -0.01714662 -0.00350000
v -0.02058381 -0.01823652 -0.02650000
v -0.02477641 -0.01193246 -0.00350000
v -0.02150013 -0.01714662 -0.00350000
v -0.02434981 -0.01278054 -0.02650000
v -0.02058381 -0.01823652 -0.02650000
v -0.01714573 -0.02150102 -0.00350000
v -0.01562155 -0.02263271 -0.02650000
v -0.02150013 -0.01714662 -0.00350000
v -0.01714573 -0.02150102 -0.00350000
v -0.02058381 -0.01823652 -0.02650000
v -0.01562155 -0.02263271 -0.02650000
v -0.01193157 -0.02477730 -0.00350000
v -0.00975140 -0.02571360 -0.02650000
v -0.01714573 -0.02150102 -0.00350000
v -0.01193157 -0.02477730 -0.00350000
v -0.01562155 -0.02263271 -0.02650000
v -0.00975140 -0.02571360 -0.02650000
v -0.00611909 -0.02681117 -0.00350000
v -0.00331452 -0.02730015 -0.02650000
v -0.01193157 -0.02477730 -0.00350000
v -0.00611909 -0.02681117 -0.00350000
v -0.00975140 -0.02571360 -0.02650000
v -0.00331452 -0.02730015 -0.02650000
v 0.00000023 -0.02750065 -0.00350000
v 0.00331499 -0.02730015 -0.02650000
v -0.00611909 -0.02681117 -0.00350000
v 0.00000023 -0.02750065 -0.00350000
v -0.00331452 -0.02730015 -0.02650000
v 0.00331499 -0.02730015 -0.02650000
v 0.00611956 -0.02681117 -0.00350000
v 0.00975187 -0.02571360 -0.02650000
v 0.00000023 -0.02750065 -0.00350000
v 0.00611956 -0.02681117 -0.00350000
v 0.00331499 -0.02730015 -0.02650000
v 0.00975187 -0.02571360 -0.02650000
v 0.01193204 -0.02477730 -0.00350000
v 0.01562201 -0.02263271 -0.02650000
v 0.00611956 -0.02681117 -0.00350000
v 0.01193204 -0.02477730 -0.00350000
v 0.00975187 -0.02571360 -0.02650000
v 0.01562201 -0.02263271 -0.02650000
v 0.01714620 -0.02150102 -0.00350000
v 0.02058428 -0.01823652 -0.02650000
v 0.01193204 -0.02477730 -0.00350000
v 0.01714620 -0.02150102 -0.00350000
v 0.01562201 -0.02263271 -0.02650000
v 0.02058428 -0.01823652 -0.02650000
v 0.02150060 -0.01714662 -0.00350000
v 0.02435028 -0.01278054 -0.02650000
v 0.01714620 -0.02150102 -0.00350000
v 0.02150060 -0.01714662 -0.00350000
v 0.02058428 -0.01823652 -0.02650000
v 0.02435028 -0.01278054 -0.02650000
v 0.02477688 -0.01193246 -0.00350000
v 0.02670113 -0.00658183 -0.02650000
v 0.02150060 -0.01714662 -0.00350000
v 0.02477688 -0.01193246 -0.00350000
v 0.02435028 -0.01278054 -0.02650000
v 0.02670113 -0.00658183 -0.02650000
v 0.02681075 -0.00611998 -0.00350000
v 0.02750023 -0.00000065 -0.02650000
v 0.02477688 -0.01193246 -0.00350000
v 0.02681075 -0.00611998 -0.00350000
v 0.02670113 -0.00658183 -0.02650000
v 0.02681075 -0.00611998 -0.00350000
v 0.02750023 -0.00000065 -0.00350000
v 0.02750023 -0.00000065 -0.02650000
v 0.03641055 0.00897369 -0.00873209
v 0.03750023 -0.00000065 -0.02126791
v 0.03641055 0.00897369 -0.02126791
v 0.03750023 -0.00000065 -0.00873209
v 0.03320483 0.01742647 -0.00873209
v 0.03641055 0.00897369 -0.02126791
v 0.03320483 0.01742647 -0.02126791
v 0.03641055 0.00897369 -0.00873209
v 0.02806939 0.02486645 -0.00873209
v 0.03320483 0.01742647 -0.02126791
v 0.02806939 0.02486645 -0.02126791
v 0.03320483 0.01742647 -0.00873209
v 0.02130266 0.03086124 -0.00873209
v 0.02806939 0.02486645 -0.02126791
v 0.02130266 0.03086124 -0.02126791
v 0.02806939 0.02486645 -0.00873209
v 0.01329792 0.03506246 -0.00873209
v 0.02130266 0.03086124 -0.02126791
v 0.01329792 0.03506246 -0.02126791
v 0.01329792 0.03506246 -0.02126791
v 0.00452036 0.03722593 -0.02126791
v 0.02130266 0.03086124 -0.00873209
v 0.00452036 0.03722593 -0.02126791
v -0.00451989 0.03722593 -0.02126791
v -0.00451989 0.03722593 -0.02126791
v -0.01329745 0.03506246 -0.02126791
v -0.02130219 0.03086124 -0.00873209
v -0.01329745 0.03506246 -0.02126791
v -0.02130219 0.03086124 -0.02126791
v -0.02130219 0.03086124 -0.00873209
v -0.02130219 0.03086124 -0.02126791
v -0.02806892 0.02486645 -0.02126791
v -0.01329745 0.03506246 -0.00873209
v -0.02806892 0.02486645 -0.00873209
v -0.02806892 0.02486645 -0.02126791
v -0.03320437 0.01742647 -0.02126791
v -0.02806892 0.02486645 -0.00873209
v -0.03320437 0.01742647 -0.00873209
v -0.03641008 0.00897369 -0.00873209
v -0.03320437 0.01742647 -0.02126791
v -0.03641008 0.00897369 -0.02126791
v -0.03641008 0.00897369 -0.00873209
v -0.03641008 0.00897369 -0.02126791
v -0.03749977 -0.00000065 -0.02126791
v -0.03320437 0.01742647 -0.00873209
v -0.03749977 -0.00000065 -0.00873209
v 0.03536228 -0.00000065 -0.02414139
v 0.02750023 -0.00000065 -0.02650000
v 0.02670113 0.00658053 -0.02650000
v 0.03433472 0.00846204 -0.02414139
v 0.02670113 0.00658053 -0.02650000
v 0.02435028 0.01277923 -0.02650000
v 0.03433472 0.00846204 -0.02414139
v 0.03131177 0.01643291 -0.02414139
v 0.02435028 0.01277923 -0.02650000
v 0.02058428 0.01823522 -0.02650000
v 0.03131177 0.01643291 -0.02414139
v 0.02646910 0.02344872 -0.02414139
v 0.02058428 0.01823522 -0.02650000
v 0.01562201 0.02263140 -0.02650000
v 0.02646910 0.02344872 -0.02414139
v 0.02008816 0.02910174 -0.02414139
v 0.01562201 0.02263140 -0.02650000
v 0.00975187 0.02571230 -0.02650000
v 0.02008816 0.02910174 -0.02414139
v 0.01253979 0.03306343 -0.02414139
v 0.00975187 0.02571230 -0.02650000
v 0.00331499 0.02729884 -0.02650000
v 0.01253979 0.03306343 -0.02414139
v 0.00426266 0.03510356 -0.02414139
v 0.00331499 0.02729884 -0.02650000
v -0.00331452 0.02729884 -0.02650000
v 0.00426266 0.03510356 -0.02414139
v -0.00426219 0.03510356 -0.02414139
v -0.00331452 0.02729884 -0.02650000
v -0.00975140 0.02571230 -0.02650000
v -0.00426219 0.03510356 -0.02414139
v -0.01253932 0.03306343 -0.02414139
v -0.00975140 0.02571230 -0.02650000
v -0.01562155 0.02263140 -0.02650000
v -0.01253932 0.03306343 -0.02414139
v -0.02008770 0.02910174 -0.02414139
v -0.01562155 0.02263140 -0.02650000
v -0.02058381 0.01823522 -0.02650000
v -0.02008770 0.02910174 -0.02414139
v -0.02646864 0.02344872 -0.02414139
v -0.02058381 0.01823522 -0.02650000
v -0.02434981 0.01277923 -0.02650000
v -0.02646864 0.02344872 -0.02414139
v -0.03131130 0.01643291 -0.02414139
v -0.02434981 0.01277923 -0.02650000
v -0.02670067 0.00658053 -0.02650000
v -0.03131130 0.01643291 -0.02414139
v -0.03433425 0.00846204 -0.02414139
v -0.02670067 0.00658053 -0.02650000
v -0.02749977 -0.00000065 -0.02650000
v -0.03433425 0.00846204 -0.02414139
v -0.03536181 -0.00000065 -0.02414139
v -0.03749977 -0.00000065 -0.02126791
v -0.03641008 0.00897369 -0.02126791
v -0.03743183 -0.00000065 -0.02190274
v -0.03183243 0.01670642 -0.02389390
v -0.02646864 0.02344872 -0.02414139
v -0.03131130 0.01643291 -0.02414139
v 0.03490616 0.00860288 -0.02389390
v 0.03536228 -0.00000065 -0.02414139
v 0.03433472 0.00846204 -0.02414139
v 0.03595082 -0.00000065 -0.02389390
v -0.02690916 0.02383899 -0.02389390
v 0.03490616 0.00860288 -0.02389390
v 0.03647366 -0.00000065 -0.02352747
v 0.03595082 -0.00000065 -0.02389390
v -0.02762496 0.02447313 -0.02305870
v -0.02042202 0.02958610 -0.02389390
v -0.02690916 0.02383899 -0.02389390
v 0.03183289 0.01670642 -0.02389390
v 0.03433472 0.00846204 -0.02414139
v 0.03131177 0.01643291 -0.02414139
v -0.02096526 0.03037311 -0.02305870
v -0.02786781 0.02468828 -0.02250882
v -0.02806892 0.02486645 -0.02126791
v -0.02130219 0.03086124 -0.02126791
v 0.03490616 0.00860288 -0.02389390
v -0.02114957 0.03064013 -0.02250882
v -0.02786781 0.02468828 -0.02250882
v -0.02114957 0.03064013 -0.02250882
v -0.02096526 0.03037311 -0.02305870
v 0.03583467 0.00883174 -0.02305870
v 0.03690711 -0.00000065 -0.02305870
v 0.03647366 -0.00000065 -0.02352747
v -0.02762496 0.02447313 -0.02305870
v -0.03490569 0.00860288 -0.02389390
v -0.03433425 0.00846204 -0.02414139
v -0.03595035 -0.00000065 -0.02389390
v 0.03583467 0.00883174 -0.02305870
v 0.03647366 -0.00000065 -0.02352747
v 0.03490616 0.00860288 -0.02389390
v -0.03490569 0.00860288 -0.02389390
v -0.03131130 0.01643291 -0.02414139
v -0.03433425 0.00846204 -0.02414139
v -0.03490569 0.00860288 -0.02389390
v -0.03595035 -0.00000065 -0.02389390
v -0.03647319 -0.00000065 -0.02352747
v 0.03614968 0.00890939 -0.02250882
v 0.03723156 -0.00000065 -0.02250882
v 0.03690711 -0.00000065 -0.02305870
v 0.03614968 0.00890939 -0.02250882
v 0.03743230 -0.00000065 -0.02190274
v 0.03723156 -0.00000065 -0.02250882
v 0.03614968 0.00890939 -0.02250882
v 0.03641055 0.00897369 -0.02126791
v 0.03743230 -0.00000065 -0.02190274
v -0.03183243 0.01670642 -0.02389390
v 0.03583467 0.00883174 -0.02305870
v -0.03267918 0.01715083 -0.02305870
v -0.02690916 0.02383899 -0.02389390
v -0.03183243 0.01670642 -0.02389390
v 0.02690963 0.02383899 -0.02389390
v 0.03131177 0.01643291 -0.02414139
v 0.02646910 0.02344872 -0.02414139
v 0.03183289 0.01670642 -0.02389390
v -0.02762496 0.02447313 -0.02305870
v 0.03267965 0.01715083 -0.02305870
v 0.03490616 0.00860288 -0.02389390
v 0.03183289 0.01670642 -0.02389390
v 0.03583467 0.00883174 -0.02305870
v -0.03296646 0.01730161 -0.02250882
v -0.03320437 0.01742647 -0.02126791
v -0.02806892 0.02486645 -0.02126791
v -0.02786781 0.02468828 -0.02250882
v -0.03296646 0.01730161 -0.02250882
v -0.02786781 0.02468828 -0.02250882
v -0.02762496 0.02447313 -0.02305870
v 0.03296693 0.01730161 -0.02250882
v 0.03320483 0.01742647 -0.02126791
v 0.03641055 0.00897369 -0.02126791
v -0.03267918 0.01715083 -0.02305870
v 0.03296693 0.01730161 -0.02250882
v 0.03583467 0.00883174 -0.02305870
v 0.03267965 0.01715083 -0.02305870
v -0.03583420 0.00883174 -0.02305870
v -0.03267918 0.01715083 -0.02305870
v -0.03183243 0.01670642 -0.02389390
v -0.03583420 0.00883174 -0.02305870
v -0.03647319 -0.00000065 -0.02352747
v -0.03690665 -0.00000065 -0.02305870
v 0.03614968 0.00890939 -0.02250882
v -0.03583420 0.00883174 -0.02305870
v -0.03690665 -0.00000065 -0.02305870
v -0.03723109 -0.00000065 -0.02250882
v 0.03614968 0.00890939 -0.02250882
v -0.03490569 0.00860288 -0.02389390
v 0.02042249 0.02958610 -0.02389390
v 0.02646910 0.02344872 -0.02414139
v 0.02008816 0.02910174 -0.02414139
v -0.03583420 0.00883174 -0.02305870
v -0.03490569 0.00860288 -0.02389390
v -0.03647319 -0.00000065 -0.02352747
v 0.03641055 0.00897369 -0.02126791
v 0.03750023 -0.00000065 -0.02126791
v 0.03743230 -0.00000065 -0.02190274
v -0.03614922 0.00890939 -0.02250882
v -0.03743183 -0.00000065 -0.02190274
v -0.03641008 0.00897369 -0.02126791
v 0.02690963 0.02383899 -0.02389390
v -0.03614922 0.00890939 -0.02250882
v -0.03723109 -0.00000065 -0.02250882
v -0.03743183 -0.00000065 -0.02190274
v -0.03614922 0.00890939 -0.02250882
v -0.03641008 0.00897369 -0.02126791
v -0.03320437 0.01742647 -0.02126791
v -0.03614922 0.00890939 -0.02250882
v -0.03267918 0.01715083 -0.02305870
v -0.03583420 0.00883174 -0.02305870
v -0.03296646 0.01730161 -0.02250882
v 0.02762543 0.02447313 -0.02305870
v 0.03183289 0.01670642 -0.02389390
v 0.02690963 0.02383899 -0.02389390
v -0.03296646 0.01730161 -0.02250882
v -0.03614922 0.00890939 -0.02250882
v 0.03267965 0.01715083 -0.02305870
v 0.02786828 0.02468828 -0.02250882
v 0.02806939 0.02486645 -0.02126791
v 0.03320483 0.01742647 -0.02126791
v 0.02786828 0.02468828 -0.02250882
v 0.03267965 0.01715083 -0.02305870
v 0.02762543 0.02447313 -0.02305870
v 0.03296693 0.01730161 -0.02250882
v 0.03296693 0.01730161 -0.02250882
v 0.01274849 0.03361373 -0.02389390
v 0.02008816 0.02910174 -0.02414139
v 0.01253979 0.03306343 -0.02414139
v 0.02042249 0.02958610 -0.02389390
v 0.02096573 0.03037311 -0.02305870
v 0.02690963 0.02383899 -0.02389390
v 0.02042249 0.02958610 -0.02389390
v 0.02762543 0.02447313 -0.02305870
v 0.02115004 0.03064013 -0.02250882
v 0.02130266 0.03086124 -0.02126791
v 0.02806939 0.02486645 -0.02126791
v 0.02115004 0.03064013 -0.02250882
v 0.02786828 0.02468828 -0.02250882
v 0.02762543 0.02447313 -0.02305870
v 0.02096573 0.03037311 -0.02305870
v 0.02786828 0.02468828 -0.02250882
v 0.00433360 0.03568781 -0.02389390
v 0.01253979 0.03306343 -0.02414139
v 0.00426266 0.03510356 -0.02414139
v 0.01274849 0.03361373 -0.02389390
v 0.01308759 0.03450788 -0.02305870
v 0.02096573 0.03037311 -0.02305870
v 0.02042249 0.02958610 -0.02389390
v 0.01274849 0.03361373 -0.02389390
v 0.01320264 0.03481124 -0.02250882
v 0.02115004 0.03064013 -0.02250882
v 0.02096573 0.03037311 -0.02305870
v 0.01320264 0.03481124 -0.02250882
v 0.01329792 0.03506246 -0.02126791
v 0.02130266 0.03086124 -0.02126791
v 0.02115004 0.03064013 -0.02250882
v 0.01308759 0.03450788 -0.02305870
v -0.00433313 0.03568781 -0.02389390
v 0.00426266 0.03510356 -0.02414139
v -0.00426219 0.03510356 -0.02414139
v 0.00433360 0.03568781 -0.02389390
v 0.00444887 0.03663713 -0.02305870
v 0.01274849 0.03361373 -0.02389390
v 0.00433360 0.03568781 -0.02389390
v 0.01308759 0.03450788 -0.02305870
v 0.00448797 0.03695921 -0.02250882
v 0.01329792 0.03506246 -0.02126791
v 0.01320264 0.03481124 -0.02250882
v 0.00452036 0.03722593 -0.02126791
v 0.00448797 0.03695921 -0.02250882
v 0.01308759 0.03450788 -0.02305870
v 0.00444887 0.03663713 -0.02305870
v 0.01320264 0.03481124 -0.02250882
v -0.01274802 0.03361373 -0.02389390
v -0.00426219 0.03510356 -0.02414139
v -0.01253932 0.03306343 -0.02414139
v -0.00433313 0.03568781 -0.02389390
v -0.00444840 0.03663713 -0.02305870
v 0.00433360 0.03568781 -0.02389390
v -0.00433313 0.03568781 -0.02389390
v 0.00444887 0.03663713 -0.02305870
v -0.00448751 0.03695921 -0.02250882
v 0.00444887 0.03663713 -0.02305870
v -0.00444840 0.03663713 -0.02305870
v 0.00448797 0.03695921 -0.02250882
v -0.00448751 0.03695921 -0.02250882
v -0.00451989 0.03722593 -0.02126791
v 0.00452036 0.03722593 -0.02126791
v 0.00448797 0.03695921 -0.02250882
v -0.02042202 0.02958610 -0.02389390
v -0.01253932 0.03306343 -0.02414139
v -0.02008770 0.02910174 -0.02414139
v -0.01274802 0.03361373 -0.02389390
v -0.03536181 -0.00000065 -0.02414139
v -0.01308713 0.03450788 -0.02305870
v -0.00433313 0.03568781 -0.02389390
v -0.01274802 0.03361373 -0.02389390
v -0.00444840 0.03663713 -0.02305870
v -0.01320218 0.03481124 -0.02250882
v -0.01329745 0.03506246 -0.02126791
v -0.00451989 0.03722593 -0.02126791
v -0.00448751 0.03695921 -0.02250882
v -0.01320218 0.03481124 -0.02250882
v -0.00448751 0.03695921 -0.02250882
v -0.00444840 0.03663713 -0.02305870
v -0.01308713 0.03450788 -0.02305870
v -0.02690916 0.02383899 -0.02389390
v -0.02008770 0.02910174 -0.02414139
v -0.02646864 0.02344872 -0.02414139
v -0.02042202 0.02958610 -0.02389390
v -0.02096526 0.03037311 -0.02305870
v -0.01308713 0.03450788 -0.02305870
v -0.01274802 0.03361373 -0.02389390
v -0.02042202 0.02958610 -0.02389390
v -0.02114957 0.03064013 -0.02250882
v -0.02130219 0.03086124 -0.02126791
v -0.01329745 0.03506246 -0.02126791
v -0.01320218 0.03481124 -0.02250882
v -0.02114957 0.03064013 -0.02250882
v -0.01308713 0.03450788 -0.02305870
v -0.02096526 0.03037311 -0.02305870
v -0.01320218 0.03481124 -0.02250882
v -0.00786856 -0.03447610 -0.00585861
v 0.00000023 -0.03536269 -0.00585861
v 0.00000023 -0.02750065 -0.00350000
v -0.00611909 -0.02681117 -0.00350000
v -0.01534278 -0.03186075 -0.00585861
v -0.00611909 -0.02681117 -0.00350000
v -0.01193157 -0.02477730 -0.00350000
v -0.00786856 -0.03447610 -0.00585861
v -0.02204764 -0.02764781 -0.00585861
v -0.01193157 -0.02477730 -0.00350000
v -0.01714573 -0.02150102 -0.00350000
v -0.01534278 -0.03186075 -0.00585861
v -0.02764692 -0.02204852 -0.00585861
v -0.01714573 -0.02150102 -0.00350000
v -0.02150013 -0.01714662 -0.00350000
v -0.02204764 -0.02764781 -0.00585861
v -0.03185987 -0.01534367 -0.00585861
v -0.02150013 -0.01714662 -0.00350000
v -0.02477641 -0.01193246 -0.00350000
v -0.02764692 -0.02204852 -0.00585861
v -0.03447521 -0.00786945 -0.00585861
v -0.02477641 -0.01193246 -0.00350000
v -0.02681028 -0.00611998 -0.00350000
v -0.03185987 -0.01534367 -0.00585861
v -0.03536181 -0.00000065 -0.00585861
v -0.02681028 -0.00611998 -0.00350000
v -0.02749977 -0.00000065 -0.00350000
v -0.03447521 -0.00786945 -0.00585861
v -0.03447521 0.00786814 -0.00585861
v -0.02749977 -0.00000065 -0.00350000
v -0.02681028 0.00611867 -0.00350000
v -0.03536181 -0.00000065 -0.00585861
v -0.03185987 0.01534236 -0.00585861
v -0.02681028 0.00611867 -0.00350000
v -0.02477641 0.01193115 -0.00350000
v -0.03447521 0.00786814 -0.00585861
v -0.02764692 0.02204722 -0.00585861
v -0.02477641 0.01193115 -0.00350000
v -0.02150013 0.01714532 -0.00350000
v -0.03185987 0.01534236 -0.00585861
v -0.02204764 0.02764651 -0.00585861
v -0.02150013 0.01714532 -0.00350000
v -0.01714573 0.02149971 -0.00350000
v -0.02764692 0.02204722 -0.00585861
v -0.01534278 0.03185945 -0.00585861
v -0.01714573 0.02149971 -0.00350000
v -0.01193157 0.02477599 -0.00350000
v -0.01534278 0.03185945 -0.00585861
v -0.01193157 0.02477599 -0.00350000
v -0.00611909 0.02680987 -0.00350000
v -0.02204764 0.02764651 -0.00585861
v -0.00611909 0.02680987 -0.00350000
v 0.00000023 0.02749935 -0.00350000
v -0.00786856 0.03447479 -0.00585861
v 0.02762543 -0.02447444 -0.00694130
v 0.02096573 -0.03037442 -0.00694130
v 0.02115004 -0.03064143 -0.00749118
v -0.03629762 -0.00828540 -0.00749118
v -0.03723109 -0.00000065 -0.00749118
v -0.03743183 -0.00000065 -0.00809726
v 0.02042249 -0.02958740 -0.00610610
v 0.01559861 -0.03239101 -0.00610610
v 0.01582546 -0.03286207 -0.00647253
v -0.00444840 -0.03663844 -0.00694130
v -0.00821232 -0.03598220 -0.00694130
v -0.00828451 -0.03629851 -0.00749118
v 0.02071950 -0.03001769 -0.00647253
v 0.02042249 -0.02958740 -0.00610610
v 0.02204811 -0.02764781 -0.00585861
v 0.01534325 -0.03186075 -0.00585861
v -0.01274802 -0.03361503 -0.00610610
v -0.01582499 -0.03286207 -0.00647253
v -0.01293342 -0.03410389 -0.00647253
v 0.02042249 -0.02958740 -0.00610610
v 0.01534325 -0.03186075 -0.00585861
v 0.01559861 -0.03239101 -0.00610610
v -0.01274802 -0.03361503 -0.00610610
v -0.00786856 -0.03447610 -0.00585861
v -0.01534278 -0.03186075 -0.00585861
v -0.01559814 -0.03239101 -0.00610610
v -0.03629762 -0.00828540 -0.00749118
v -0.03743183 -0.00000065 -0.00809726
v -0.03641008 -0.00897499 -0.00873209
v -0.01274802 -0.03361503 -0.00610610
v -0.01534278 -0.03186075 -0.00585861
v -0.01559814 -0.03239101 -0.00610610
v -0.03598131 -0.00821321 -0.00694130
v -0.03690665 -0.00000065 -0.00694130
v -0.03723109 -0.00000065 -0.00749118
v -0.03641008 -0.00897499 -0.00873209
v -0.03743183 -0.00000065 -0.00809726
v -0.03749977 -0.00000065 -0.00873209
v 0.03296693 -0.01730291 -0.00749118
v 0.02806939 -0.02486775 -0.00873209
v 0.03320483 -0.01742777 -0.00873209
v -0.00811587 -0.03555961 -0.00647253
v -0.01293342 -0.03410389 -0.00647253
v -0.01308713 -0.03450918 -0.00694130
v -0.00821232 -0.03598220 -0.00694130
v -0.03629762 -0.00828540 -0.00749118
v 0.02786828 -0.02468959 -0.00749118
v 0.00448797 -0.03696052 -0.00749118
v 0.00000023 -0.03723198 -0.00749118
v 0.00452036 -0.03722723 -0.00873209
v -0.03354403 -0.01615472 -0.00749118
v -0.03641008 -0.00897499 -0.00873209
v -0.03320437 -0.01742777 -0.00873209
v 0.02730098 -0.02418700 -0.00647253
v 0.02071950 -0.03001769 -0.00647253
v 0.02096573 -0.03037442 -0.00694130
v 0.02762543 -0.02447444 -0.00694130
v -0.03354403 -0.01615472 -0.00749118
v -0.03629762 -0.00828540 -0.00749118
v -0.03641008 -0.00897499 -0.00873209
v 0.00000023 -0.03690753 -0.00694130
v -0.00448751 -0.03696052 -0.00749118
v 0.00000023 -0.03723198 -0.00749118
v -0.00444840 -0.03663844 -0.00694130
v -0.03555872 -0.00811675 -0.00647253
v -0.03647319 -0.00000065 -0.00647253
v -0.03690665 -0.00000065 -0.00694130
v 0.03267965 -0.01715213 -0.00694130
v 0.02762543 -0.02447444 -0.00694130
v 0.02786828 -0.02468959 -0.00749118
v 0.03296693 -0.01730291 -0.00749118
v -0.03598131 -0.00821321 -0.00694130
v -0.00439615 -0.03620814 -0.00647253
v -0.00821232 -0.03598220 -0.00694130
v -0.00444840 -0.03663844 -0.00694130
v -0.03325172 -0.01601395 -0.00694130
v -0.03598131 -0.00821321 -0.00694130
v -0.03629762 -0.00828540 -0.00749118
v -0.00811587 -0.03555961 -0.00647253
v 0.02690963 -0.02384030 -0.00610610
v 0.02204811 -0.02764781 -0.00585861
v 0.02042249 -0.02958740 -0.00610610
v -0.03354403 -0.01615472 -0.00749118
v 0.02690963 -0.02384030 -0.00610610
v 0.02071950 -0.03001769 -0.00647253
v 0.02730098 -0.02418700 -0.00647253
v -0.00799952 -0.03504988 -0.00610610
v -0.01293342 -0.03410389 -0.00647253
v -0.00811587 -0.03555961 -0.00647253
v 0.02690963 -0.02384030 -0.00610610
v 0.02764739 -0.02204852 -0.00585861
v 0.02204811 -0.02764781 -0.00585861
v 0.02042249 -0.02958740 -0.00610610
v -0.01274802 -0.03361503 -0.00610610
v 0.03614968 -0.00891069 -0.00749118
v 0.03296693 -0.01730291 -0.00749118
v 0.03320483 -0.01742777 -0.00873209
v -0.00799952 -0.03504988 -0.00610610
v -0.00786856 -0.03447610 -0.00585861
v -0.01274802 -0.03361503 -0.00610610
v 0.03614968 -0.00891069 -0.00749118
v 0.03641055 -0.00897499 -0.00873209
v 0.03743230 -0.00000065 -0.00809726
v 0.00828498 -0.03629851 -0.00749118
v 0.00452036 -0.03722723 -0.00873209
v 0.01329792 -0.03506376 -0.00873209
v -0.03504899 -0.00800041 -0.00610610
v -0.03595035 -0.00000065 -0.00610610
v -0.03647319 -0.00000065 -0.00647253
v 0.03641055 -0.00897499 -0.00873209
v 0.03614968 -0.00891069 -0.00749118
v 0.03743230 -0.00000065 -0.00809726
v 0.03723156 -0.00000065 -0.00749118
v -0.03504899 -0.00800041 -0.00610610
v -0.03185987 -0.01534367 -0.00585861
v -0.03447521 -0.00786945 -0.00585861
v 0.03614968 -0.00891069 -0.00749118
v 0.03723156 -0.00000065 -0.00749118
v 0.03690711 -0.00000065 -0.00694130
v -0.03504899 -0.00800041 -0.00610610
v -0.03447521 -0.00786945 -0.00585861
v -0.03595035 -0.00000065 -0.00610610
v 0.00828498 -0.03629851 -0.00749118
v 0.00448797 -0.03696052 -0.00749118
v 0.00452036 -0.03722723 -0.00873209
v -0.03555872 -0.00811675 -0.00647253
v -0.02910839 -0.02321400 -0.00749118
v -0.03320437 -0.01742777 -0.00873209
v -0.02806892 -0.02486775 -0.00873209
v -0.02910839 -0.02321400 -0.00749118
v -0.03354403 -0.01615472 -0.00749118
v -0.03320437 -0.01742777 -0.00873209
v -0.03536181 -0.00000065 -0.00585861
v 0.03229585 -0.01695070 -0.00647253
v 0.02730098 -0.02418700 -0.00647253
v 0.02762543 -0.02447444 -0.00694130
v 0.03267965 -0.01715213 -0.00694130
v 0.00444887 -0.03663844 -0.00694130
v 0.00000023 -0.03723198 -0.00749118
v 0.00448797 -0.03696052 -0.00749118
v 0.00000023 -0.03690753 -0.00694130
v 0.03583467 -0.00883305 -0.00694130
v 0.03296693 -0.01730291 -0.00749118
v 0.03614968 -0.00891069 -0.00749118
v 0.03583467 -0.00883305 -0.00694130
v 0.03690711 -0.00000065 -0.00694130
v 0.03647366 -0.00000065 -0.00647253
v 0.00000023 -0.03647407 -0.00647253
v -0.00444840 -0.03663844 -0.00694130
v 0.00000023 -0.03690753 -0.00694130
v -0.03286118 -0.01582588 -0.00647253
v -0.03555872 -0.00811675 -0.00647253
v -0.03598131 -0.00821321 -0.00694130
v -0.00439615 -0.03620814 -0.00647253
v -0.03325172 -0.01601395 -0.00694130
v 0.03267965 -0.01715213 -0.00694130
v 0.03583467 -0.00883305 -0.00694130
v -0.00433313 -0.03568911 -0.00610610
v 0.03183289 -0.01670772 -0.00610610
v 0.02730098 -0.02418700 -0.00647253
v 0.03229585 -0.01695070 -0.00647253
v -0.00433313 -0.03568911 -0.00610610
v -0.00811587 -0.03555961 -0.00647253
v -0.00439615 -0.03620814 -0.00647253
v -0.02885473 -0.02301171 -0.00694130
v -0.03325172 -0.01601395 -0.00694130
v -0.03354403 -0.01615472 -0.00749118
v 0.03183289 -0.01670772 -0.00610610
v 0.03186033 -0.01534367 -0.00585861
v 0.02764739 -0.02204852 -0.00585861
v -0.00799952 -0.03504988 -0.00610610
v -0.02910839 -0.02321400 -0.00749118
v 0.02690963 -0.02384030 -0.00610610
v -0.00433313 -0.03568911 -0.00610610
v -0.00786856 -0.03447610 -0.00585861
v -0.00799952 -0.03504988 -0.00610610
v 0.03183289 -0.01670772 -0.00610610
v 0.02764739 -0.02204852 -0.00585861
v 0.02690963 -0.02384030 -0.00610610
v -0.03239012 -0.01559902 -0.00610610
v -0.02764692 -0.02204852 -0.00585861
v -0.03185987 -0.01534367 -0.00585861
v -0.03239012 -0.01559902 -0.00610610
v -0.03555872 -0.00811675 -0.00647253
v -0.03286118 -0.01582588 -0.00647253
v 0.03541380 -0.00872931 -0.00647253
v 0.03647366 -0.00000065 -0.00647253
v 0.03595082 -0.00000065 -0.00610610
v -0.03504899 -0.00800041 -0.00610610
v 0.03541380 -0.00872931 -0.00647253
v 0.00821279 -0.03598220 -0.00694130
v 0.00448797 -0.03696052 -0.00749118
v 0.00828498 -0.03629851 -0.00749118
v -0.03239012 -0.01559902 -0.00610610
v 0.03541380 -0.00872931 -0.00647253
v 0.03229585 -0.01695070 -0.00647253
v 0.03267965 -0.01715213 -0.00694130
v 0.00444887 -0.03663844 -0.00694130
v -0.02321312 -0.02910927 -0.00749118
v -0.02806892 -0.02486775 -0.00873209
v -0.02130219 -0.03086255 -0.00873209
v 0.03583467 -0.00883305 -0.00694130
v 0.03490616 -0.00860419 -0.00610610
v 0.03595082 -0.00000065 -0.00610610
v 0.03447568 -0.00786945 -0.00585861
v -0.02321312 -0.02910927 -0.00749118
v -0.02910839 -0.02321400 -0.00749118
v -0.02806892 -0.02486775 -0.00873209
v 0.03490616 -0.00860419 -0.00610610
v 0.03447568 -0.00786945 -0.00585861
v 0.03186033 -0.01534367 -0.00585861
v 0.03490616 -0.00860419 -0.00610610
v 0.03186033 -0.01534367 -0.00585861
v 0.03183289 -0.01670772 -0.00610610
v 0.01320264 -0.03481255 -0.00749118
v 0.00828498 -0.03629851 -0.00749118
v 0.01329792 -0.03506376 -0.00873209
v 0.03490616 -0.00860419 -0.00610610
v 0.03183289 -0.01670772 -0.00610610
v 0.03229585 -0.01695070 -0.00647253
v 0.03490616 -0.00860419 -0.00610610
v -0.02851583 -0.02274146 -0.00647253
v -0.03286118 -0.01582588 -0.00647253
v -0.03325172 -0.01601395 -0.00694130
v 0.03541380 -0.00872931 -0.00647253
v 0.00439662 -0.03620814 -0.00647253
v 0.00000023 -0.03690753 -0.00694130
v 0.00444887 -0.03663844 -0.00694130
v 0.00000023 -0.03647407 -0.00647253
v -0.02885473 -0.02301171 -0.00694130
v -0.02301083 -0.02885561 -0.00694130
v -0.02910839 -0.02321400 -0.00749118
v -0.02321312 -0.02910927 -0.00749118
v 0.00000023 -0.03595123 -0.00610610
v 0.00000023 -0.03536269 -0.00585861
v -0.00433313 -0.03568911 -0.00610610
v 0.00000023 -0.03595123 -0.00610610
v -0.00439615 -0.03620814 -0.00647253
v 0.00000023 -0.03647407 -0.00647253
v -0.00433313 -0.03568911 -0.00610610
v -0.02885473 -0.02301171 -0.00694130
v 0.01615430 -0.03354491 -0.00749118
v 0.01329792 -0.03506376 -0.00873209
v 0.02130266 -0.03086255 -0.00873209
v -0.02810706 -0.02241547 -0.00610610
v -0.02810706 -0.02241547 -0.00610610
v -0.02204764 -0.02764781 -0.00585861
v -0.02764692 -0.02204852 -0.00585861
v -0.02810706 -0.02241547 -0.00610610
v -0.03239012 -0.01559902 -0.00610610
v -0.03286118 -0.01582588 -0.00647253
v -0.02851583 -0.02274146 -0.00647253
v 0.01615430 -0.03354491 -0.00749118
v 0.01320264 -0.03481255 -0.00749118
v 0.01329792 -0.03506376 -0.00873209
v -0.01615383 -0.03354491 -0.00749118
v -0.02130219 -0.03086255 -0.00873209
v -0.01329745 -0.03506376 -0.00873209
v -0.01615383 -0.03354491 -0.00749118
v -0.02321312 -0.02910927 -0.00749118
v -0.02130219 -0.03086255 -0.00873209
v 0.00811633 -0.03555961 -0.00647253
v 0.00444887 -0.03663844 -0.00694130
v 0.00821279 -0.03598220 -0.00694130
v 0.00439662 -0.03620814 -0.00647253
v -0.02274057 -0.02851672 -0.00647253
v -0.02885473 -0.02301171 -0.00694130
v -0.02301083 -0.02885561 -0.00694130
v 0.01308759 -0.03450918 -0.00694130
v 0.00821279 -0.03598220 -0.00694130
v 0.00828498 -0.03629851 -0.00749118
v -0.02851583 -0.02274146 -0.00647253
v 0.01320264 -0.03481255 -0.00749118
v 0.00433360 -0.03568911 -0.00610610
v 0.00433360 -0.03568911 -0.00610610
v 0.00000023 -0.03536269 -0.00585861
v 0.00000023 -0.03595123 -0.00610610
v -0.01320218 -0.03481255 -0.00749118
v -0.01615383 -0.03354491 -0.00749118
v -0.01329745 -0.03506376 -0.00873209
v 0.00433360 -0.03568911 -0.00610610
v 0.00000023 -0.03647407 -0.00647253
v 0.00439662 -0.03620814 -0.00647253
v 0.00000023 -0.03595123 -0.00610610
v 0.01601353 -0.03325260 -0.00694130
v 0.01320264 -0.03481255 -0.00749118
v 0.01615430 -0.03354491 -0.00749118
v 0.01308759 -0.03450918 -0.00694130
v -0.01601306 -0.03325260 -0.00694130
v -0.02301083 -0.02885561 -0.00694130
v -0.02321312 -0.02910927 -0.00749118
v -0.01615383 -0.03354491 -0.00749118
v -0.02241459 -0.02810795 -0.00610610
v -0.01534278 -0.03186075 -0.00585861
v -0.02204764 -0.02764781 -0.00585861
v -0.02241459 -0.02810795 -0.00610610
v -0.02241459 -0.02810795 -0.00610610
v -0.02810706 -0.02241547 -0.00610610
v -0.02851583 -0.02274146 -0.00647253
v -0.02274057 -0.02851672 -0.00647253
v 0.02115004 -0.03064143 -0.00749118
v 0.01615430 -0.03354491 -0.00749118
v 0.02130266 -0.03086255 -0.00873209
v -0.01308713 -0.03450918 -0.00694130
v -0.01601306 -0.03325260 -0.00694130
v -0.01615383 -0.03354491 -0.00749118
v -0.01320218 -0.03481255 -0.00749118
v 0.00799999 -0.03504988 -0.00610610
v 0.00439662 -0.03620814 -0.00647253
v 0.00811633 -0.03555961 -0.00647253
v 0.00433360 -0.03568911 -0.00610610
v 0.00799999 -0.03504988 -0.00610610
v 0.00786903 -0.03447610 -0.00585861
v 0.00433360 -0.03568911 -0.00610610
v -0.00828451 -0.03629851 -0.00749118
v -0.01329745 -0.03506376 -0.00873209
v -0.00451989 -0.03722723 -0.00873209
v 0.01293389 -0.03410389 -0.00647253
v 0.00821279 -0.03598220 -0.00694130
v 0.01308759 -0.03450918 -0.00694130
v 0.00811633 -0.03555961 -0.00647253
v -0.00828451 -0.03629851 -0.00749118
v -0.01320218 -0.03481255 -0.00749118
v -0.01329745 -0.03506376 -0.00873209
v -0.01582499 -0.03286207 -0.00647253
v -0.02274057 -0.02851672 -0.00647253
v -0.02301083 -0.02885561 -0.00694130
v 0.01582546 -0.03286207 -0.00647253
v 0.01293389 -0.03410389 -0.00647253
v 0.01308759 -0.03450918 -0.00694130
v 0.01601353 -0.03325260 -0.00694130
v -0.01601306 -0.03325260 -0.00694130
v -0.00448751 -0.03696052 -0.00749118
v -0.00828451 -0.03629851 -0.00749118
v -0.00451989 -0.03722723 -0.00873209
v 0.02096573 -0.03037442 -0.00694130
v 0.01615430 -0.03354491 -0.00749118
v 0.02115004 -0.03064143 -0.00749118
v 0.03743230 -0.00000065 -0.00809726
v 0.03641055 -0.00897499 -0.00873209
v 0.03750023 -0.00000065 -0.00873209
v 0.01601353 -0.03325260 -0.00694130
v 0.01274849 -0.03361503 -0.00610610
v 0.00799999 -0.03504988 -0.00610610
v 0.00811633 -0.03555961 -0.00647253
v 0.01293389 -0.03410389 -0.00647253
v 0.01274849 -0.03361503 -0.00610610
v 0.00786903 -0.03447610 -0.00585861
v 0.00799999 -0.03504988 -0.00610610
v -0.01293342 -0.03410389 -0.00647253
v -0.01582499 -0.03286207 -0.00647253
v -0.01601306 -0.03325260 -0.00694130
v 0.01274849 -0.03361503 -0.00610610
v 0.01534325 -0.03186075 -0.00585861
v 0.00786903 -0.03447610 -0.00585861
v -0.01308713 -0.03450918 -0.00694130
v 0.01559861 -0.03239101 -0.00610610
v 0.01274849 -0.03361503 -0.00610610
v 0.01293389 -0.03410389 -0.00647253
v 0.01582546 -0.03286207 -0.00647253
v -0.00821232 -0.03598220 -0.00694130
v -0.01320218 -0.03481255 -0.00749118
v -0.00828451 -0.03629851 -0.00749118
v 0.01559861 -0.03239101 -0.00610610
v 0.01534325 -0.03186075 -0.00585861
v 0.01274849 -0.03361503 -0.00610610
v 0.02786828 -0.02468959 -0.00749118
v 0.02115004 -0.03064143 -0.00749118
v 0.02130266 -0.03086255 -0.00873209
v -0.01308713 -0.03450918 -0.00694130
v 0.02806939 -0.02486775 -0.00873209
v -0.01559814 -0.03239101 -0.00610610
v -0.02241459 -0.02810795 -0.00610610
v -0.02274057 -0.02851672 -0.00647253
v -0.01582499 -0.03286207 -0.00647253
v -0.01559814 -0.03239101 -0.00610610
v 0.00000023 -0.03723198 -0.00749118
v -0.00451989 -0.03722723 -0.00873209
v 0.00452036 -0.03722723 -0.00873209
v 0.02071950 -0.03001769 -0.00647253
v 0.01601353 -0.03325260 -0.00694130
v 0.02096573 -0.03037442 -0.00694130
v 0.01582546 -0.03286207 -0.00647253
v 0.02786828 -0.02468959 -0.00749118
v 0.00000023 -0.03723198 -0.00749118
v -0.00448751 -0.03696052 -0.00749118
v -0.00451989 -0.03722723 -0.00873209
v -0.00448751 -0.03696052 -0.00749118
v 0.03536228 -0.00000065 -0.00585861
v 0.03447568 -0.00786945 -0.00585861
v 0.03595082 -0.00000065 -0.00610610
v 0.02750023 -0.00000065 -0.00350000
v 0.02681075 0.00611867 -0.00350000
v 0.02750023 -0.00000065 -0.02650000
v 0.02750023 -0.00000065 -0.02650000
v 0.02681075 0.00611867 -0.00350000
v 0.02670113 0.00658053 -0.02650000
v 0.02670113 0.00658053 -0.02650000
v 0.02477688 0.01193115 -0.00350000
v 0.02435028 0.01277923 -0.02650000
v 0.02681075 0.00611867 -0.00350000
v 0.02477688 0.01193115 -0.00350000
v 0.02670113 0.00658053 -0.02650000
v 0.02435028 0.01277923 -0.02650000
v 0.02150060 0.01714532 -0.00350000
v 0.02058428 0.01823522 -0.02650000
v 0.02477688 0.01193115 -0.00350000
v 0.02150060 0.01714532 -0.00350000
v 0.02435028 0.01277923 -0.02650000
v 0.02058428 0.01823522 -0.02650000
v 0.01714620 0.02149971 -0.00350000
v 0.01562201 0.02263140 -0.02650000
v 0.02150060 0.01714532 -0.00350000
v 0.01714620 0.02149971 -0.00350000
v 0.02058428 0.01823522 -0.02650000
v 0.01562201 0.02263140 -0.02650000
v 0.01193204 0.02477599 -0.00350000
v 0.00975187 0.02571230 -0.02650000
v 0.01714620 0.02149971 -0.00350000
v 0.01193204 0.02477599 -0.00350000
v 0.01562201 0.02263140 -0.02650000
v 0.00975187 0.02571230 -0.02650000
v 0.00611956 0.02680987 -0.00350000
v 0.00331499 0.02729884 -0.02650000
v 0.01193204 0.02477599 -0.00350000
v 0.00611956 0.02680987 -0.00350000
v 0.00975187 0.02571230 -0.02650000
v 0.00331499 0.02729884 -0.02650000
v 0.00000023 0.02749935 -0.00350000
v -0.00331452 0.02729884 -0.02650000
v 0.00611956 0.02680987 -0.00350000
v 0.00000023 0.02749935 -0.00350000
v 0.00331499 0.02729884 -0.02650000
v -0.00331452 0.02729884 -0.02650000
v -0.00611909 0.02680987 -0.00350000
v -0.00975140 0.02571230 -0.02650000
v 0.00000023 0.02749935 -0.00350000
v -0.00611909 0.02680987 -0.00350000
v -0.00331452 0.02729884 -0.02650000
v -0.00975140 0.02571230 -0.02650000
v -0.01193157 0.02477599 -0.00350000
v -0.01562155 0.02263140 -0.02650000
v -0.00611909 0.02680987 -0.00350000
v -0.01193157 0.02477599 -0.00350000
v -0.00975140 0.02571230 -0.02650000
v -0.01562155 0.02263140 -0.02650000
v -0.01714573 0.02149971 -0.00350000
v -0.02058381 0.01823522 -0.02650000
v -0.01193157 0.02477599 -0.00350000
v -0.01714573 0.02149971 -0.00350000
v -0.01562155 0.02263140 -0.02650000
v -0.02058381 0.01823522 -0.02650000
v -0.02150013 0.01714532 -0.00350000
v -0.02434981 0.01277923 -0.02650000
v -0.01714573 0.02149971 -0.00350000
v -0.02150013 0.01714532 -0.00350000
v -0.02058381 0.01823522 -0.02650000
v -0.02434981 0.01277923 -0.02650000
v -0.02477641 0.01193115 -0.00350000
v -0.02670067 0.00658053 -0.02650000
v -0.02150013 0.01714532 -0.00350000
v -0.02477641 0.01193115 -0.00350000
v -0.02434981 0.01277923 -0.02650000
v -0.02670067 0.00658053 -0.02650000
v -0.02681028 0.00611867 -0.00350000
v -0.02749977 -0.00000065 -0.02650000
v -0.02477641 0.01193115 -0.00350000
v -0.02681028 0.00611867 -0.00350000
v -0.02670067 0.00658053 -0.02650000
v -0.02681028 0.00611867 -0.00350000
v -0.02749977 -0.00000065 -0.00350000
v -0.02749977 -0.00000065 -0.02650000
v -0.03641008 -0.00897499 -0.00873209
v -0.03749977 -0.00000065 -0.00873209
v -0.03749977 -0.00000065 -0.02126791
v -0.03641008 -0.00897499 -0.02126791
v -0.03320437 -0.01742777 -0.00873209
v -0.03641008 -0.00897499 -0.02126791
v -0.03320437 -0.01742777 -0.02126791
v -0.03641008 -0.00897499 -0.00873209
v -0.02806892 -0.02486775 -0.00873209
v -0.03320437 -0.01742777 -0.02126791
v -0.02806892 -0.02486775 -0.02126791
v -0.03320437 -0.01742777 -0.00873209
v -0.02130219 -0.03086255 -0.00873209
v -0.02806892 -0.02486775 -0.02126791
v -0.02130219 -0.03086255 -0.02126791
v -0.02806892 -0.02486775 -0.00873209
v -0.01329745 -0.03506376 -0.00873209
v -0.02130219 -0.03086255 -0.02126791
v -0.01329745 -0.03506376 -0.02126791
v -0.01329745 -0.03506376 -0.02126791
v -0.00451989 -0.03722723 -0.02126791
v -0.02130219 -0.03086255 -0.00873209
v -0.00451989 -0.03722723 -0.02126791
v 0.00452036 -0.03722723 -0.02126791
v 0.00452036 -0.03722723 -0.02126791
v 0.01329792 -0.03506376 -0.02126791
v 0.01329792 -0.03506376 -0.00873209
v 0.01329792 -0.03506376 -0.02126791
v 0.02130266 -0.03086255 -0.02126791
v 0.02130266 -0.03086255 -0.00873209
v 0.02806939 -0.02486775 -0.00873209
v 0.02130266 -0.03086255 -0.02126791
v 0.02806939 -0.02486775 -0.02126791
v 0.02806939 -0.02486775 -0.00873209
v 0.02806939 -0.02486775 -0.02126791
v 0.03320483 -0.01742777 -0.02126791
v 0.02130266 -0.03086255 -0.00873209
v 0.03320483 -0.01742777 -0.00873209
v 0.03320483 -0.01742777 -0.02126791
v 0.03641055 -0.00897499 -0.02126791
v 0.03320483 -0.01742777 -0.00873209
v 0.03641055 -0.00897499 -0.00873209
v 0.03750023 -0.00000065 -0.00873209
v 0.03641055 -0.00897499 -0.02126791
v 0.03750023 -0.00000065 -0.02126791
v 0.03641055 -0.00897499 -0.00873209
v -0.03536181 -0.00000065 -0.02414139
v -0.02749977 -0.00000065 -0.02650000
v -0.02670067 -0.00658183 -0.02650000
v -0.03433425 -0.00846334 -0.02414139
v -0.02670067 -0.00658183 -0.02650000
v -0.02434981 -0.01278054 -0.02650000
v -0.03433425 -0.00846334 -0.02414139
v -0.03131130 -0.01643421 -0.02414139
v -0.02434981 -0.01278054 -0.02650000
v -0.02058381 -0.01823652 -0.02650000
v -0.03131130 -0.01643421 -0.02414139
v -0.02646864 -0.02345002 -0.02414139
v -0.02058381 -0.01823652 -0.02650000
v -0.01562155 -0.02263271 -0.02650000
v -0.02646864 -0.02345002 -0.02414139
v -0.02008770 -0.02910304 -0.02414139
v -0.01562155 -0.02263271 -0.02650000
v -0.00975140 -0.02571360 -0.02650000
v -0.02008770 -0.02910304 -0.02414139
v -0.01253932 -0.03306474 -0.02414139
v -0.00975140 -0.02571360 -0.02650000
v -0.00331452 -0.02730015 -0.02650000
v -0.01253932 -0.03306474 -0.02414139
v -0.00426219 -0.03510487 -0.02414139
v -0.00331452 -0.02730015 -0.02650000
v 0.00331499 -0.02730015 -0.02650000
v -0.00426219 -0.03510487 -0.02414139
v 0.00426266 -0.03510487 -0.02414139
v 0.00331499 -0.02730015 -0.02650000
v 0.00975187 -0.02571360 -0.02650000
v 0.00426266 -0.03510487 -0.02414139
v 0.01253979 -0.03306474 -0.02414139
v 0.00975187 -0.02571360 -0.02650000
v 0.01562201 -0.02263271 -0.02650000
v 0.01253979 -0.03306474 -0.02414139
v 0.02008816 -0.02910304 -0.02414139
v 0.01562201 -0.02263271 -0.02650000
v 0.02058428 -0.01823652 -0.02650000
v 0.02008816 -0.02910304 -0.02414139
v 0.02646910 -0.02345002 -0.02414139
v 0.02058428 -0.01823652 -0.02650000
v 0.02435028 -0.01278054 -0.02650000
v 0.02646910 -0.02345002 -0.02414139
v 0.03131177 -0.01643421 -0.02414139
v 0.02435028 -0.01278054 -0.02650000
v 0.02670113 -0.00658183 -0.02650000
v 0.03131177 -0.01643421 -0.02414139
v 0.03433472 -0.00846334 -0.02414139
v 0.02670113 -0.00658183 -0.02650000
v 0.02750023 -0.00000065 -0.02650000
v 0.03433472 -0.00846334 -0.02414139
v 0.03536228 -0.00000065 -0.02414139
v 0.02786828 -0.02468959 -0.02250882
v 0.02096573 -0.03037442 -0.02305870
v 0.02762543 -0.02447444 -0.02305870
v -0.03183243 -0.01670772 -0.02389390
v -0.03131130 -0.01643421 -0.02414139
v -0.02646864 -0.02345002 -0.02414139
v 0.03490616 -0.00860419 -0.02389390
v 0.03433472 -0.00846334 -0.02414139
v 0.03536228 -0.00000065 -0.02414139
v 0.03490616 -0.00860419 -0.02389390
v 0.03183289 -0.01670772 -0.02389390
v 0.03433472 -0.00846334 -0.02414139
v 0.03595082 -0.00000065 -0.02389390
v -0.03183243 -0.01670772 -0.02389390
v -0.03490569 -0.00860419 -0.02389390
v -0.03131130 -0.01643421 -0.02414139
v 0.03490616 -0.00860419 -0.02389390
v 0.03595082 -0.00000065 -0.02389390
v 0.03647366 -0.00000065 -0.02352747
v -0.03583420 -0.00883305 -0.02305870
v -0.03690665 -0.00000065 -0.02305870
v -0.03647319 -0.00000065 -0.02352747
v -0.03583420 -0.00883305 -0.02305870
v -0.03723109 -0.00000065 -0.02250882
v -0.03690665 -0.00000065 -0.02305870
v -0.03583420 -0.00883305 -0.02305870
v -0.03647319 -0.00000065 -0.02352747
v -0.03490569 -0.00860419 -0.02389390
v -0.03433425 -0.00846334 -0.02414139
v -0.03595035 -0.00000065 -0.02389390
v -0.03536181 -0.00000065 -0.02414139
v -0.03614922 -0.00891069 -0.02250882
v -0.03743183 -0.00000065 -0.02190274
v -0.03723109 -0.00000065 -0.02250882
v 0.03267965 -0.01715213 -0.02305870
v 0.02690963 -0.02384030 -0.02389390
v 0.03183289 -0.01670772 -0.02389390
v 0.02762543 -0.02447444 -0.02305870
v -0.03614922 -0.00891069 -0.02250882
v -0.03614922 -0.00891069 -0.02250882
v -0.03641008 -0.00897499 -0.02126791
v -0.03743183 -0.00000065 -0.02190274
v -0.02690916 -0.02384030 -0.02389390
v -0.02646864 -0.02345002 -0.02414139
v -0.02008770 -0.02910304 -0.02414139
v 0.03296693 -0.01730291 -0.02250882
v 0.03320483 -0.01742777 -0.02126791
v 0.02806939 -0.02486775 -0.02126791
v 0.02786828 -0.02468959 -0.02250882
v -0.02690916 -0.02384030 -0.02389390
v 0.03296693 -0.01730291 -0.02250882
v 0.02786828 -0.02468959 -0.02250882
v 0.02762543 -0.02447444 -0.02305870
v 0.03267965 -0.01715213 -0.02305870
v -0.03267918 -0.01715213 -0.02305870
v -0.03583420 -0.00883305 -0.02305870
v -0.03490569 -0.00860419 -0.02389390
v 0.03583467 -0.00883305 -0.02305870
v 0.03183289 -0.01670772 -0.02389390
v 0.03490616 -0.00860419 -0.02389390
v -0.03183243 -0.01670772 -0.02389390
v 0.03583467 -0.00883305 -0.02305870
v 0.03647366 -0.00000065 -0.02352747
v 0.03690711 -0.00000065 -0.02305870
v 0.03583467 -0.00883305 -0.02305870
v 0.03490616 -0.00860419 -0.02389390
v 0.03647366 -0.00000065 -0.02352747
v 0.03267965 -0.01715213 -0.02305870
v -0.03296646 -0.01730291 -0.02250882
v -0.03583420 -0.00883305 -0.02305870
v -0.03267918 -0.01715213 -0.02305870
v -0.03296646 -0.01730291 -0.02250882
v -0.03320437 -0.01742777 -0.02126791
v -0.03641008 -0.00897499 -0.02126791
v 0.03614968 -0.00891069 -0.02250882
v 0.03743230 -0.00000065 -0.02190274
v 0.03641055 -0.00897499 -0.02126791
v 0.03614968 -0.00891069 -0.02250882
v 0.03690711 -0.00000065 -0.02305870
v 0.03723156 -0.00000065 -0.02250882
v 0.03614968 -0.00891069 -0.02250882
v 0.03723156 -0.00000065 -0.02250882
v 0.03743230 -0.00000065 -0.02190274
v -0.03614922 -0.00891069 -0.02250882
v 0.03614968 -0.00891069 -0.02250882
v 0.03641055 -0.00897499 -0.02126791
v 0.03320483 -0.01742777 -0.02126791
v -0.03614922 -0.00891069 -0.02250882
v 0.03296693 -0.01730291 -0.02250882
v 0.03614968 -0.00891069 -0.02250882
v 0.03296693 -0.01730291 -0.02250882
v 0.03267965 -0.01715213 -0.02305870
v -0.02042202 -0.02958740 -0.02389390
v -0.02008770 -0.02910304 -0.02414139
v -0.01253932 -0.03306474 -0.02414139
v 0.03583467 -0.00883305 -0.02305870
v 0.03583467 -0.00883305 -0.02305870
v -0.02042202 -0.02958740 -0.02389390
v -0.02762496 -0.02447444 -0.02305870
v -0.03267918 -0.01715213 -0.02305870
v -0.03183243 -0.01670772 -0.02389390
v -0.02690916 -0.02384030 -0.02389390
v -0.02786781 -0.02468959 -0.02250882
v -0.02806892 -0.02486775 -0.02126791
v -0.03320437 -0.01742777 -0.02126791
v -0.03641008 -0.00897499 -0.02126791
v -0.03749977 -0.00000065 -0.02126791
v -0.03743183 -0.00000065 -0.02190274
v -0.02786781 -0.02468959 -0.02250882
v -0.03296646 -0.01730291 -0.02250882
v -0.03267918 -0.01715213 -0.02305870
v -0.02762496 -0.02447444 -0.02305870
v -0.03296646 -0.01730291 -0.02250882
v -0.01274802 -0.03361503 -0.02389390
v -0.01253932 -0.03306474 -0.02414139
v -0.00426219 -0.03510487 -0.02414139
v -0.01274802 -0.03361503 -0.02389390
v -0.02096526 -0.03037442 -0.02305870
v -0.02762496 -0.02447444 -0.02305870
v -0.02690916 -0.02384030 -0.02389390
v -0.02042202 -0.02958740 -0.02389390
v -0.02114957 -0.03064143 -0.02250882
v -0.02786781 -0.02468959 -0.02250882
v -0.02762496 -0.02447444 -0.02305870
v -0.02114957 -0.03064143 -0.02250882
v -0.02130219 -0.03086255 -0.02126791
v -0.02806892 -0.02486775 -0.02126791
v -0.02786781 -0.02468959 -0.02250882
v -0.02096526 -0.03037442 -0.02305870
v -0.00433313 -0.03568911 -0.02389390
v -0.00426219 -0.03510487 -0.02414139
v 0.00426266 -0.03510487 -0.02414139
v -0.00433313 -0.03568911 -0.02389390
v -0.01308713 -0.03450918 -0.02305870
v -0.02096526 -0.03037442 -0.02305870
v -0.02042202 -0.02958740 -0.02389390
v -0.01274802 -0.03361503 -0.02389390
v -0.01320218 -0.03481255 -0.02250882
v -0.01329745 -0.03506376 -0.02126791
v -0.02130219 -0.03086255 -0.02126791
v -0.01320218 -0.03481255 -0.02250882
v -0.02114957 -0.03064143 -0.02250882
v -0.02096526 -0.03037442 -0.02305870
v -0.01308713 -0.03450918 -0.02305870
v -0.02114957 -0.03064143 -0.02250882
v 0.00433360 -0.03568911 -0.02389390
v 0.00426266 -0.03510487 -0.02414139
v 0.01253979 -0.03306474 -0.02414139
v 0.00433360 -0.03568911 -0.02389390
v -0.00444840 -0.03663844 -0.02305870
v -0.01308713 -0.03450918 -0.02305870
v -0.01274802 -0.03361503 -0.02389390
v -0.00433313 -0.03568911 -0.02389390
v -0.00448751 -0.03696052 -0.02250882
v -0.01320218 -0.03481255 -0.02250882
v -0.01308713 -0.03450918 -0.02305870
v -0.00448751 -0.03696052 -0.02250882
v -0.00451989 -0.03722723 -0.02126791
v -0.01329745 -0.03506376 -0.02126791
v -0.00444840 -0.03663844 -0.02305870
v -0.01320218 -0.03481255 -0.02250882
v 0.01274849 -0.03361503 -0.02389390
v 0.01253979 -0.03306474 -0.02414139
v 0.02008816 -0.02910304 -0.02414139
v 0.01274849 -0.03361503 -0.02389390
v 0.00444887 -0.03663844 -0.02305870
v -0.00433313 -0.03568911 -0.02389390
v 0.00433360 -0.03568911 -0.02389390
v -0.00444840 -0.03663844 -0.02305870
v 0.00448797 -0.03696052 -0.02250882
v -0.00448751 -0.03696052 -0.02250882
v -0.00444840 -0.03663844 -0.02305870
v 0.00448797 -0.03696052 -0.02250882
v -0.00451989 -0.03722723 -0.02126791
v -0.00448751 -0.03696052 -0.02250882
v 0.00452036 -0.03722723 -0.02126791
v 0.00444887 -0.03663844 -0.02305870
v 0.02042249 -0.02958740 -0.02389390
v 0.02008816 -0.02910304 -0.02414139
v 0.02646910 -0.02345002 -0.02414139
v 0.02042249 -0.02958740 -0.02389390
v 0.01308759 -0.03450918 -0.02305870
v 0.00444887 -0.03663844 -0.02305870
v 0.00433360 -0.03568911 -0.02389390
v 0.01274849 -0.03361503 -0.02389390
v 0.01320264 -0.03481255 -0.02250882
v 0.00452036 -0.03722723 -0.02126791
v 0.00448797 -0.03696052 -0.02250882
v 0.01329792 -0.03506376 -0.02126791
v 0.01320264 -0.03481255 -0.02250882
v 0.00448797 -0.03696052 -0.02250882
v 0.00444887 -0.03663844 -0.02305870
v 0.01308759 -0.03450918 -0.02305870
v 0.02690963 -0.02384030 -0.02389390
v 0.02646910 -0.02345002 -0.02414139
v 0.03131177 -0.01643421 -0.02414139
v 0.02690963 -0.02384030 -0.02389390
v 0.02096573 -0.03037442 -0.02305870
v 0.01308759 -0.03450918 -0.02305870
v 0.01274849 -0.03361503 -0.02389390
v 0.02042249 -0.02958740 -0.02389390
v 0.02115004 -0.03064143 -0.02250882
v 0.01329792 -0.03506376 -0.02126791
v 0.01320264 -0.03481255 -0.02250882
v 0.02130266 -0.03086255 -0.02126791
v 0.02115004 -0.03064143 -0.02250882
v 0.01308759 -0.03450918 -0.02305870
v 0.02096573 -0.03037442 -0.02305870
v 0.01320264 -0.03481255 -0.02250882
v 0.03131177 -0.01643421 -0.02414139
v 0.03183289 -0.01670772 -0.02389390
v 0.03750023 -0.00000065 -0.02126791
v 0.03641055 -0.00897499 -0.02126791
v 0.03743230 -0.00000065 -0.02190274
v 0.02762543 -0.02447444 -0.02305870
v 0.02042249 -0.02958740 -0.02389390
v 0.02690963 -0.02384030 -0.02389390
v 0.02096573 -0.03037442 -0.02305870
v -0.03490569 -0.00860419 -0.02389390
v -0.03647319 -0.00000065 -0.02352747
v -0.03595035 -0.00000065 -0.02389390
v 0.02786828 -0.02468959 -0.02250882
v 0.02806939 -0.02486775 -0.02126791
v 0.02130266 -0.03086255 -0.02126791
v -0.03433425 -0.00846334 -0.02414139
v 0.02115004 -0.03064143 -0.02250882
v -0.03490569 -0.00860419 -0.02389390
v 0.02115004 -0.03064143 -0.02250882
v -0.00799977 -0.00000065 -0.01800000
v -0.00776730 -0.00191518 -0.01800000
v -0.00799977 -0.00000065 -0.02650000
v -0.00776730 -0.00191518 -0.02650000
v -0.00776730 -0.00191518 -0.02650000
v -0.00708342 -0.00371844 -0.01800000
v -0.00708342 -0.00371844 -0.02650000
v -0.00776730 -0.00191518 -0.01800000
v -0.00708342 -0.00371844 -0.02650000
v -0.00598785 -0.00530563 -0.01800000
v -0.00598785 -0.00530563 -0.02650000
v -0.00708342 -0.00371844 -0.01800000
v -0.00598785 -0.00530563 -0.02650000
v -0.00454428 -0.00658452 -0.01800000
v -0.00454428 -0.00658452 -0.02650000
v -0.00598785 -0.00530563 -0.01800000
v -0.00454428 -0.00658452 -0.02650000
v -0.00283661 -0.00748078 -0.01800000
v -0.00283661 -0.00748078 -0.02650000
v -0.00454428 -0.00658452 -0.01800000
v -0.00283661 -0.00748078 -0.02650000
v -0.00096406 -0.00794232 -0.01800000
v -0.00096406 -0.00794232 -0.02650000
v -0.00283661 -0.00748078 -0.01800000
v -0.00096406 -0.00794232 -0.02650000
v 0.00096453 -0.00794232 -0.01800000
v 0.00096453 -0.00794232 -0.02650000
v -0.00096406 -0.00794232 -0.01800000
v 0.00096453 -0.00794232 -0.02650000
v 0.00283707 -0.00748078 -0.01800000
v 0.00283707 -0.00748078 -0.02650000
v 0.00096453 -0.00794232 -0.01800000
v 0.00283707 -0.00748078 -0.02650000
v 0.00454475 -0.00658452 -0.01800000
v 0.00454475 -0.00658452 -0.02650000
v 0.00283707 -0.00748078 -0.01800000
v 0.00454475 -0.00658452 -0.02650000
v 0.00598832 -0.00530563 -0.01800000
v 0.00598832 -0.00530563 -0.02650000
v 0.00454475 -0.00658452 -0.01800000
v 0.00598832 -0.00530563 -0.02650000
v 0.00708388 -0.00371844 -0.01800000
v 0.00708388 -0.00371844 -0.02650000
v 0.00598832 -0.00530563 -0.01800000
v 0.00708388 -0.00371844 -0.02650000
v 0.00776777 -0.00191518 -0.01800000
v 0.00776777 -0.00191518 -0.02650000
v 0.00708388 -0.00371844 -0.01800000
v 0.00776777 -0.00191518 -0.02650000
v 0.00800023 -0.00000065 -0.01800000
v 0.00800023 -0.00000065 -0.02650000
v 0.00776777 -0.00191518 -0.01800000
v 0.00950023 -0.00000065 -0.01800000
v 0.00950023 -0.00000065 -0.02650000
v 0.00922418 0.00227285 -0.02650000
v 0.00922418 0.00227285 -0.01800000
v 0.00922418 0.00227285 -0.02650000
v 0.00841207 0.00441422 -0.02650000
v 0.00922418 0.00227285 -0.01800000
v 0.00841207 0.00441422 -0.01800000
v 0.00841207 0.00441422 -0.02650000
v 0.00711109 0.00629901 -0.02650000
v 0.00841207 0.00441422 -0.01800000
v 0.00711109 0.00629901 -0.01800000
v 0.00711109 0.00629901 -0.02650000
v 0.00539685 0.00781769 -0.02650000
v 0.00711109 0.00629901 -0.01800000
v 0.00539685 0.00781769 -0.01800000
v 0.00539685 0.00781769 -0.02650000
v 0.00336898 0.00888200 -0.02650000
v 0.00539685 0.00781769 -0.01800000
v 0.00336898 0.00888200 -0.01800000
v 0.00336898 0.00888200 -0.02650000
v 0.00114533 0.00943008 -0.02650000
v 0.00336898 0.00888200 -0.01800000
v 0.00114533 0.00943008 -0.01800000
v 0.00114533 0.00943008 -0.02650000
v -0.00114486 0.00943008 -0.02650000
v 0.00114533 0.00943008 -0.01800000
v -0.00114486 0.00943008 -0.01800000
v -0.00114486 0.00943008 -0.02650000
v -0.00336851 0.00888200 -0.02650000
v -0.00114486 0.00943008 -0.01800000
v -0.00336851 0.00888200 -0.01800000
v -0.00336851 0.00888200 -0.02650000
v -0.00539638 0.00781769 -0.02650000
v -0.00336851 0.00888200 -0.01800000
v -0.00539638 0.00781769 -0.01800000
v -0.00539638 0.00781769 -0.02650000
v -0.00711062 0.00629901 -0.02650000
v -0.00539638 0.00781769 -0.01800000
v -0.00711062 0.00629901 -0.01800000
v -0.00711062 0.00629901 -0.02650000
v -0.00841160 0.00441422 -0.02650000
v -0.00711062 0.00629901 -0.01800000
v -0.00841160 0.00441422 -0.01800000
v -0.00841160 0.00441422 -0.02650000
v -0.00922371 0.00227285 -0.02650000
v -0.00841160 0.00441422 -0.01800000
v -0.00922371 0.00227285 -0.01800000
v -0.00922371 0.00227285 -0.02650000
v -0.00949977 -0.00000065 -0.02650000
v -0.00922371 0.00227285 -0.01800000
v -0.00949977 -0.00000065 -0.01800000
v 0.00800023 -0.00000065 -0.01800000
v 0.00776777 0.00191387 -0.01800000
v 0.00800023 -0.00000065 -0.02650000
v 0.00776777 0.00191387 -0.02650000
v 0.00776777 0.00191387 -0.02650000
v 0.00708388 0.00371713 -0.01800000
v 0.00708388 0.00371713 -0.02650000
v 0.00776777 0.00191387 -0.01800000
v 0.00708388 0.00371713 -0.02650000
v 0.00598832 0.00530433 -0.01800000
v 0.00598832 0.00530433 -0.02650000
v 0.00708388 0.00371713 -0.01800000
v 0.00598832 0.00530433 -0.02650000
v 0.00454475 0.00658322 -0.01800000
v 0.00454475 0.00658322 -0.02650000
v 0.00598832 0.00530433 -0.01800000
v 0.00454475 0.00658322 -0.02650000
v 0.00283707 0.00747948 -0.01800000
v 0.00283707 0.00747948 -0.02650000
v 0.00454475 0.00658322 -0.01800000
v 0.00283707 0.00747948 -0.02650000
v 0.00096453 0.00794102 -0.01800000
v 0.00096453 0.00794102 -0.02650000
v 0.00283707 0.00747948 -0.01800000
v 0.00096453 0.00794102 -0.02650000
v -0.00096406 0.00794102 -0.01800000
v -0.00096406 0.00794102 -0.02650000
v 0.00096453 0.00794102 -0.01800000
v -0.00096406 0.00794102 -0.02650000
v -0.00283661 0.00747948 -0.01800000
v -0.00283661 0.00747948 -0.02650000
v -0.00096406 0.00794102 -0.01800000
v -0.00283661 0.00747948 -0.02650000
v -0.00454428 0.00658322 -0.01800000
v -0.00454428 0.00658322 -0.02650000
v -0.00283661 0.00747948 -0.01800000
v -0.00454428 0.00658322 -0.02650000
v -0.00598785 0.00530433 -0.01800000
v -0.00598785 0.00530433 -0.02650000
v -0.00454428 0.00658322 -0.01800000
v -0.00598785 0.00530433 -0.02650000
v -0.00708342 0.00371713 -0.01800000
v -0.00708342 0.00371713 -0.02650000
v -0.00598785 0.00530433 -0.01800000
v -0.00708342 0.00371713 -0.02650000
v -0.00776730 0.00191387 -0.01800000
v -0.00776730 0.00191387 -0.02650000
v -0.00708342 0.00371713 -0.01800000
v -0.00776730 0.00191387 -0.02650000
v -0.00799977 -0.00000065 -0.01800000
v -0.00799977 -0.00000065 -0.02650000
v -0.00776730 0.00191387 -0.01800000
v -0.00922371 -0.00227415 -0.01800000
v -0.00841160 -0.00441552 -0.01800000
v -0.00708342 -0.00371844 -0.01800000
v 0.00114533 0.00943008 -0.01800000
v 0.00096453 0.00794102 -0.01800000
v 0.00283707 0.00747948 -0.01800000
v 0.00336898 0.00888200 -0.01800000
v 0.00598832 -0.00530563 -0.01800000
v 0.00539685 -0.00781900 -0.01800000
v 0.00711109 -0.00630032 -0.01800000
v 0.00454475 -0.00658452 -0.01800000
v 0.00336898 -0.00888331 -0.01800000
v -0.00949977 -0.00000065 -0.01800000
v -0.00776730 -0.00191518 -0.01800000
v -0.00799977 -0.00000065 -0.01800000
v 0.00708388 -0.00371844 -0.01800000
v 0.00841207 -0.00441552 -0.01800000
v -0.00776730 0.00191387 -0.01800000
v 0.00283707 -0.00748078 -0.01800000
v 0.00114533 -0.00943139 -0.01800000
v -0.00114486 0.00943008 -0.01800000
v -0.00096406 0.00794102 -0.01800000
v 0.00776777 -0.00191518 -0.01800000
v 0.00922418 -0.00227415 -0.01800000
v 0.00096453 -0.00794232 -0.01800000
v -0.00114486 -0.00943139 -0.01800000
v 0.00800023 -0.00000065 -0.01800000
v 0.00950023 -0.00000065 -0.01800000
v -0.00922371 0.00227285 -0.01800000
v -0.00708342 0.00371713 -0.01800000
v -0.00336851 0.00888200 -0.01800000
v -0.00283661 0.00747948 -0.01800000
v -0.00096406 -0.00794232 -0.01800000
v 0.00922418 0.00227285 -0.01800000
v -0.00841160 0.00441422 -0.01800000
v -0.00598785 0.00530433 -0.01800000
v -0.00539638 0.00781769 -0.01800000
v -0.00454428 0.00658322 -0.01800000
v 0.00776777 0.00191387 -0.01800000
v -0.00336851 -0.00888331 -0.01800000
v -0.00711062 0.00629901 -0.01800000
v -0.00283661 -0.00748078 -0.01800000
v 0.00841207 0.00441422 -0.01800000
v 0.00708388 0.00371713 -0.01800000
v -0.00539638 -0.00781900 -0.01800000
v -0.00454428 -0.00658452 -0.01800000
v 0.00711109 0.00629901 -0.01800000
v 0.00598832 0.00530433 -0.01800000
v -0.00711062 -0.00630032 -0.01800000
v -0.00598785 -0.00530563 -0.01800000
v 0.00539685 0.00781769 -0.01800000
v 0.00454475 0.00658322 -0.01800000
v -0.00096406 0.00794102 -0.02650000
v -0.00283661 0.00747948 -0.02650000
v -0.00336851 0.00888200 -0.02650000
v 0.00800023 -0.00000065 -0.02650000
v 0.00922418 -0.00227415 -0.02650000
v 0.00776777 -0.00191518 -0.02650000
v -0.00114486 0.00943008 -0.02650000
v 0.00096453 0.00794102 -0.02650000
v 0.00950023 -0.00000065 -0.02650000
v -0.00598785 -0.00530563 -0.02650000
v -0.00711062 -0.00630032 -0.02650000
v -0.00841160 -0.00441552 -0.02650000
v -0.00454428 -0.00658452 -0.02650000
v -0.00539638 -0.00781900 -0.02650000
v -0.00708342 -0.00371844 -0.02650000
v -0.00922371 -0.00227415 -0.02650000
v 0.00114533 0.00943008 -0.02650000
v 0.00283707 0.00747948 -0.02650000
v -0.00283661 -0.00748078 -0.02650000
v -0.00336851 -0.00888331 -0.02650000
v -0.00776730 -0.00191518 -0.02650000
v -0.00949977 -0.00000065 -0.02650000
v -0.00096406 -0.00794232 -0.02650000
v -0.00114486 -0.00943139 -0.02650000
v 0.00922418 0.00227285 -0.02650000
v 0.00776777 0.00191387 -0.02650000
v 0.00336898 0.00888200 -0.02650000
v 0.00454475 0.00658322 -0.02650000
v -0.00799977 -0.00000065 -0.02650000
v 0.00841207 0.00441422 -0.02650000
v 0.00708388 0.00371713 -0.02650000
v 0.00096453 -0.00794232 -0.02650000
v 0.00114533 -0.00943139 -0.02650000
v 0.00539685 0.00781769 -0.02650000
v 0.00598832 0.00530433 -0.02650000
v 0.00711109 0.00629901 -0.02650000
v -0.00776730 0.00191387 -0.02650000
v -0.00922371 0.00227285 -0.02650000
v 0.00283707 -0.00748078 -0.02650000
v 0.00336898 -0.00888331 -0.02650000
v -0.00708342 0.00371713 -0.02650000
v -0.00841160 0.00441422 -0.02650000
v 0.00454475 -0.00658452 -0.02650000
v 0.00539685 -0.00781900 -0.02650000
v -0.00598785 0.00530433 -0.02650000
v -0.00711062 0.00629901 -0.02650000
v 0.00598832 -0.00530563 -0.02650000
v 0.00711109 -0.00630032 -0.02650000
v -0.00454428 0.00658322 -0.02650000
v -0.00539638 0.00781769 -0.02650000
v 0.00708388 -0.00371844 -0.02650000
v 0.00841207 -0.00441552 -0.02650000
v -0.00949977 -0.00000065 -0.01800000
v -0.00949977 -0.00000065 -0.02650000
v -0.00922371 -0.00227415 -0.02650000
v -0.00922371 -0.00227415 -0.01800000
v -0.00922371 -0.00227415 -0.02650000
v -0.00841160 -0.00441552 -0.02650000
v -0.00922371 -0.00227415 -0.01800000
v -0.00841160 -0.00441552 -0.01800000
v -0.00841160 -0.00441552 -0.02650000
v -0.00711062 -0.00630032 -0.02650000
v -0.00841160 -0.00441552 -0.01800000
v -0.00711062 -0.00630032 -0.01800000
v -0.00711062 -0.00630032 -0.02650000
v -0.00539638 -0.00781900 -0.02650000
v -0.00711062 -0.00630032 -0.01800000
v -0.00539638 -0.00781900 -0.01800000
v -0.00539638 -0.00781900 -0.02650000
v -0.00336851 -0.00888331 -0.02650000
v -0.00539638 -0.00781900 -0.01800000
v -0.00336851 -0.00888331 -0.01800000
v -0.00336851 -0.00888331 -0.02650000
v -0.00114486 -0.00943139 -0.02650000
v -0.00336851 -0.00888331 -0.01800000
v -0.00114486 -0.00943139 -0.01800000
v -0.00114486 -0.00943139 -0.02650000
v 0.00114533 -0.00943139 -0.02650000
v -0.00114486 -0.00943139 -0.01800000
v 0.00114533 -0.00943139 -0.01800000
v 0.00114533 -0.00943139 -0.02650000
v 0.00336898 -0.00888331 -0.02650000
v 0.00114533 -0.00943139 -0.01800000
v 0.00336898 -0.00888331 -0.01800000
v 0.00336898 -0.00888331 -0.02650000
v 0.00539685 -0.00781900 -0.02650000
v 0.00336898 -0.00888331 -0.01800000
v 0.00539685 -0.00781900 -0.01800000
v 0.00539685 -0.00781900 -0.02650000
v 0.00711109 -0.00630032 -0.02650000
v 0.00539685 -0.00781900 -0.01800000
v 0.00711109 -0.00630032 -0.01800000
v 0.00711109 -0.00630032 -0.02650000
v 0.00841207 -0.00441552 -0.02650000
v 0.00711109 -0.00630032 -0.01800000
v 0.00841207 -0.00441552 -0.01800000
v 0.00841207 -0.00441552 -0.02650000
v 0.00922418 -0.00227415 -0.02650000
v 0.00841207 -0.00441552 -0.01800000
v 0.00922418 -0.00227415 -0.01800000
v 0.00922418 -0.00227415 -0.02650000
v 0.00950023 -0.00000065 -0.02650000
v 0.00922418 -0.00227415 -0.01800000
v 0.00950023 -0.00000065 -0.01800000
f 1 2 3
f 3 2 4
f 5 6 7
f 8 6 5
f 9 10 11
f 12 10 9
f 13 14 15
f 16 14 13
f 17 18 19
f 20 18 17
f 21 22 23
f 24 22 21
f 25 26 27
f 28 26 25
f 29 30 31
f 32 30 29
f 33 34 35
f 36 34 33
f 37 38 39
f 40 38 37
f 41 42 43
f 44 42 41
f 45 46 47
f 48 46 45
f 49 50 51
f 52 50 49
f 53 54 55
f 56 57 58
f 59 53 55
f 60 61 62
f 63 56 58
f 64 65 66
f 67 60 62
f 68 69 70
f 71 64 66
f 72 73 74
f 75 68 70
f 76 77 78
f 79 72 74
f 80 81 82
f 83 76 78
f 84 85 86
f 87 80 82
f 88 89 90
f 91 84 86
f 92 93 94
f 95 88 90
f 96 97 98
f 99 92 94
f 100 101 102
f 103 96 98
f 104 100 102
f 105 106 107
f 107 106 108
f 109 110 111
f 112 110 109
f 113 114 115
f 116 114 113
f 117 118 119
f 120 118 117
f 121 122 123
f 124 122 121
f 125 126 127
f 128 126 125
f 129 130 131
f 132 130 129
f 133 134 135
f 136 134 133
f 137 138 139
f 140 138 137
f 141 142 143
f 144 142 141
f 145 146 147
f 148 146 145
f 149 150 151
f 152 150 149
f 153 154 155
f 156 154 153
f 157 158 159
f 160 161 162
f 160 162 163
f 164 165 166
f 167 168 165
f 167 165 164
f 169 170 171
f 169 157 170
f 172 166 173
f 172 164 166
f 174 169 171
f 175 176 168
f 175 168 167
f 177 178 161
f 179 173 180
f 177 161 160
f 179 172 173
f 181 176 175
f 182 176 181
f 183 180 184
f 183 179 180
f 185 174 186
f 185 169 174
f 187 188 178
f 187 178 177
f 189 182 181
f 190 183 184
f 191 186 192
f 191 185 186
f 193 194 188
f 193 188 187
f 195 183 190
f 196 182 189
f 197 192 194
f 197 191 192
f 197 194 193
f 198 196 189
f 199 195 190
f 200 195 199
f 201 196 198
f 202 201 198
f 203 200 199
f 204 200 203
f 205 201 202
f 205 202 206
f 207 204 203
f 207 208 204
f 158 205 206
f 158 206 159
f 163 162 208
f 163 208 207
f 157 159 170
f 209 210 211
f 212 213 214
f 215 209 211
f 216 209 215
f 217 213 212
f 218 219 220
f 221 222 219
f 221 219 218
f 223 220 224
f 223 218 220
f 225 226 216
f 225 216 215
f 227 228 222
f 227 222 221
f 229 223 224
f 230 229 224
f 231 232 228
f 233 212 234
f 231 228 227
f 233 217 212
f 235 236 226
f 235 226 225
f 237 229 230
f 238 234 239
f 238 233 234
f 240 241 232
f 240 232 231
f 242 243 236
f 242 236 235
f 244 239 243
f 244 238 239
f 244 243 242
f 245 230 246
f 245 237 230
f 247 248 241
f 247 241 240
f 249 246 250
f 249 245 246
f 251 252 248
f 251 248 247
f 253 250 254
f 253 249 250
f 255 252 251
f 256 252 255
f 257 253 254
f 258 257 254
f 259 256 255
f 260 256 259
f 210 257 258
f 211 210 258
f 214 260 259
f 213 260 214
f 261 262 263
f 264 265 266
f 267 261 263
f 268 269 270
f 271 264 266
f 272 273 274
f 275 268 270
f 276 277 278
f 279 272 274
f 280 281 282
f 283 276 278
f 284 285 286
f 287 280 282
f 288 289 290
f 291 284 286
f 292 293 294
f 295 288 290
f 296 297 298
f 299 292 294
f 300 301 302
f 303 296 298
f 304 305 306
f 307 300 302
f 308 309 310
f 311 304 306
f 312 308 310
f 313 314 315
f 313 315 316
f 317 318 319
f 320 321 322
f 323 317 319
f 324 320 322
f 325 326 327
f 325 328 326
f 329 330 331
f 329 332 330
f 333 334 335
f 333 336 334
f 337 338 339
f 337 340 338
f 341 342 343
f 341 344 342
f 345 346 347
f 345 348 346
f 349 350 351
f 349 352 350
f 353 354 355
f 353 356 354
f 357 358 359
f 357 360 358
f 361 362 363
f 361 364 362
f 365 366 367
f 365 368 366
f 369 370 371
f 372 373 374
f 375 376 377
f 378 379 380
f 381 382 383
f 384 385 386
f 375 377 387
f 384 386 388
f 389 390 391
f 392 393 394
f 389 391 395
f 396 397 398
f 399 400 401
f 399 402 400
f 403 404 405
f 406 407 408
f 409 410 411
f 412 413 414
f 415 416 417
f 418 419 420
f 421 422 423
f 418 420 424
f 412 414 425
f 426 427 428
f 429 430 431
f 426 432 427
f 433 434 435
f 436 437 438
f 429 439 430
f 440 441 442
f 436 443 437
f 444 445 446
f 447 448 449
f 450 451 452
f 453 454 455
f 456 457 458
f 459 460 461
f 456 462 457
f 463 464 465
f 459 466 460
f 467 468 469
f 470 471 472
f 470 473 471
f 474 475 476
f 474 476 477
f 478 479 480
f 478 480 481
f 482 483 484
f 482 485 483
f 486 487 488
f 489 490 491
f 492 493 494
f 492 494 495
f 496 497 498
f 499 500 501
f 499 502 500
f 503 504 505
f 503 506 504
f 507 508 509
f 510 511 512
f 513 514 515
f 516 517 518
f 516 519 517
f 513 520 514
f 521 522 523
f 524 525 526
f 527 528 529
f 530 531 532
f 533 534 535
f 533 535 536
f 537 538 539
f 540 541 542
f 543 544 545
f 540 546 541
f 547 548 549
f 550 551 552
f 550 553 551
f 554 555 556
f 557 558 559
f 560 561 562
f 560 562 563
f 564 565 566
f 567 368 365
f 568 569 570
f 568 571 569
f 572 573 574
f 575 576 577
f 578 579 580
f 581 582 583
f 578 580 584
f 575 577 585
f 581 583 586
f 587 588 589
f 590 591 592
f 593 594 595
f 596 597 598
f 599 600 601
f 602 603 604
f 599 601 605
f 606 607 608
f 609 610 611
f 612 613 614
f 612 615 613
f 616 617 618
f 619 620 621
f 622 623 624
f 622 625 623
f 616 626 617
f 627 628 629
f 630 631 632
f 627 633 628
f 634 635 636
f 630 632 637
f 638 639 640
f 641 642 643
f 644 645 646
f 647 648 649
f 634 650 635
f 651 652 653
f 654 655 656
f 657 658 659
f 660 661 662
f 663 664 665
f 666 667 668
f 651 653 669
f 666 670 667
f 671 672 673
f 663 665 674
f 675 644 646
f 676 677 678
f 679 680 681
f 682 683 684
f 679 685 680
f 686 687 688
f 689 690 691
f 689 691 692
f 693 694 695
f 696 697 698
f 693 699 694
f 700 701 702
f 703 704 705
f 706 707 708
f 709 710 711
f 712 713 714
f 715 716 717
f 718 719 720
f 721 722 723
f 724 725 726
f 727 728 729
f 730 731 732
f 733 734 735
f 736 737 738
f 739 740 741
f 742 743 744
f 745 746 747
f 748 749 750
f 751 752 753
f 754 755 756
f 757 758 759
f 760 761 762
f 763 764 765
f 766 767 768
f 769 770 771
f 772 773 774
f 775 776 777
f 778 779 780
f 781 782 783
f 781 784 782
f 785 786 787
f 785 788 786
f 789 790 791
f 789 792 790
f 793 794 795
f 793 796 794
f 797 798 799
f 797 800 798
f 801 678 677
f 801 802 678
f 803 394 393
f 803 804 394
f 805 455 454
f 805 806 455
f 807 808 809
f 807 810 808
f 811 812 813
f 811 814 812
f 815 816 817
f 815 818 816
f 819 820 821
f 819 822 820
f 823 824 825
f 823 826 824
f 827 828 829
f 830 831 832
f 833 827 829
f 834 835 836
f 837 830 832
f 838 839 840
f 841 834 836
f 842 843 844
f 845 838 840
f 846 847 848
f 849 842 844
f 850 851 852
f 853 846 848
f 854 855 856
f 857 850 852
f 858 859 860
f 861 854 856
f 862 863 864
f 865 858 860
f 866 867 868
f 869 862 864
f 870 871 872
f 873 866 868
f 874 875 876
f 877 870 872
f 878 874 876
f 879 880 881
f 882 883 884
f 882 884 885
f 886 887 888
f 889 890 891
f 892 893 894
f 895 896 897
f 895 897 898
f 886 888 899
f 900 901 902
f 903 904 905
f 906 907 908
f 903 909 904
f 906 910 907
f 911 912 913
f 914 915 916
f 914 916 917
f 911 918 912
f 919 920 921
f 919 921 922
f 923 924 925
f 926 927 928
f 929 930 931
f 926 932 927
f 933 934 935
f 929 931 936
f 937 938 939
f 940 941 942
f 937 943 938
f 940 944 941
f 945 946 947
f 945 947 948
f 949 950 951
f 949 951 952
f 953 954 955
f 953 955 956
f 957 958 959
f 960 961 962
f 963 964 965
f 960 966 961
f 957 959 967
f 963 965 968
f 969 970 971
f 972 973 974
f 975 976 977
f 978 979 980
f 972 981 973
f 978 982 979
f 983 984 985
f 986 987 988
f 989 990 991
f 983 992 984
f 989 991 993
f 994 995 996
f 997 998 999
f 997 999 1000
f 994 996 1001
f 1002 1003 1004
f 1005 1006 1007
f 1008 1009 1010
f 1005 1011 1006
f 1012 1013 1014
f 1015 1016 1017
f 1002 1004 1018
f 1019 1020 1021
f 1008 1010 1022
f 1012 1023 1013
f 1024 1025 1026
f 1024 1027 1025
f 1028 1029 1030
f 1031 1032 1033
f 1028 1034 1029
f 1035 1036 1037
f 1035 1038 1036
f 1039 1040 1041
f 1042 1043 1044
f 1042 1045 1043
f 1039 1041 1046
f 1047 1048 1049
f 1047 1050 1048
f 1051 1052 1053
f 1051 1053 1054
f 1055 1056 1057
f 1055 1058 1056
f 1059 1060 1061
f 1059 1061 1062
f 1063 1064 1065
f 1063 1066 1064
f 1067 1068 1069
f 1067 1069 1070
f 1071 1072 1073
f 1074 1075 1076
f 1077 1078 1079
f 1077 1080 1078
f 1071 1081 1072
f 1082 1083 1084
f 1082 1085 1083
f 1086 1087 1088
f 1086 1089 1087
f 1090 1091 1092
f 1090 1092 1093
f 1094 1095 1096
f 1094 1096 1097
f 1098 1099 1100
f 1101 1017 1016
f 1098 1102 1099
f 1103 1104 1105
f 894 893 1106
f 648 1107 1108
f 649 648 1108
f 1109 1110 1111
f 1109 1112 1110
f 1113 1114 1115
f 1113 1116 1114
f 1117 1118 1119
f 1117 1120 1118
f 1121 1122 1123
f 1121 1124 1122
f 1125 1126 1127
f 1125 1128 1126
f 1129 1130 1131
f 1129 1132 1130
f 1133 1134 1135
f 1133 1136 1134
f 1137 1138 1139
f 1137 1140 1138
f 1141 1142 1143
f 1141 1144 1142
f 1145 1146 1147
f 1145 1148 1146
f 1149 1150 1151
f 1149 1152 1150
f 1153 1154 1155
f 1153 1156 1154
f 1157 1158 1159
f 1157 1160 1158
f 1161 1162 1163
f 1164 1165 1166
f 1167 1168 1169
f 1161 1163 1170
f 1171 1172 1173
f 1174 1175 1176
f 1177 1178 1179
f 1180 1181 1182
f 1183 1184 1185
f 1176 1175 1186
f 1187 1188 1189
f 1187 1190 1188
f 1191 1171 1173
f 1192 1193 1194
f 1195 1196 1197
f 1198 1199 1200
f 1201 1202 1203
f 1204 1205 1206
f 1207 1208 1209
f 1204 1210 1205
f 1211 1212 1213
f 1214 1196 1195
f 1215 1216 1217
f 1218 1219 1220
f 1221 1222 1223
f 1221 1224 1222
f 1225 1183 1185
f 1226 1227 1228
f 1229 1230 1231
f 1232 1233 1234
f 1226 1228 1235
f 1236 1237 1238
f 1239 1240 1241
f 1242 1243 1244
f 1245 1246 1247
f 1248 1249 1250
f 1251 1252 1253
f 1248 1254 1249
f 1239 1241 1255
f 1256 1257 1258
f 1259 1260 1261
f 1262 1215 1217
f 1263 1264 1265
f 1266 1267 1268
f 1259 1269 1260
f 1266 1268 1270
f 1271 1272 1273
f 1274 1275 1276
f 1271 1277 1272
f 1278 1279 1280
f 1281 1282 1283
f 1278 1284 1279
f 1285 1286 1287
f 1288 1289 1290
f 1288 1290 1291
f 1292 1256 1258
f 1293 1294 1295
f 1296 1297 1298
f 1299 1300 1301
f 1302 1303 1304
f 1299 1301 1305
f 1302 1306 1303
f 1307 1308 1309
f 1310 1311 1312
f 1313 1314 1315
f 1316 1317 1318
f 1319 1320 1321
f 1319 1322 1320
f 1323 1324 1325
f 1326 1327 1328
f 1329 1330 1331
f 1326 1328 1332
f 1333 1334 1335
f 1336 1337 1338
f 1336 1338 1339
f 1340 1341 1342
f 1343 1344 1345
f 1346 1347 1348
f 1346 1348 1349
f 1350 1351 1352
f 1353 1160 1157
f 1354 1355 1356
f 1357 1358 1359
f 1354 1360 1355
f 1361 1362 1363
f 1364 1365 1366
f 1367 1368 1369
f 1364 1366 1370
f 1367 1369 1371
f 1361 1363 1372
f 1373 1374 1375
f 1376 1377 1378
f 1379 1380 1381
f 1382 1383 1384
f 1385 1386 1387
f 1373 1388 1374
f 1389 1390 1391
f 1392 1393 1394
f 1395 1396 1397
f 1395 1398 1396
f 1399 1400 1401
f 1402 1403 1404
f 1405 1406 1407
f 1408 1409 1410
f 1408 1411 1409
f 1412 1413 1414
f 1402 1404 1415
f 1416 1417 1418
f 1412 1419 1413
f 1420 1421 1422
f 1420 1423 1421
f 1424 1425 1426
f 1416 1418 1427
f 1428 314 313
f 1429 1430 1431
f 1432 1433 1434
f 1435 1436 1437
f 1435 1438 1436
f 1439 1440 1441
f 1442 1443 1444
f 1445 1446 1447
f 1448 1449 1450
f 1448 1450 1451
f 1452 1453 1454
f 1442 1455 1443
f 1445 1456 1446
f 1457 1458 1459
f 1460 1461 1462
f 1463 1464 1465
f 1466 1467 1468
f 1466 1468 1469
f 1470 1471 1472
f 1473 1474 1475
f 1473 1476 1474
f 1477 1478 1479
f 1480 1481 1482
f 1480 1483 1481
f 1484 1485 1486
f 1487 1488 1489
f 1490 1491 1492
f 1493 1494 1495
f 1496 1497 1498
f 1499 1500 1501
f 1502 1503 1504
f 1505 1506 1507
f 1508 1509 1510
f 1511 1512 1513
f 1514 1515 1516
f 1517 1518 1519
f 1520 1521 1522
f 1523 1524 1525
f 1526 1527 1528
f 1529 1530 1531
f 1532 1533 1534
f 1535 1536 1537
f 1538 1539 1540
f 1541 1542 1543
f 1544 1545 1546
f 1547 1548 1549
f 1550 1551 1552
f 1553 1554 1555
f 1556 1557 1558
f 1559 1560 1561
f 1562 1563 1564
f 1565 1566 1567
f 1568 1569 1570
f 1571 1572 1573
f 1571 1573 1574
f 1575 1576 1577
f 1575 1578 1576
f 1579 1580 1581
f 1579 1582 1580
f 1583 1584 1585
f 1583 1586 1584
f 1587 1588 1589
f 1587 1590 1588
f 1591 1465 1464
f 1591 1592 1465
f 1593 1179 1178
f 1593 1594 1179
f 1595 1244 1243
f 1595 1596 1244
f 1597 1598 1599
f 1597 1600 1598
f 1601 1602 1603
f 1601 1604 1602
f 1605 1606 1607
f 1605 1608 1606
f 1609 1610 1611
f 1609 1612 1610
f 1613 1614 1615
f 1613 1616 1614
f 1617 1618 1619
f 1620 1621 1622
f 1623 1617 1619
f 1624 1625 1626
f 1627 1620 1622
f 1628 1629 1630
f 1631 1624 1626
f 1632 1633 1634
f 1635 1628 1630
f 1636 1637 1638
f 1639 1632 1634
f 1640 1641 1642
f 1643 1636 1638
f 1644 1645 1646
f 1647 1640 1642
f 1648 1649 1650
f 1651 1644 1646
f 1652 1653 1654
f 1655 1648 1650
f 1656 1657 1658
f 1659 1652 1654
f 1660 1661 1662
f 1663 1656 1658
f 1664 1665 1666
f 1667 1660 1662
f 1668 1664 1666
f 1669 1670 1671
f 1672 1673 1674
f 1675 1676 1677
f 1669 1678 1670
f 1679 1680 1681
f 1679 1682 1680
f 1683 1684 1685
f 1686 1687 1688
f 1689 1690 1691
f 1692 1693 1694
f 1689 1691 1695
f 1696 1697 1698
f 1696 1699 1697
f 1700 1701 1702
f 1703 1704 1705
f 1706 1707 1708
f 1706 1709 1707
f 1710 1711 1712
f 1710 1713 1711
f 1714 1715 1716
f 1717 1718 1719
f 1714 1720 1715
f 1717 1719 1721
f 1722 1723 1724
f 1725 1726 1727
f 1728 1729 1730
f 1731 1732 1733
f 1734 1735 1736
f 1728 1730 1737
f 1738 1739 1740
f 1741 1742 1743
f 1744 1701 1700
f 1745 1746 1747
f 1745 1748 1746
f 1741 1749 1742
f 1750 1751 1752
f 1753 1754 1755
f 1756 1757 1758
f 1759 1760 1761
f 1735 1762 1736
f 1753 1763 1754
f 1764 1765 1766
f 1767 1768 1769
f 1764 1770 1765
f 1771 1772 1773
f 1774 1775 1776
f 1771 1773 1777
f 1778 1726 1725
f 1779 1759 1761
f 1780 1781 1782
f 1783 1784 1785
f 1783 1785 1786
f 1780 1782 1787
f 1788 1789 1790
f 1791 1739 1738
f 1792 1793 1794
f 1795 1796 1797
f 1798 1799 1800
f 1801 1802 1803
f 1792 1804 1793
f 1805 1806 1807
f 1801 1803 1808
f 1809 1789 1788
f 1810 1811 1812
f 1810 1813 1811
f 1814 1815 1816
f 1817 1818 1819
f 1820 1775 1774
f 1817 1821 1818
f 1822 1823 1824
f 1822 1824 1825
f 1826 1827 1828
f 1826 1829 1827
f 1830 1831 1832
f 1833 1815 1814
f 1834 1835 1836
f 1834 1836 1837
f 1838 1839 1840
f 1838 1841 1839
f 1842 1843 1844
f 1842 1845 1843
f 1846 1847 1848
f 1849 1831 1830
f 1850 1851 1852
f 1850 1852 1853
f 1854 1855 1856
f 1854 1857 1855
f 1858 1859 1860
f 1858 1861 1859
f 1862 1863 1864
f 1865 1866 1867
f 1868 1847 1846
f 1862 1869 1863
f 1870 1871 1872
f 1873 1874 1875
f 1870 1876 1871
f 1877 1878 1879
f 1877 1880 1878
f 1881 1882 1883
f 1881 1883 1884
f 1885 1866 1865
f 1674 1673 1886
f 1887 1888 1889
f 1887 1890 1888
f 1891 1892 1893
f 1891 1894 1892
f 1895 1797 1796
f 1705 1704 1896
f 1897 1898 1899
f 1900 1901 1902
f 1903 1897 1899
f 1904 1905 1906
f 1907 1900 1902
f 1908 1909 1910
f 1911 1904 1906
f 1912 1913 1914
f 1915 1908 1910
f 1916 1917 1918
f 1919 1912 1914
f 1920 1921 1922
f 1923 1916 1918
f 1924 1925 1926
f 1927 1920 1922
f 1928 1929 1930
f 1931 1924 1926
f 1932 1933 1934
f 1935 1928 1930
f 1936 1937 1938
f 1939 1932 1934
f 1940 1941 1942
f 1943 1936 1938
f 1944 1945 1946
f 1947 1940 1942
f 1948 1944 1946
f 1949 1950 1951
f 1951 1950 1952
f 1953 1954 1955
f 1956 1954 1953
f 1957 1958 1959
f 1960 1958 1957
f 1961 1962 1963
f 1964 1962 1961
f 1965 1966 1967
f 1968 1966 1965
f 1969 1970 1971
f 1972 1970 1969
f 1973 1974 1975
f 1976 1974 1973
f 1977 1978 1979
f 1980 1978 1977
f 1981 1982 1983
f 1984 1982 1981
f 1985 1986 1987
f 1988 1986 1985
f 1989 1990 1991
f 1992 1990 1989
f 1993 1994 1995
f 1996 1994 1993
f 1997 1998 1999
f 2000 1998 1997
f 2001 2002 2003
f 2004 2005 2006
f 2007 2001 2003
f 2008 2009 2010
f 2011 2004 2006
f 2012 2013 2014
f 2015 2008 2010
f 2016 2017 2018
f 2019 2012 2014
f 2020 2021 2022
f 2023 2016 2018
f 2024 2025 2026
f 2027 2020 2022
f 2028 2029 2030
f 2031 2024 2026
f 2032 2033 2034
f 2035 2028 2030
f 2036 2037 2038
f 2039 2032 2034
f 2040 2041 2042
f 2043 2036 2038
f 2044 2045 2046
f 2047 2040 2042
f 2048 2049 2050
f 2051 2044 2046
f 2052 2048 2050
f 2053 2054 2055
f 2056 2054 2053
f 2057 2058 2059
f 2060 2061 2062
f 2057 2063 2058
f 2064 2065 2061
f 2064 2061 2060
f 2066 2067 2056
f 2066 2056 2053
f 2068 2062 2069
f 2068 2060 2062
f 2070 2071 2065
f 2070 2065 2064
f 2072 2059 2073
f 2072 2057 2059
f 2074 2069 2075
f 2074 2068 2069
f 2076 2077 2071
f 2076 2071 2070
f 2078 2079 2067
f 2080 2075 2081
f 2078 2067 2066
f 2080 2074 2075
f 2082 2072 2073
f 2082 2073 2083
f 2084 2077 2076
f 2085 2086 2079
f 2085 2079 2078
f 2087 2077 2084
f 2088 2083 2089
f 2090 2080 2081
f 2088 2082 2083
f 2091 2089 2086
f 2092 2090 2081
f 2091 2088 2089
f 2091 2086 2085
f 2093 2087 2084
f 2094 2087 2093
f 2095 2090 2092
f 2096 2095 2092
f 2097 2094 2093
f 2098 2094 2097
f 2099 2095 2096
f 2100 2098 2097
f 2101 2099 2096
f 2102 2099 2101
f 2103 2098 2100
f 2104 2103 2100
f 2055 2102 2101
f 2054 2102 2055
f 2063 2103 2104
f 2058 2063 2104
f 2105 2106 2107
f 2108 2109 2110
f 2108 2111 2109
f 2112 2113 2105
f 2114 2115 2116
f 2112 2105 2107
f 2117 2118 2115
f 2117 2115 2114
f 2119 2116 2120
f 2119 2114 2116
f 2121 2110 2122
f 2121 2108 2110
f 2123 2124 2118
f 2123 2118 2117
f 2125 2120 2126
f 2125 2119 2120
f 2127 2128 2124
f 2127 2124 2123
f 2129 2113 2112
f 2129 2130 2113
f 2131 2126 2132
f 2131 2125 2126
f 2133 2128 2127
f 2134 2122 2135
f 2134 2121 2122
f 2136 2137 2130
f 2138 2128 2133
f 2136 2130 2129
f 2139 2131 2132
f 2140 2135 2141
f 2140 2134 2135
f 2142 2139 2132
f 2143 2141 2137
f 2143 2140 2141
f 2143 2137 2136
f 2144 2138 2133
f 2145 2138 2144
f 2146 2139 2142
f 2147 2146 2142
f 2148 2145 2144
f 2149 2145 2148
f 2150 2146 2147
f 2151 2149 2148
f 2152 2150 2147
f 2153 2150 2152
f 2154 2149 2151
f 2155 2154 2151
f 2156 2153 2152
f 2106 2153 2156
f 2111 2154 2155
f 2109 2111 2155
f 2107 2106 2156
f 2157 2158 2159
f 2159 2158 2160
f 2161 2162 2163
f 2164 2162 2161
f 2165 2166 2167
f 2168 2166 2165
f 2169 2170 2171
f 2172 2170 2169
f 2173 2174 2175
f 2176 2174 2173
f 2177 2178 2179
f 2180 2178 2177
f 2181 2182 2183
f 2184 2182 2181
f 2185 2186 2187
f 2188 2186 2185
f 2189 2190 2191
f 2192 2190 2189
f 2193 2194 2195
f 2196 2194 2193
f 2197 2198 2199
f 2200 2198 2197
f 2201 2202 2203
f 2204 2202 2201
f 2205 2206 2207
f 2208 2206 2205
f 2209 2210 2211
f 2211 2210 2212
f 2213 2214 2215
f 2216 2214 2213
f 2217 2218 2219
f 2220 2218 2217
f 2221 2222 2223
f 2224 2222 2221
f 2225 2226 2227
f 2228 2226 2225
f 2229 2230 2231
f 2232 2230 2229
f 2233 2234 2235
f 2236 2234 2233
f 2237 2238 2239
f 2240 2238 2237
f 2241 2242 2243
f 2244 2242 2241
f 2245 2246 2247
f 2248 2246 2245
f 2249 2250 2251
f 2252 2250 2249
f 2253 2254 2255
f 2256 2254 2253
f 2257 2258 2259
f 2260 2258 2257
f 2261 2262 2263
f 2264 2265 2266
f 2267 2261 2263
f 2268 2269 2270
f 2271 2264 2266
f 2272 2273 2274
f 2275 2268 2270
f 2276 2277 2278
f 2279 2272 2274
f 2280 2281 2282
f 2283 2276 2278
f 2284 2285 2286
f 2287 2280 2282
f 2288 2289 2290
f 2291 2284 2286
f 2292 2293 2294
f 2295 2288 2290
f 2296 2297 2298
f 2299 2292 2294
f 2300 2296 2298
f 2301 2302 2303
f 2301 2304 2302
f 2305 2306 2307
f 2305 2308 2306
f 2309 2310 2311
f 2309 2312 2310
f 2313 2314 2315
f 2315 2314 2316
f 2317 2318 2319
f 2320 2318 2317
f 2321 2322 2323
f 2324 2322 2321
f 2325 2326 2327
f 2328 2326 2325
f 2329 2330 2331
f 2332 2330 2329
f 2333 2334 2335
f 2336 2334 2333
f 2337 2338 2339
f 2340 2338 2337
f 2341 2342 2343
f 2344 2342 2341
f 2345 2346 2347
f 2348 2346 2345
f 2349 2350 2351
f 2352 2350 2349
f 2353 2354 2355
f 2356 2354 2353
f 2357 2358 2359
f 2360 2358 2357
f 2361 2362 2363
f 2364 2362 2361
f 2365 2366 2367
f 2368 2366 2365
f 2369 2370 2371
f 2369 2372 2370
f 2373 2374 2375
f 2376 2377 2368
f 2376 2368 2365
f 2378 2379 2374
f 2378 2374 2373
f 2380 2375 2381
f 2380 2373 2375
f 2382 2383 2379
f 2382 2379 2378
f 2384 2381 2385
f 2386 2371 2387
f 2386 2369 2371
f 2384 2380 2381
f 2388 2389 2377
f 2390 2391 2383
f 2388 2377 2376
f 2390 2383 2382
f 2392 2387 2393
f 2392 2386 2387
f 2394 2385 2395
f 2394 2384 2385
f 2396 2397 2389
f 2396 2389 2388
f 2398 2391 2390
f 2399 2393 2400
f 2399 2392 2393
f 2401 2391 2398
f 2402 2403 2397
f 2404 2395 2405
f 2402 2397 2396
f 2406 2400 2403
f 2404 2394 2395
f 2406 2399 2400
f 2406 2403 2402
f 2407 2401 2398
f 2408 2405 2409
f 2408 2404 2405
f 2410 2401 2407
f 2411 2410 2407
f 2412 2409 2413
f 2412 2408 2409
f 2414 2411 2415
f 2414 2410 2411
f 2416 2412 2413
f 2367 2416 2413
f 2366 2416 2367
f 2372 2414 2415
f 2372 2415 2370
f 2417 2418 2419
f 2417 2420 2418
f 2421 2422 2423
f 2421 2424 2422
f 2425 2426 2427
f 2428 2429 2426
f 2428 2426 2425
f 2430 2427 2431
f 2430 2425 2427
f 2432 2419 2433
f 2432 2417 2419
f 2434 2435 2424
f 2436 2437 2429
f 2434 2424 2421
f 2436 2429 2428
f 2438 2431 2439
f 2438 2430 2431
f 2440 2433 2441
f 2440 2432 2433
f 2442 2443 2437
f 2444 2445 2435
f 2442 2437 2436
f 2444 2435 2434
f 2446 2441 2447
f 2446 2440 2441
f 2448 2439 2449
f 2450 2451 2445
f 2448 2438 2439
f 2450 2445 2444
f 2452 2443 2442
f 2453 2447 2451
f 2453 2446 2447
f 2453 2451 2450
f 2454 2443 2452
f 2455 2449 2456
f 2455 2448 2449
f 2457 2454 2452
f 2458 2456 2459
f 2458 2455 2456
f 2460 2454 2457
f 2461 2460 2457
f 2462 2459 2463
f 2462 2458 2459
f 2464 2460 2461
f 2464 2461 2465
f 2466 2462 2463
f 2467 2466 2463
f 2468 2466 2467
f 2420 2465 2418
f 2420 2464 2465
f 2423 2468 2467
f 2422 2468 2423
f 2469 2470 2471
f 2472 2473 2474
f 2475 2469 2471
f 2476 2477 2478
f 2479 2472 2474
f 2480 2481 2482
f 2483 2476 2478
f 2484 2485 2486
f 2487 2480 2482
f 2488 2489 2490
f 2491 2484 2486
f 2492 2493 2494
f 2495 2488 2490
f 2496 2497 2498
f 2499 2492 2494
f 2500 2501 2502
f 2503 2496 2498
f 2504 2505 2506
f 2507 2500 2502
f 2508 2509 2510
f 2511 2504 2506
f 2512 2513 2514
f 2515 2508 2510
f 2516 2517 2518
f 2519 2512 2514
f 2520 2516 2518
f 2521 2522 2523
f 2521 2524 2522
f 2525 2526 2527
f 2525 2528 2526
f 2529 2530 2531
f 2529 2532 2530
f 2533 2534 2535
f 2533 2536 2534
f 2537 2538 2539
f 2537 2540 2538
f 2541 2542 2543
f 2541 2544 2542
f 2545 2546 2547
f 2545 2548 2546
f 2549 2550 2551
f 2549 2552 2550
f 2553 2554 2555
f 2553 2556 2554
f 2557 2558 2559
f 2557 2560 2558
f 2561 2562 2563
f 2561 2564 2562
f 2565 2566 2567
f 2565 2568 2566
f 2569 2570 2571
f 2569 2572 2570
f 2573 2574 2575
f 2576 2577 2578
f 2579 2580 2581
f 2582 2583 2584
f 2579 2581 2585
f 2582 2584 2586
f 2587 2588 2589
f 2573 2590 2574
f 2591 2592 2593
f 2594 2595 2596
f 2597 2598 2599
f 2591 2593 2600
f 2597 2601 2598
f 2602 2603 2604
f 2594 2605 2595
f 2606 2607 2608
f 2609 2610 2611
f 2609 2611 2612
f 2602 2613 2603
f 2614 2615 2616
f 2606 2608 2617
f 2618 2619 2620
f 2621 2622 2623
f 2624 2625 2626
f 2614 2627 2615
f 2618 2620 2628
f 2621 2623 2629
f 2624 2630 2625
f 2631 2632 2633
f 2634 2635 2636
f 2631 2637 2632
f 2638 2639 2640
f 2634 2641 2635
f 2642 2643 2644
f 2642 2644 2645
f 2638 2640 2646
f 2647 2648 2649
f 2650 2651 2652
f 2650 2653 2651
f 2647 2654 2648
f 2655 2656 2657
f 2655 2657 2658
f 2659 2660 2661
f 2662 2663 2664
f 2659 2661 2665
f 2662 2666 2663
f 2667 2668 2669
f 2670 2671 2672
f 2667 2669 2673
f 2670 2672 2674
f 2675 2676 2677
f 2678 2679 2680
f 2681 2682 2683
f 2678 2684 2679
f 2685 2686 2687
f 2685 2687 2688
f 2681 2689 2682
f 2675 2690 2676
f 2691 2692 2693
f 2694 2695 2696
f 2697 2698 2699
f 2700 2701 2702
f 2697 2699 2703
f 2694 2704 2695
f 2691 2693 2705
f 2706 2707 2708
f 2709 2710 2711
f 2700 2702 2712
f 2713 2714 2715
f 2709 2711 2716
f 2706 2717 2707
f 2713 2715 2718
f 2719 2720 2721
f 2722 2723 2724
f 2725 2726 2727
f 2719 2728 2720
f 2722 2724 2729
f 2725 2730 2726
f 2731 2732 2733
f 2734 2735 2736
f 2737 2738 2739
f 2731 2733 2740
f 2734 2736 2741
f 2737 2742 2738
f 2743 2744 2745
f 2743 2746 2744
f 2747 2748 2749
f 2750 2751 2752
f 2753 2754 2755
f 2750 2756 2751
f 2753 2755 2757
f 2758 2759 2760
f 2747 2761 2748
f 2762 2763 2764
f 2765 2766 2767
f 2758 2768 2759
f 2769 2770 2771
f 2769 2771 2772
f 2762 2764 2773
f 2774 2775 2776
f 2765 2767 2777
f 2778 2779 2780
f 2781 2782 2783
f 2781 2783 2784
f 2774 2785 2775
f 2778 2780 2786
f 2787 2788 2789
f 2790 2791 2792
f 2790 2792 2793
f 2794 2795 2796
f 2797 2798 2799
f 2787 2789 2800
f 2794 2796 2801
f 2802 2803 2804
f 2797 2799 2805
f 2802 2806 2803
f 2807 2808 2809
f 2807 2809 2810
f 2811 2812 2813
f 2814 2815 2816
f 2811 2817 2812
f 2814 2816 2818
f 2819 2820 2821
f 2822 2823 2824
f 2819 2821 2825
f 2826 2827 2828
f 2822 2829 2823
f 2830 2831 2832
f 2826 2833 2827
f 2834 2835 2836
f 2830 2837 2831
f 2838 2839 2840
f 2834 2841 2835
f 2842 2843 2844
f 2838 2845 2839
f 2842 2844 2846
f 2847 2848 2849
f 2850 2851 2852
f 2850 2852 2853
f 2854 2855 2856
f 2857 2858 2859
f 2857 2859 2860
f 2847 2861 2848
f 2862 2863 2864
f 2854 2865 2855
f 2866 2867 2868
f 2869 2870 2871
f 2869 2871 2872
f 2873 2874 2875
f 2866 2868 2876
f 2873 2877 2874
f 2862 2878 2863
f 2879 2880 2881
f 2882 2883 2884
f 2879 2881 2885
f 2886 2887 2888
f 2889 2890 2891
f 2892 2893 2894
f 2886 2888 2895
f 2889 2891 2896
f 2892 2894 2897
f 2882 2884 2898
f 2899 2900 2901
f 2902 2903 2904
f 2902 2904 2905
f 2899 2906 2900
f 2907 2908 2909
f 2907 2909 2910
f 2911 2912 2913
f 2914 2915 2916
f 2911 2913 2917
f 2918 2919 2920
f 2921 2922 2923
f 2918 2920 2924
f 2921 2925 2922
f 2926 2927 2928
f 2914 2929 2915
f 2576 2930 2577
f 2926 2931 2927
f 2932 2933 2934
f 2587 2589 2935
f 2932 2934 2936
f 2937 2938 2939
f 2940 2941 2942
f 2940 2942 2943
f 2944 2945 2946
f 2947 2948 2949
f 2950 2951 2952
f 2947 2949 2953
f 2954 2955 2956
f 2957 2958 2959
f 2957 2960 2958
f 2954 2961 2955
f 2962 2963 2964
f 2965 2966 2967
f 2968 2969 2970
f 2962 2971 2963
f 2972 2939 2938
f 2965 2967 2973
f 2968 2970 2974
f 2975 2976 2977
f 2978 2979 2980
f 2981 2982 2983
f 2981 2983 2984
f 2975 2985 2976
f 2986 2987 2988
f 2986 2989 2987
f 2978 2990 2979
f 2991 2992 2993
f 2994 2995 2996
f 2991 2993 2997
f 2998 2999 3000
f 2994 3001 2995
f 2998 3000 3002
f 3003 3004 3005
f 3006 3007 3008
f 3003 3009 3004
f 3010 3011 3012
f 3006 3008 3013
f 3010 3014 3011
f 3015 3016 3017
f 3018 3019 3020
f 3021 3022 3023
f 3015 3017 3024
f 3021 3023 3025
f 3026 3027 3028
f 3018 3029 3019
f 3030 3031 3032
f 3026 3028 3033
f 3030 3032 3034
f 3035 3036 3037
f 3038 3039 3040
f 3041 3042 3043
f 3035 3037 3044
f 3045 3046 3047
f 3038 3048 3039
f 3041 3043 3049
f 3050 3051 3052
f 3053 3054 3055
f 3045 3047 3056
f 3057 3058 3059
f 3053 3060 3054
f 3061 3062 3063
f 3050 3052 3064
f 3061 3063 3065
f 3066 3067 3068
f 3057 3059 3069
f 3070 3071 3072
f 3073 3074 3075
f 3070 3072 3076
f 3073 3075 3077
f 3066 3078 3067
f 3079 3080 3081
f 3082 3083 3084
f 3082 3084 3085
f 3079 3086 3080
f 3087 3088 3089
f 3087 3090 3088
f 3091 3092 3093
f 3091 3093 3094
f 3095 3096 3097
f 3098 3099 3100
f 3095 3101 3096
f 3102 3103 3104
f 3098 3100 3105
f 3102 3106 3103
f 3107 3108 3109
f 3110 3111 3112
f 3113 3114 3115
f 3110 3116 3111
f 3107 3109 3117
f 3113 3118 3114
f 3119 3120 3121
f 3122 3123 3124
f 3125 3126 3127
f 3119 3128 3120
f 3122 3124 3129
f 3125 3130 3126
f 3131 3132 3133
f 3131 3133 3134
f 3135 3136 3137
f 3138 3139 3140
f 3135 3137 3141
f 3142 3143 3144
f 3142 3144 3145
f 3138 3146 3139
f 3147 3148 3149
f 3150 3151 3152
f 3147 3149 3153
f 3154 3155 3156
f 3157 3158 3159
f 3154 3156 3160
f 3150 3161 3151
f 3157 3159 3162
f 3163 3164 3165
f 3166 3167 3168
f 3163 3169 3164
f 3170 3171 3172
f 3170 3172 3173
f 3166 3168 3174
f 3175 3176 3177
f 3175 3177 3178
f 3179 3180 3181
f 3182 3183 3184
f 3179 3181 3185
f 3186 3187 3188
f 3186 3188 3189
f 3182 3184 3190
f 3191 3192 3193
f 3194 3195 3196
f 3191 3197 3192
f 3198 3199 3200
f 3198 3201 3199
f 3194 3202 3195
f 3203 3204 3205
f 3206 3207 3208
f 3203 3205 3209
f 3210 3211 3212
f 3206 3208 3213
f 3214 3215 3216
f 3210 3212 3217
f 3218 3219 3220
f 3214 3216 3221
f 3218 3222 3219
f 3223 3224 3225
f 3226 3227 3228
f 3229 3230 3231
f 3223 3225 3232
f 3226 3228 3233
f 3234 3235 3236
f 3229 3237 3230
f 3234 3236 3238
f 3239 3240 3241
f 3242 3243 3244
f 3239 3241 3245
f 3246 3247 3248
f 3249 3250 3251
f 3252 3253 3254
f 3246 3255 3247
f 3242 3244 3256
f 3257 3258 3259
f 3249 3251 3260
f 3261 3262 3263
f 3257 3259 3264
f 3265 3266 3267
f 3252 3268 3253
f 3265 3267 3269
f 3270 3271 3272
f 3261 3273 3262
f 3274 3275 3276
f 3270 3272 3277
f 3274 3276 3278
f 3279 3280 3281
f 3282 3283 3284
f 3279 3285 3280
f 3282 3286 3283
f 3287 3288 3289
f 3290 3291 3292
f 3287 3289 3293
f 3290 3292 3294
f 2950 2952 3295
f 3296 3297 3298
f 2944 2946 3299
f 3296 3300 3297
f 3301 3302 3303
f 3303 3302 3304
f 3305 3306 3307
f 3308 3306 3305
f 3309 3310 3311
f 3312 3310 3309
f 3313 3314 3315
f 3316 3314 3313
f 3317 3318 3319
f 3320 3318 3317
f 3321 3322 3323
f 3324 3322 3321
f 3325 3326 3327
f 3328 3326 3325
f 3329 3330 3331
f 3332 3330 3329
f 3333 3334 3335
f 3336 3334 3333
f 3337 3338 3339
f 3340 3338 3337
f 3341 3342 3343
f 3344 3342 3341
f 3345 3346 3347
f 3348 3346 3345
f 3349 3350 3351
f 3352 3350 3349
f 3353 3354 3355
f 3355 3354 3356
f 3357 3358 3359
f 3360 3358 3357
f 3361 3362 3363
f 3364 3362 3361
f 3365 3366 3367
f 3368 3366 3365
f 3369 3370 3371
f 3372 3370 3369
f 3373 3374 3375
f 3376 3374 3373
f 3377 3378 3379
f 3380 3378 3377
f 3381 3382 3383
f 3384 3382 3381
f 3385 3386 3387
f 3388 3386 3385
f 3389 3390 3391
f 3392 3390 3389
f 3393 3394 3395
f 3396 3394 3393
f 3397 3398 3399
f 3400 3398 3397
f 3401 3402 3403
f 3404 3402 3401
f 3405 3406 3407
f 3408 3409 3410
f 3406 3411 3407
f 3412 3413 3414
f 3409 3415 3410
f 3416 3417 3418
f 3413 3419 3414
f 3420 3421 3422
f 3417 3423 3418
f 3424 3425 3426
f 3421 3427 3422
f 3428 3429 3430
f 3425 3431 3426
f 3432 3433 3434
f 3429 3435 3430
f 3436 3437 3438
f 3433 3439 3434
f 3440 3441 3442
f 3437 3443 3438
f 3444 3445 3446
f 3441 3447 3442
f 3448 3449 3450
f 3445 3451 3446
f 3452 3453 3454
f 3449 3455 3450
f 3453 3456 3454
f 3457 3458 3459
f 3457 3459 3460
f 3461 3462 3463
f 3461 3464 3462
f 3465 3466 3467
f 3465 3468 3466
f 3469 3470 3471
f 3469 3472 3470
f 3473 3474 3475
f 3473 3476 3474
f 3477 3478 3479
f 3477 3480 3478
f 3481 3482 3483
f 3481 3484 3482
f 3485 3486 3487
f 3485 3488 3486
f 3489 3490 3491
f 3489 3492 3490
f 3493 3494 3495
f 3493 3496 3494
f 3497 3498 3499
f 3497 3500 3498
f 3501 3502 3503
f 3501 3504 3502
f 3505 3506 3507
f 3505 3508 3506
f 3509 3510 3511
f 3509 3512 3510
f 3513 3514 3515
f 3513 3516 3514
f 3517 3518 3519
f 3520 3519 3521
f 3520 3517 3519
f 3522 3523 3524
f 3522 3524 3512
f 3522 3512 3509
f 3525 3526 3518
f 3525 3518 3517
f 3527 3521 3528
f 3529 3515 3530
f 3527 3520 3521
f 3529 3513 3515
f 3531 3532 3523
f 3533 3534 3526
f 3531 3523 3522
f 3533 3526 3525
f 3535 3530 3536
f 3537 3528 3538
f 3537 3527 3528
f 3535 3529 3530
f 3539 3540 3532
f 3539 3532 3531
f 3541 3542 3534
f 3541 3543 3542
f 3541 3534 3533
f 3544 3536 3545
f 3544 3535 3536
f 3546 3545 3540
f 3547 3537 3538
f 3546 3540 3539
f 3546 3544 3545
f 3548 3547 3538
f 3549 3543 3541
f 3550 3543 3549
f 3551 3547 3548
f 3552 3550 3549
f 3553 3551 3548
f 3554 3551 3553
f 3555 3550 3552
f 3556 3555 3552
f 3557 3558 3554
f 3557 3554 3553
f 3559 3556 3560
f 3559 3555 3556
f 3511 3558 3557
f 3511 3510 3558
f 3516 3560 3514
f 3516 3559 3560
f 3561 3562 3563
f 3564 3561 3563
f 3565 3566 3567
f 3565 3567 3568
f 3569 3570 3571
f 3572 3561 3564
f 3572 3564 3573
f 3574 3571 3575
f 3574 3569 3571
f 3576 3577 3570
f 3576 3570 3569
f 3578 3575 3579
f 3578 3574 3575
f 3580 3566 3565
f 3581 3582 3577
f 3581 3577 3576
f 3583 3579 3584
f 3583 3578 3579
f 3585 3573 3586
f 3585 3572 3573
f 3587 3588 3566
f 3587 3566 3580
f 3589 3582 3581
f 3590 3586 3591
f 3592 3584 3593
f 3590 3585 3586
f 3592 3583 3584
f 3594 3595 3588
f 3594 3588 3587
f 3596 3591 3597
f 3598 3599 3582
f 3596 3590 3591
f 3598 3582 3589
f 3600 3597 3595
f 3600 3596 3597
f 3600 3595 3594
f 3601 3593 3602
f 3601 3592 3593
f 3603 3604 3599
f 3603 3599 3598
f 3605 3602 3606
f 3605 3601 3602
f 3607 3608 3604
f 3607 3604 3603
f 3609 3605 3606
f 3610 3609 3606
f 3611 3608 3607
f 3562 3608 3611
f 3612 3609 3610
f 3563 3562 3611
f 3568 3612 3610
f 3567 3612 3568
f 3613 3614 3615
f 3616 3617 3618
f 3619 3620 3621
f 3622 3623 3624
f 3625 3626 3627
f 3616 3618 3628
f 3629 3630 3631
f 3632 3633 3634
f 3635 3636 3637
f 3622 3624 3638
f 3613 3639 3614
f 3632 3640 3633
f 3635 3637 3641
f 3625 3627 3642
f 3643 3644 3645
f 3646 3647 3648
f 3643 3649 3644
f 3650 3651 3652
f 3650 3652 3653
f 3646 3648 3654
f 3655 3656 3657
f 3658 3659 3660
f 3661 3662 3663
f 3661 3664 3662
f 3665 3666 3667
f 3665 3667 3668
f 3655 3657 3669
f 3658 3660 3670
f 3671 3672 3673
f 3674 3675 3676
f 3677 3678 3679
f 3671 3680 3672
f 3674 3676 3681
f 3682 3683 3684
f 3677 3679 3685
f 3686 3687 3688
f 3689 3690 3691
f 3682 3692 3683
f 3689 3693 3690
f 3686 3694 3687
f 3695 3696 3697
f 3698 3699 3700
f 3701 3702 3703
f 3695 3697 3704
f 3698 3700 3705
f 3701 3706 3702
f 3707 3708 3709
f 3710 3711 3712
f 3707 3709 3713
f 3710 3714 3711
f 3715 3716 3717
f 3718 3719 3720
f 3721 3722 3723
f 3724 3725 3726
f 3718 3727 3719
f 3721 3728 3722
f 3729 3730 3731
f 3715 3732 3716
f 3724 3733 3725
f 3734 3735 3736
f 3737 3738 3739
f 3734 3736 3740
f 3737 3741 3738
f 3742 3743 3744
f 3729 3731 3745
f 3742 3744 3746
f 3747 3748 3749
f 3747 3749 3750
f 3751 3752 3753
f 3754 3755 3756
f 3751 3753 3757
f 3754 3756 3758
f 3759 3760 3761
f 3762 3763 3764
f 3759 3761 3765
f 3766 3767 3768
f 3762 3764 3769
f 3770 3771 3772
f 3770 3772 3773
f 3766 3768 3774
f 3775 3776 3777
f 3778 3779 3780
f 3775 3777 3781
f 3778 3782 3779
f 3783 3784 3785
f 3786 3787 3788
f 3783 3789 3784
f 3786 3788 3790
f 3791 3792 3793
f 3794 3795 3796
f 3794 3796 3797
f 3798 3799 3800
f 3791 3801 3792
f 3802 3803 3804
f 3805 3806 3807
f 3798 3808 3799
f 3805 3807 3809
f 3802 3804 3810
f 3811 3812 3813
f 3814 3815 3816
f 3817 3818 3819
f 3811 3813 3820
f 3817 3819 3821
f 3822 3823 3824
f 3825 3826 3827
f 3814 3828 3815
f 3825 3827 3829
f 3830 3831 3832
f 3822 3824 3833
f 3834 3835 3836
f 3834 3837 3835
f 3838 3839 3840
f 3838 3840 3841
f 3830 3832 3842
f 3843 3844 3845
f 3846 3847 3848
f 3843 3845 3849
f 3846 3848 3850
f 3851 3852 3853
f 3851 3854 3852
f 3855 3856 3857
f 3855 3857 3858
f 3859 3860 3861
f 3862 3863 3864
f 3862 3864 3865
f 3866 3867 3868
f 3859 3861 3869
f 3866 3868 3870
f 3871 3872 3873
f 3871 3873 3874
f 3875 3876 3877
f 3878 3879 3880
f 3875 3877 3881
f 3878 3882 3879
f 3883 3884 3885
f 3886 3887 3888
f 3883 3889 3884
f 3890 3891 3892
f 3886 3888 3893
f 3894 3895 3896
f 3894 3897 3895
f 3898 3899 3900
f 3898 3900 3901
f 3890 3902 3891
f 3903 3904 3905
f 3906 3907 3908
f 3909 3910 3911
f 3906 3908 3912
f 3909 3911 3913
f 3914 3915 3916
f 3914 3917 3915
f 3903 3918 3904
f 3919 3920 3921
f 3919 3922 3920
f 3923 3924 3925
f 3926 3927 3928
f 3929 3930 3931
f 3926 3928 3932
f 3923 3925 3933
f 3934 3935 3936
f 3929 3931 3937
f 3938 3939 3940
f 3934 3941 3935
f 3942 3943 3944
f 3945 3946 3947
f 3942 3944 3948
f 3945 3947 3949
f 3938 3940 3950
f 3951 3952 3953
f 3954 3955 3956
f 3957 3958 3959
f 3951 3953 3960
f 3961 3962 3963
f 3961 3963 3964
f 3957 3965 3958
f 3966 3967 3968
f 3954 3969 3955
f 3619 3970 3620
f 3971 3972 3973
f 3966 3974 3967
f 3629 3631 3975
f 3971 3973 3976
f 3977 3978 3979
f 3980 3981 3982
f 3983 3984 3985
f 3986 3987 3988
f 3989 3990 3991
f 3986 3988 3992
f 3993 3994 3995
f 3996 3997 3998
f 3999 4000 4001
f 3983 3985 4002
f 3993 3995 4003
f 3996 4004 3997
f 4005 4006 4007
f 4008 4009 4010
f 4011 4012 4013
f 4011 4013 4014
f 4005 4015 4006
f 4008 4010 4016
f 4017 4018 4019
f 4020 4021 4022
f 4023 4024 4025
f 4026 4027 4028
f 4026 4029 4027
f 4017 4019 4030
f 4023 4031 4024
f 4020 4022 4032
f 4033 4034 4035
f 4036 4037 4038
f 4039 4040 4041
f 4033 4035 4042
f 4036 4043 4037
f 4044 4045 4046
f 4044 4046 4047
f 4039 4041 4048
f 4049 4050 4051
f 4052 4053 4054
f 4049 4055 4050
f 4056 4057 4058
f 4059 4060 4061
f 4056 4058 4062
f 4052 4063 4053
f 4064 4065 4066
f 4059 4061 4067
f 4068 4069 4070
f 4068 4070 4071
f 4072 4073 4074
f 4064 4066 4075
f 4076 4077 4078
f 4072 4079 4073
f 4080 4081 4082
f 4083 4084 4085
f 4080 4086 4081
f 4083 4085 4087
f 4076 4088 4077
f 4089 4090 4091
f 4092 4093 4094
f 4095 4096 4097
f 4092 4094 4098
f 4099 4100 4101
f 4102 4103 4104
f 4099 4105 4100
f 4106 4107 4108
f 4102 4104 4109
f 4106 4108 4110
f 4095 4097 4111
f 4112 4113 4114
f 4115 4116 4117
f 4118 4119 4120
f 4115 4117 4121
f 4112 4122 4113
f 4123 4124 4125
f 4118 4120 4126
f 4123 4125 4127
f 4128 4129 4130
f 4131 4132 4133
f 4131 4133 4134
f 4135 4136 4137
f 4138 4139 4140
f 4128 4130 4141
f 4138 4140 4142
f 4135 4143 4136
f 4144 4145 4146
f 4144 4146 4147
f 4148 4149 4150
f 4151 4152 4153
f 4154 4155 4156
f 4151 4153 4157
f 4158 4159 4160
f 4154 4156 4161
f 4148 4150 4162
f 4158 4163 4159
f 4164 4165 4166
f 4167 4168 4169
f 4170 4171 4172
f 4164 4173 4165
f 4167 4174 4168
f 4175 4176 4177
f 4175 4177 4178
f 4179 4180 4181
f 4170 4172 4182
f 4179 4181 4183
f 4184 4185 4186
f 4187 4188 4189
f 4187 4189 4190
f 4184 4191 4185
f 4192 4193 4194
f 4192 4195 4193
f 4196 4197 4198
f 4199 4200 4201
f 4199 4201 4202
f 4203 4089 4091
f 4196 4198 4204
f 4205 4206 4207
f 4208 4209 4210
f 4211 4212 4213
f 4205 4207 4214
f 4211 4213 4215
f 4216 4217 4218
f 4208 4210 4219
f 4216 4218 4220
f 4221 4222 4223
f 4221 4223 4224
f 4225 4226 4227
f 4228 4229 4230
f 4225 4227 4231
f 4228 4232 4229
f 4233 4234 4235
f 4236 4237 4238
f 4236 4238 4239
f 4240 4241 4242
f 4233 4243 4234
f 4240 4244 4241
f 4245 4246 4247
f 4248 4249 4250
f 4245 4247 4251
f 4252 4253 4254
f 4255 4256 4257
f 4248 4258 4249
f 4259 4260 4261
f 4259 4262 4260
f 4263 4264 4265
f 4252 4266 4253
f 4255 4257 4267
f 4268 4269 4270
f 4271 4272 4273
f 4263 4274 4264
f 4268 4270 4275
f 4276 4277 4278
f 4279 4280 4281
f 4279 4282 4280
f 4271 4283 4272
f 4276 4284 4277
f 4285 4286 4287
f 4288 4289 4290
f 4288 4290 4291
f 4292 4293 4294
f 4295 4296 4297
f 4295 4297 4298
f 4285 4287 4299
f 4300 4301 4302
f 4292 4303 4293
f 4304 4305 4306
f 4304 4307 4305
f 4300 4308 4301
f 4309 4310 4311
f 4312 4313 4314
f 4309 4311 4315
f 4316 4317 4318
f 4319 4320 4321
f 4322 4323 4324
f 4322 4324 4325
f 4312 4314 4326
f 4327 4328 4329
f 4319 4330 4320
f 4331 4332 4333
f 4316 4334 4317
f 4327 4335 4328
f 3989 3991 4336
f 3980 3982 4337
f 4331 4333 4338
f 3999 4001 4339
f 3977 4340 3978
f 4341 4342 4343
f 4343 4342 4344
f 4345 4346 4347
f 4348 4346 4345
f 4349 4350 4351
f 4352 4350 4349
f 4353 4354 4355
f 4356 4354 4353
f 4357 4358 4359
f 4360 4358 4357
f 4361 4362 4363
f 4364 4362 4361
f 4365 4366 4367
f 4368 4366 4365
f 4369 4370 4371
f 4372 4370 4369
f 4373 4374 4375
f 4376 4374 4373
f 4377 4378 4379
f 4380 4378 4377
f 4381 4382 4383
f 4384 4382 4381
f 4385 4386 4387
f 4388 4386 4385
f 4389 4390 4391
f 4392 4390 4389
f 4393 4394 4395
f 4395 4394 4396
f 4397 4398 4399
f 4400 4398 4397
f 4401 4402 4403
f 4404 4402 4401
f 4405 4406 4407
f 4408 4406 4405
f 4409 4410 4411
f 4412 4410 4409
f 4413 4414 4415
f 4416 4414 4413
f 4417 4418 4419
f 4420 4418 4417
f 4421 4422 4423
f 4424 4422 4421
f 4425 4426 4427
f 4428 4426 4425
f 4429 4430 4431
f 4432 4430 4429
f 4433 4434 4435
f 4436 4434 4433
f 4437 4438 4439
f 4440 4438 4437
f 4441 4442 4443
f 4444 4442 4441
f 4445 4446 4447
f 4448 4449 4450
f 4451 4452 4453
f 4451 4454 4452
f 4455 4456 4457
f 4458 4459 4452
f 4455 4457 4446
f 4455 4446 4445
f 4458 4452 4454
f 4460 4450 4461
f 4460 4448 4450
f 4462 4463 4464
f 4462 4453 4463
f 4462 4451 4453
f 4465 4456 4455
f 4466 4467 4459
f 4468 4461 4469
f 4466 4459 4458
f 4468 4460 4461
f 4470 4462 4464
f 4471 4472 4473
f 4471 4473 4456
f 4474 4475 4467
f 4471 4456 4465
f 4474 4467 4466
f 4476 4469 4477
f 4476 4468 4469
f 4478 4479 4480
f 4478 4464 4479
f 4481 4482 4472
f 4478 4470 4464
f 4481 4472 4471
f 4483 4477 4484
f 4483 4484 4482
f 4485 4486 4475
f 4483 4476 4477
f 4487 4483 4482
f 4487 4482 4481
f 4485 4475 4474
f 4488 4478 4480
f 4489 4490 4486
f 4489 4486 4485
f 4491 4480 4492
f 4491 4488 4480
f 4493 4490 4489
f 4493 4494 4490
f 4447 4491 4492
f 4447 4495 4491
f 4446 4495 4447
f 4449 4493 4496
f 4449 4496 4450
f 4449 4494 4493
f 4497 4498 4499
f 4500 4501 4502
f 4500 4503 4501
f 4504 4505 4506
f 4507 4508 4498
f 4507 4498 4497
f 4509 4504 4506
f 4510 4500 4502
f 4510 4502 4511
f 4512 4513 4505
f 4512 4514 4513
f 4515 4516 4508
f 4512 4505 4504
f 4515 4508 4507
f 4517 4511 4518
f 4517 4518 4519
f 4520 4506 4521
f 4520 4509 4506
f 4517 4510 4511
f 4522 4523 4524
f 4522 4524 4516
f 4525 4514 4512
f 4522 4516 4515
f 4526 4517 4519
f 4527 4521 4528
f 4527 4520 4521
f 4529 4530 4514
f 4529 4514 4525
f 4531 4523 4522
f 4532 4519 4533
f 4532 4526 4519
f 4534 4535 4536
f 4534 4528 4535
f 4537 4533 4538
f 4537 4538 4523
f 4534 4527 4528
f 4537 4532 4533
f 4537 4523 4531
f 4539 4540 4530
f 4539 4530 4529
f 4541 4534 4536
f 4542 4543 4540
f 4542 4540 4539
f 4544 4536 4545
f 4544 4541 4536
f 4546 4547 4543
f 4546 4543 4542
f 4499 4544 4545
f 4499 4548 4544
f 4498 4548 4499
f 4503 4547 4546
f 4503 4546 4501
f 4549 4550 4551
f 4552 4553 4554
f 4550 4555 4551
f 4556 4557 4558
f 4553 4559 4554
f 4560 4561 4562
f 4557 4563 4558
f 4564 4565 4566
f 4561 4567 4562
f 4568 4569 4570
f 4565 4571 4566
f 4572 4573 4574
f 4569 4575 4570
f 4576 4577 4578
f 4573 4579 4574
f 4580 4581 4582
f 4577 4583 4578
f 4584 4585 4586
f 4581 4587 4582
f 4588 4589 4590
f 4585 4591 4586
f 4592 4593 4594
f 4589 4595 4590
f 4596 4597 4598
f 4593 4599 4594
f 4597 4600 4598
f 4601 4602 4603
f 4601 4604 4602
f 4605 4606 4607
f 4605 4608 4606
f 4609 4610 4611
f 4609 4612 4610
f 4613 4614 4615
f 4613 4616 4614
f 4617 4618 4619
f 4617 4620 4618
f 4621 4622 4623
f 4621 4624 4622
f 4625 4626 4627
f 4625 4628 4626
f 4629 4630 4631
f 4629 4632 4630
f 4633 4634 4635
f 4633 4636 4634
f 4637 4638 4639
f 4637 4640 4638
f 4641 4642 4643
f 4641 4644 4642
f 4645 4646 4647
f 4645 4648 4646
f 4649 4650 4651
f 4649 4652 4650
f 4653 4654 4655
f 4653 4655 4656
f 4657 4658 4659
f 4660 4661 4662
f 4663 4664 4665
f 4666 4667 4668
f 4663 4665 4669
f 4666 4668 4670
f 4671 4672 4673
f 4671 4674 4672
f 4675 4676 4677
f 4678 4679 4680
f 4681 4682 4683
f 4681 4683 4684
f 4685 4686 4687
f 4675 4688 4676
f 4678 4680 4689
f 4690 4691 4692
f 4693 4694 4695
f 4696 4697 4698
f 4699 4700 4701
f 4696 4698 4702
f 4699 4703 4700
f 4690 4692 4704
f 4693 4705 4694
f 4706 4707 4708
f 4709 4710 4711
f 4706 4712 4707
f 4713 4714 4715
f 4709 4716 4710
f 4717 4718 4719
f 4713 4715 4720
f 4721 4722 4723
f 4717 4719 4724
f 4725 4726 4727
f 4721 4723 4728
f 4729 4730 4731
f 4725 4732 4726
f 4733 4734 4735
f 4729 4731 4736
f 4737 4738 4739
f 4733 4735 4740
f 4737 4741 4738
f 4742 4743 4744
f 4745 4746 4747
f 4745 4747 4748
f 4742 4749 4743
f 4750 4751 4752
f 4753 4754 4755
f 4756 4757 4758
f 4759 4760 4761
f 4753 4762 4754
f 4750 4752 4763
f 4756 4758 4764
f 4759 4761 4765
f 4766 4767 4768
f 4769 4770 4771
f 4772 4773 4774
f 4766 4775 4767
f 4776 4777 4778
f 4769 4771 4779
f 4776 4780 4777
f 4781 4782 4783
f 4772 4774 4784
f 4785 4786 4787
f 4788 4789 4790
f 4785 4787 4791
f 4788 4790 4792
f 4781 4793 4782
f 4794 4795 4796
f 4797 4798 4799
f 4797 4799 4800
f 4794 4801 4795
f 4802 4803 4804
f 4802 4805 4803
f 4806 4807 4808
f 4809 4810 4811
f 4806 4808 4812
f 4809 4811 4813
f 4814 4815 4816
f 4817 4818 4819
f 4814 4816 4820
f 4821 4822 4823
f 4824 4825 4826
f 4827 4828 4829
f 4824 4826 4830
f 4817 4819 4831
f 4821 4823 4832
f 4827 4833 4828
f 4834 4835 4836
f 4837 4838 4839
f 4840 4841 4842
f 4837 4839 4843
f 4840 4844 4841
f 4834 4845 4835
f 4846 4847 4848
f 4846 4848 4849
f 4850 4851 4852
f 4853 4854 4855
f 4850 4852 4856
f 4857 4858 4859
f 4857 4859 4860
f 4853 4861 4854
f 4862 4863 4864
f 4862 4864 4865
f 4866 4867 4868
f 4869 4870 4871
f 4872 4873 4874
f 4869 4871 4875
f 4866 4868 4876
f 4877 4878 4879
f 4872 4874 4880
f 4881 4882 4883
f 4877 4884 4878
f 4881 4883 4885
f 4886 4887 4888
f 4889 4890 4891
f 4886 4892 4887
f 4889 4891 4893
f 4894 4895 4896
f 4897 4898 4899
f 4894 4896 4900
f 4901 4902 4903
f 4897 4899 4904
f 4901 4903 4905
f 4906 4907 4908
f 4909 4910 4911
f 4906 4912 4907
f 4909 4913 4910
f 4914 4915 4916
f 4914 4917 4915
f 4918 4919 4920
f 4921 4922 4923
f 4918 4920 4924
f 4925 4926 4927
f 4921 4923 4928
f 4925 4927 4929
f 4930 4931 4932
f 4933 4934 4935
f 4930 4936 4931
f 4933 4937 4934
f 4938 4939 4940
f 4941 4942 4943
f 4944 4945 4946
f 4938 4940 4947
f 4941 4943 4948
f 4944 4949 4945
f 4950 4951 4952
f 4950 4952 4953
f 4954 4955 4956
f 4957 4958 4959
f 4954 4956 4960
f 4961 4962 4963
f 4957 4964 4958
f 4965 4966 4967
f 4968 4969 4970
f 4965 4971 4966
f 4972 4973 4974
f 4961 4975 4962
f 4972 4974 4976
f 4968 4977 4969
f 4978 4979 4980
f 4981 4982 4983
f 4984 4985 4986
f 4978 4980 4987
f 4981 4983 4988
f 4984 4986 4989
f 4990 4991 4992
f 4990 4992 4993
f 4994 4995 4996
f 4997 4998 4999
f 4994 4996 5000
f 4997 5001 4998
f 5002 5003 5004
f 5005 5006 5007
f 5008 5009 5010
f 5002 5004 5011
f 5005 5007 5012
f 4660 4662 5013
f 4657 4659 5014
f 5008 5010 5015
f 5016 4687 4686
f 5017 5018 5019
f 5020 5021 5022
f 5023 5024 5025
f 5026 5027 5028
f 5023 5025 5029
f 5026 5028 5030
f 5031 5032 5033
f 5017 5034 5018
f 5035 5036 5037
f 5038 5039 5040
f 5041 5042 5043
f 5035 5037 5044
f 5041 5045 5042
f 5046 5047 5048
f 5038 5049 5039
f 5050 5051 5052
f 5053 5054 5055
f 5053 5055 5056
f 5046 5057 5047
f 5058 5059 5060
f 5050 5052 5061
f 5062 5063 5064
f 5065 5066 5067
f 5068 5069 5070
f 5058 5071 5059
f 5062 5064 5072
f 5065 5067 5073
f 5068 5074 5069
f 5075 5076 5077
f 5078 5079 5080
f 5075 5081 5076
f 5082 5083 5084
f 5078 5085 5079
f 5086 5087 5088
f 5086 5088 5089
f 5082 5084 5090
f 5091 5092 5093
f 5094 5095 5096
f 5094 5097 5095
f 5091 5098 5092
f 5099 5100 5101
f 5099 5101 5102
f 5103 5104 5105
f 5106 5107 5108
f 5103 5105 5109
f 5106 5110 5107
f 5111 5112 5113
f 5114 5115 5116
f 5111 5113 5117
f 5114 5116 5118
f 5119 5120 5121
f 5122 5123 5124
f 5125 5126 5127
f 5122 5128 5123
f 5129 5130 5131
f 5129 5131 5132
f 5125 5133 5126
f 5119 5134 5120
f 5135 5136 5137
f 5138 5139 5140
f 5141 5142 5143
f 5144 5145 5146
f 5141 5143 5147
f 5138 5148 5139
f 5135 5137 5149
f 5150 5151 5152
f 5153 5154 5155
f 5144 5146 5156
f 5157 5158 5159
f 5153 5155 5160
f 5150 5161 5151
f 5157 5159 5162
f 5163 5164 5165
f 5166 5167 5168
f 5169 5170 5171
f 5163 5172 5164
f 5166 5168 5173
f 5169 5174 5170
f 5175 5176 5177
f 5178 5179 5180
f 5181 5182 5183
f 5175 5177 5184
f 5178 5180 5185
f 5181 5186 5182
f 5187 5188 5189
f 5187 5190 5188
f 5191 5192 5193
f 5194 5195 5196
f 5197 5198 5199
f 5194 5200 5195
f 5197 5199 5201
f 5202 5203 5204
f 5191 5205 5192
f 5206 5207 5208
f 5209 5210 5211
f 5202 5212 5203
f 5213 5214 5215
f 5213 5215 5216
f 5206 5208 5217
f 5218 5219 5220
f 5209 5211 5221
f 5222 5223 5224
f 5225 5226 5227
f 5225 5227 5228
f 5218 5229 5219
f 5222 5224 5230
f 5231 5232 5233
f 5234 5235 5236
f 5234 5236 5237
f 5238 5239 5240
f 5241 5242 5243
f 5231 5233 5244
f 5238 5240 5245
f 5246 5247 5248
f 5241 5243 5249
f 5246 5250 5247
f 5251 5252 5253
f 5251 5253 5254
f 5255 5256 5257
f 5258 5259 5260
f 5255 5261 5256
f 5258 5260 5262
f 5263 5264 5265
f 5266 5267 5268
f 5263 5265 5269
f 5270 5271 5272
f 5266 5273 5267
f 5274 5275 5276
f 5270 5277 5271
f 5278 5279 5280
f 5274 5281 5275
f 5282 5283 5284
f 5278 5285 5279
f 5286 5287 5288
f 5282 5289 5283
f 5286 5288 5290
f 5291 5292 5293
f 5294 5295 5296
f 5294 5296 5297
f 5298 5299 5300
f 5301 5302 5303
f 5301 5303 5304
f 5291 5305 5292
f 5306 5307 5308
f 5298 5309 5299
f 5310 5311 5312
f 5313 5314 5315
f 5313 5315 5316
f 5317 5318 5319
f 5310 5312 5320
f 5317 5321 5318
f 5306 5322 5307
f 5323 5324 5325
f 5326 5327 5328
f 5323 5325 5329
f 5330 5331 5332
f 5333 5334 5335
f 5336 5337 5338
f 5330 5332 5339
f 5333 5335 5340
f 5336 5338 5341
f 5326 5328 5342
f 5343 5344 5345
f 5346 5347 5348
f 5346 5348 5349
f 5343 5350 5344
f 5351 5352 5353
f 5351 5353 5354
f 5355 5356 5357
f 5358 5359 5360
f 5355 5357 5361
f 5362 5363 5364
f 5365 5366 5367
f 5362 5364 5368
f 5365 5369 5366
f 5370 5371 5372
f 5358 5373 5359
f 5020 5374 5021
f 5370 5375 5371
f 5376 5377 5378
f 5031 5033 5379
f 5376 5378 5380
f 5381 5382 5383
f 5383 5382 5384
f 5385 5386 5387
f 5388 5386 5385
f 5389 5390 5391
f 5392 5390 5389
f 5393 5394 5395
f 5396 5394 5393
f 5397 5398 5399
f 5400 5398 5397
f 5401 5402 5403
f 5404 5402 5401
f 5405 5406 5407
f 5408 5406 5405
f 5409 5410 5411
f 5412 5410 5409
f 5413 5414 5415
f 5416 5414 5413
f 5417 5418 5419
f 5420 5418 5417
f 5421 5422 5423
f 5424 5422 5421
f 5425 5426 5427
f 5428 5426 5425
f 5429 5430 5431
f 5432 5430 5429
f 5433 5434 5435
f 5435 5434 5436
f 5437 5438 5439
f 5440 5438 5437
f 5441 5442 5443
f 5444 5442 5441
f 5445 5446 5447
f 5448 5446 5445
f 5449 5450 5451
f 5452 5450 5449
f 5453 5454 5455
f 5456 5454 5453
f 5457 5458 5459
f 5460 5458 5457
f 5461 5462 5463
f 5464 5462 5461
f 5465 5466 5467
f 5468 5466 5465
f 5469 5470 5471
f 5472 5470 5469
f 5473 5474 5475
f 5476 5474 5473
f 5477 5478 5479
f 5480 5478 5477
f 5481 5482 5483
f 5484 5482 5481
f 5485 5486 5487
f 5488 5489 5490
f 5486 5491 5487
f 5492 5493 5494
f 5489 5495 5490
f 5496 5497 5498
f 5493 5499 5494
f 5500 5501 5502
f 5497 5503 5498
f 5504 5505 5506
f 5501 5507 5502
f 5508 5509 5510
f 5505 5511 5506
f 5512 5513 5514
f 5509 5515 5510
f 5516 5517 5518
f 5513 5519 5514
f 5520 5521 5522
f 5517 5523 5518
f 5524 5525 5526
f 5521 5527 5522
f 5528 5529 5530
f 5525 5531 5526
f 5532 5533 5534
f 5529 5535 5530
f 5533 5536 5534
f 5537 5538 5539
f 5537 5539 5540
f 5541 5542 5543
f 5541 5544 5542
f 5545 5546 5547
f 5545 5548 5546
f 5549 5550 5551
f 5549 5552 5550
f 5553 5554 5555
f 5553 5556 5554
f 5557 5558 5559
f 5557 5560 5558
f 5561 5562 5563
f 5561 5564 5562
f 5565 5566 5567
f 5565 5568 5566
f 5569 5570 5571
f 5569 5572 5570
f 5573 5574 5575
f 5573 5576 5574
f 5577 5578 5579
f 5577 5580 5578
f 5581 5582 5583
f 5581 5584 5582
f 5585 5586 5587
f 5585 5588 5586
f 5589 5590 5591
f 5592 5589 5591
f 5593 5594 5595
f 5593 5595 5596
f 5597 5598 5599
f 5600 5589 5592
f 5600 5592 5601
f 5602 5599 5603
f 5602 5597 5599
f 5604 5605 5598
f 5604 5598 5597
f 5606 5603 5607
f 5606 5602 5603
f 5608 5594 5593
f 5609 5610 5605
f 5609 5605 5604
f 5611 5607 5612
f 5611 5606 5607
f 5613 5601 5614
f 5613 5600 5601
f 5615 5616 5594
f 5615 5594 5608
f 5617 5610 5609
f 5618 5614 5619
f 5620 5612 5621
f 5618 5613 5614
f 5620 5611 5612
f 5622 5623 5616
f 5622 5616 5615
f 5624 5619 5625
f 5626 5627 5610
f 5624 5618 5619
f 5626 5610 5617
f 5628 5625 5623
f 5628 5624 5625
f 5628 5623 5622
f 5629 5621 5630
f 5629 5620 5621
f 5631 5632 5627
f 5631 5627 5626
f 5633 5630 5634
f 5633 5629 5630
f 5635 5636 5632
f 5635 5632 5631
f 5637 5633 5634
f 5638 5637 5634
f 5639 5636 5635
f 5590 5636 5639
f 5640 5637 5638
f 5591 5590 5639
f 5596 5640 5638
f 5595 5640 5596
f 5641 5642 5643
f 5641 5644 5642
f 5645 5646 5647
f 5645 5648 5646
f 5649 5650 5651
f 5652 5651 5653
f 5652 5649 5651
f 5654 5655 5656
f 5654 5656 5644
f 5654 5644 5641
f 5657 5658 5650
f 5657 5650 5649
f 5659 5653 5660
f 5661 5647 5662
f 5659 5652 5653
f 5661 5645 5647
f 5663 5664 5655
f 5665 5666 5658
f 5663 5655 5654
f 5665 5658 5657
f 5667 5662 5668
f 5669 5660 5670
f 5669 5659 5660
f 5667 5661 5662
f 5671 5672 5664
f 5671 5664 5663
f 5673 5674 5666
f 5673 5675 5674
f 5673 5666 5665
f 5676 5668 5677
f 5676 5667 5668
f 5678 5677 5672
f 5679 5669 5670
f 5678 5672 5671
f 5678 5676 5677
f 5680 5679 5670
f 5681 5675 5673
f 5682 5675 5681
f 5683 5679 5680
f 5684 5682 5681
f 5685 5683 5680
f 5686 5683 5685
f 5687 5682 5684
f 5688 5687 5684
f 5689 5690 5686
f 5689 5686 5685
f 5691 5688 5692
f 5691 5687 5688
f 5643 5690 5689
f 5643 5642 5690
f 5648 5692 5646
f 5648 5691 5692
f 5693 5694 5695
f 5696 5697 5698
f 5699 5700 5701
f 5702 5703 5704
f 5705 5706 5707
f 5702 5704 5708
f 5709 5710 5711
f 5712 5713 5714
f 5715 5716 5717
f 5699 5701 5718
f 5709 5711 5719
f 5712 5720 5713
f 5721 5722 5723
f 5724 5725 5726
f 5727 5728 5729
f 5727 5729 5730
f 5721 5731 5722
f 5724 5726 5732
f 5733 5734 5735
f 5736 5737 5738
f 5739 5740 5741
f 5742 5743 5744
f 5742 5745 5743
f 5733 5735 5746
f 5739 5747 5740
f 5736 5738 5748
f 5749 5750 5751
f 5752 5753 5754
f 5755 5756 5757
f 5749 5751 5758
f 5752 5759 5753
f 5760 5761 5762
f 5760 5762 5763
f 5755 5757 5764
f 5765 5766 5767
f 5768 5769 5770
f 5765 5771 5766
f 5772 5773 5774
f 5775 5776 5777
f 5772 5774 5778
f 5768 5779 5769
f 5780 5781 5782
f 5775 5777 5783
f 5784 5785 5786
f 5784 5786 5787
f 5788 5789 5790
f 5780 5782 5791
f 5792 5793 5794
f 5788 5795 5789
f 5796 5797 5798
f 5799 5800 5801
f 5796 5802 5797
f 5799 5801 5803
f 5792 5804 5793
f 5805 5806 5807
f 5808 5809 5810
f 5811 5812 5813
f 5808 5810 5814
f 5815 5816 5817
f 5818 5819 5820
f 5815 5821 5816
f 5822 5823 5824
f 5818 5820 5825
f 5822 5824 5826
f 5811 5813 5827
f 5828 5829 5830
f 5831 5832 5833
f 5834 5835 5836
f 5831 5833 5837
f 5828 5838 5829
f 5839 5840 5841
f 5834 5836 5842
f 5839 5841 5843
f 5844 5845 5846
f 5847 5848 5849
f 5847 5849 5850
f 5851 5852 5853
f 5854 5855 5856
f 5844 5846 5857
f 5854 5856 5858
f 5851 5859 5852
f 5860 5861 5862
f 5860 5862 5863
f 5864 5865 5866
f 5867 5868 5869
f 5870 5871 5872
f 5867 5869 5873
f 5874 5875 5876
f 5870 5872 5877
f 5864 5866 5878
f 5874 5879 5875
f 5880 5881 5882
f 5883 5884 5885
f 5886 5887 5888
f 5880 5889 5881
f 5883 5890 5884
f 5891 5892 5893
f 5891 5893 5894
f 5895 5896 5897
f 5886 5888 5898
f 5895 5897 5899
f 5900 5901 5902
f 5903 5904 5905
f 5903 5905 5906
f 5900 5907 5901
f 5908 5909 5910
f 5908 5911 5909
f 5912 5913 5914
f 5915 5916 5917
f 5915 5917 5918
f 5919 5805 5807
f 5912 5914 5920
f 5921 5922 5923
f 5924 5925 5926
f 5927 5928 5929
f 5921 5923 5930
f 5927 5929 5931
f 5932 5933 5934
f 5924 5926 5935
f 5932 5934 5936
f 5937 5938 5939
f 5937 5939 5940
f 5941 5942 5943
f 5944 5945 5946
f 5941 5943 5947
f 5944 5948 5945
f 5949 5950 5951
f 5952 5953 5954
f 5952 5954 5955
f 5956 5957 5958
f 5949 5959 5950
f 5956 5960 5957
f 5961 5962 5963
f 5964 5965 5966
f 5961 5963 5967
f 5968 5969 5970
f 5971 5972 5973
f 5964 5974 5965
f 5975 5976 5977
f 5975 5978 5976
f 5979 5980 5981
f 5968 5982 5969
f 5971 5973 5983
f 5984 5985 5986
f 5987 5988 5989
f 5979 5990 5980
f 5984 5986 5991
f 5992 5993 5994
f 5995 5996 5997
f 5995 5998 5996
f 5987 5999 5988
f 5992 6000 5993
f 6001 6002 6003
f 6004 6005 6006
f 6004 6006 6007
f 6008 6009 6010
f 6011 6012 6013
f 6011 6013 6014
f 6001 6003 6015
f 6016 6017 6018
f 6008 6019 6009
f 6020 6021 6022
f 6020 6023 6021
f 6016 6024 6017
f 6025 6026 6027
f 6028 6029 6030
f 6025 6027 6031
f 6032 6033 6034
f 6035 6036 6037
f 6038 6039 6040
f 6038 6040 6041
f 6028 6030 6042
f 6043 6044 6045
f 6035 6046 6036
f 6047 6048 6049
f 6032 6050 6033
f 6043 6051 6044
f 5705 5707 6052
f 5696 5698 6053
f 6047 6049 6054
f 5715 5717 6055
f 5693 6056 5694
f 6057 6058 6059
f 6060 6061 6062
f 6063 6064 6065
f 6066 6067 6068
f 6069 6070 6071
f 6060 6062 6072
f 6073 6074 6075
f 6076 6077 6078
f 6079 6080 6081
f 6066 6068 6082
f 6057 6083 6058
f 6076 6084 6077
f 6079 6081 6085
f 6069 6071 6086
f 6087 6088 6089
f 6090 6091 6092
f 6087 6093 6088
f 6094 6095 6096
f 6094 6096 6097
f 6090 6092 6098
f 6099 6100 6101
f 6102 6103 6104
f 6105 6106 6107
f 6105 6108 6106
f 6109 6110 6111
f 6109 6111 6112
f 6099 6101 6113
f 6102 6104 6114
f 6115 6116 6117
f 6118 6119 6120
f 6121 6122 6123
f 6115 6124 6116
f 6118 6120 6125
f 6126 6127 6128
f 6121 6123 6129
f 6130 6131 6132
f 6133 6134 6135
f 6126 6136 6127
f 6133 6137 6134
f 6130 6138 6131
f 6139 6140 6141
f 6142 6143 6144
f 6145 6146 6147
f 6139 6141 6148
f 6142 6144 6149
f 6145 6150 6146
f 6151 6152 6153
f 6154 6155 6156
f 6151 6153 6157
f 6154 6158 6155
f 6159 6160 6161
f 6162 6163 6164
f 6165 6166 6167
f 6168 6169 6170
f 6162 6171 6163
f 6165 6172 6166
f 6173 6174 6175
f 6159 6176 6160
f 6168 6177 6169
f 6178 6179 6180
f 6181 6182 6183
f 6178 6180 6184
f 6181 6185 6182
f 6186 6187 6188
f 6173 6175 6189
f 6186 6188 6190
f 6191 6192 6193
f 6191 6193 6194
f 6195 6196 6197
f 6198 6199 6200
f 6195 6197 6201
f 6198 6200 6202
f 6203 6204 6205
f 6206 6207 6208
f 6203 6205 6209
f 6210 6211 6212
f 6206 6208 6213
f 6214 6215 6216
f 6214 6216 6217
f 6210 6212 6218
f 6219 6220 6221
f 6222 6223 6224
f 6219 6221 6225
f 6222 6226 6223
f 6227 6228 6229
f 6230 6231 6232
f 6227 6233 6228
f 6230 6232 6234
f 6235 6236 6237
f 6238 6239 6240
f 6238 6240 6241
f 6242 6243 6244
f 6235 6245 6236
f 6246 6247 6248
f 6249 6250 6251
f 6242 6252 6243
f 6249 6251 6253
f 6246 6248 6254
f 6255 6256 6257
f 6258 6259 6260
f 6261 6262 6263
f 6255 6257 6264
f 6261 6263 6265
f 6266 6267 6268
f 6269 6270 6271
f 6258 6272 6259
f 6269 6271 6273
f 6274 6275 6276
f 6266 6268 6277
f 6278 6279 6280
f 6278 6281 6279
f 6282 6283 6284
f 6282 6284 6285
f 6274 6276 6286
f 6287 6288 6289
f 6290 6291 6292
f 6287 6289 6293
f 6290 6292 6294
f 6295 6296 6297
f 6295 6298 6296
f 6299 6300 6301
f 6299 6301 6302
f 6303 6304 6305
f 6306 6307 6308
f 6306 6308 6309
f 6310 6311 6312
f 6303 6305 6313
f 6310 6312 6314
f 6315 6316 6317
f 6315 6317 6318
f 6319 6320 6321
f 6322 6323 6324
f 6319 6321 6325
f 6322 6326 6323
f 6327 6328 6329
f 6330 6331 6332
f 6327 6333 6328
f 6334 6335 6336
f 6330 6332 6337
f 6338 6339 6340
f 6338 6341 6339
f 6342 6343 6344
f 6342 6344 6345
f 6334 6346 6335
f 6347 6348 6349
f 6350 6351 6352
f 6353 6354 6355
f 6350 6352 6356
f 6353 6355 6357
f 6358 6359 6360
f 6358 6361 6359
f 6347 6362 6348
f 6363 6364 6365
f 6363 6366 6364
f 6367 6368 6369
f 6370 6371 6372
f 6373 6374 6375
f 6370 6372 6376
f 6367 6369 6377
f 6378 6379 6380
f 6373 6375 6381
f 6382 6383 6384
f 6378 6385 6379
f 6386 6387 6388
f 6389 6390 6391
f 6386 6388 6392
f 6389 6391 6393
f 6382 6384 6394
f 6395 6396 6397
f 6398 6399 6400
f 6401 6402 6403
f 6395 6397 6404
f 6405 6406 6407
f 6405 6407 6408
f 6401 6409 6402
f 6410 6411 6412
f 6398 6413 6399
f 6063 6414 6064
f 6415 6416 6417
f 6410 6418 6411
f 6073 6075 6419
f 6415 6417 6420
f 6421 6422 6423
f 6423 6422 6424
f 6425 6426 6427
f 6428 6426 6425
f 6429 6430 6431
f 6432 6430 6429
f 6433 6434 6435
f 6436 6434 6433
f 6437 6438 6439
f 6440 6438 6437
f 6441 6442 6443
f 6444 6442 6441
f 6445 6446 6447
f 6448 6446 6445
f 6449 6450 6451
f 6452 6450 6449
f 6453 6454 6455
f 6456 6454 6453
f 6457 6458 6459
f 6460 6458 6457
f 6461 6462 6463
f 6464 6462 6461
f 6465 6466 6467
f 6468 6466 6465
f 6469 6470 6471
f 6472 6470 6469
f 6473 6474 6475
f 6475 6474 6476
f 6477 6478 6479
f 6480 6478 6477
f 6481 6482 6483
f 6484 6482 6481
f 6485 6486 6487
f 6488 6486 6485
f 6489 6490 6491
f 6492 6490 6489
f 6493 6494 6495
f 6496 6494 6493
f 6497 6498 6499
f 6500 6498 6497
f 6501 6502 6503
f 6504 6502 6501
f 6505 6506 6507
f 6508 6506 6505
f 6509 6510 6511
f 6512 6510 6509
f 6513 6514 6515
f 6516 6514 6513
f 6517 6518 6519
f 6520 6518 6517
f 6521 6522 6523
f 6524 6522 6521
f 6525 6526 6527
f 6525 6528 6526
f 6529 6530 6531
f 6529 6532 6530
f 6533 6534 6535
f 6536 6537 6534
f 6538 6539 6528
f 6538 6528 6525
f 6536 6534 6533
f 6540 6531 6541
f 6540 6529 6531
f 6542 6539 6538
f 6543 6535 6544
f 6543 6533 6535
f 6542 6545 6539
f 6546 6547 6537
f 6548 6541 6549
f 6546 6537 6536
f 6548 6540 6541
f 6550 6544 6551
f 6550 6543 6544
f 6552 6553 6545
f 6552 6545 6542
f 6554 6555 6547
f 6556 6549 6557
f 6556 6548 6549
f 6554 6547 6546
f 6558 6551 6559
f 6558 6550 6551
f 6560 6561 6553
f 6560 6553 6552
f 6562 6557 6563
f 6562 6556 6557
f 6564 6565 6555
f 6566 6563 6561
f 6566 6562 6563
f 6566 6561 6560
f 6564 6555 6554
f 6567 6559 6568
f 6567 6558 6559
f 6569 6570 6565
f 6569 6565 6564
f 6571 6568 6572
f 6571 6567 6568
f 6573 6570 6569
f 6574 6570 6573
f 6575 6571 6572
f 6576 6574 6573
f 6527 6575 6572
f 6526 6575 6527
f 6532 6574 6576
f 6532 6576 6530
f 6577 6578 6579
f 6577 6580 6578
f 6581 6582 6583
f 6581 6584 6582
f 6585 6586 6587
f 6588 6589 6586
f 6588 6586 6585
f 6590 6591 6580
f 6590 6580 6577
f 6592 6583 6593
f 6594 6587 6595
f 6592 6581 6583
f 6594 6585 6587
f 6596 6591 6590
f 6597 6598 6589
f 6596 6599 6591
f 6597 6589 6588
f 6600 6593 6601
f 6602 6595 6603
f 6602 6594 6595
f 6600 6592 6593
f 6604 6605 6599
f 6606 6607 6598
f 6604 6599 6596
f 6606 6598 6597
f 6608 6601 6609
f 6608 6600 6601
f 6610 6603 6611
f 6610 6602 6603
f 6612 6613 6605
f 6612 6605 6604
f 6614 6609 6615
f 6616 6617 6607
f 6614 6608 6609
f 6616 6607 6606
f 6618 6615 6613
f 6618 6614 6615
f 6618 6613 6612
f 6619 6611 6620
f 6619 6610 6611
f 6621 6622 6617
f 6621 6617 6616
f 6623 6620 6624
f 6623 6619 6620
f 6625 6622 6621
f 6626 6622 6625
f 6627 6623 6624
f 6628 6626 6625
f 6579 6627 6624
f 6578 6627 6579
f 6584 6626 6628
f 6584 6628 6582
f 6629 6630 6631
f 6632 6633 6634
f 6630 6635 6631
f 6636 6637 6638
f 6633 6639 6634
f 6640 6641 6642
f 6637 6643 6638
f 6644 6645 6646
f 6641 6647 6642
f 6648 6649 6650
f 6645 6651 6646
f 6652 6653 6654
f 6649 6655 6650
f 6656 6657 6658
f 6653 6659 6654
f 6660 6661 6662
f 6657 6663 6658
f 6664 6665 6666
f 6661 6667 6662
f 6668 6669 6670
f 6665 6671 6666
f 6672 6673 6674
f 6669 6675 6670
f 6676 6677 6678
f 6673 6679 6674
f 6677 6680 6678
f 6681 6682 6683
f 6681 6683 6684
f 6685 6686 6687
f 6685 6688 6686
f 6689 6690 6691
f 6689 6692 6690
f 6693 6694 6695
f 6693 6696 6694
f 6697 6698 6699
f 6697 6700 6698
f 6701 6702 6703
f 6701 6704 6702
f 6705 6706 6707
f 6705 6708 6706
f 6709 6710 6711
f 6709 6712 6710
f 6713 6714 6715
f 6713 6716 6714
f 6717 6718 6719
f 6717 6720 6718
f 6721 6722 6723
f 6721 6724 6722
f 6725 6726 6727
f 6725 6728 6726
f 6729 6730 6731
f 6732 6733 6734
f 6729 6735 6730
f 6736 6732 6734
f 6737 6738 6739
f 6740 6741 6742
f 6737 6739 6743
f 6740 6742 6744
f 6745 6746 6747
f 6748 6749 6750
f 6751 6752 6753
f 6754 6755 6756
f 6748 6750 6757
f 6758 6759 6760
f 6761 6762 6763
f 6764 6765 6766
f 6767 6768 6769
f 6770 6771 6772
f 6773 6774 6775
f 6758 6776 6759
f 6777 6778 6779
f 6780 6781 6782
f 6777 6779 6783
f 6784 6785 6786
f 6784 6786 6787
f 6788 6752 6751
f 6789 6790 6791
f 6792 6793 6794
f 6795 6796 6797
f 6798 6799 6800
f 6798 6800 6801
f 6802 6781 6780
f 6803 6804 6805
f 6803 6806 6804
f 6807 6808 6809
f 6810 6811 6812
f 6813 6814 6815
f 6810 6816 6811
f 6813 6817 6814
f 6818 6819 6820
f 6821 6822 6823
f 6824 6825 6826
f 6818 6827 6819
f 6828 6829 6830
f 6831 6832 6833
f 6834 6835 6836
f 6837 6838 6839
f 6831 6840 6832
f 6834 6836 6841
f 6842 6808 6807
f 6828 6830 6843
f 6844 6845 6846
f 6847 6848 6849
f 6850 6851 6852
f 6853 6854 6855
f 6856 6857 6858
f 6853 6859 6854
f 6860 6861 6862
f 6863 6864 6865
f 6866 6867 6868
f 6869 6870 6871
f 6872 6873 6874
f 6872 6874 6875
f 6869 6876 6870
f 6866 6877 6867
f 6878 6879 6880
f 6881 6882 6883
f 6878 6884 6879
f 6885 6886 6887
f 6888 6889 6890
f 6888 6891 6889
f 6892 6682 6681
f 6885 6887 6893
f 6894 6895 6896
f 6881 6897 6882
f 6898 6899 6900
f 6901 6902 6903
f 6894 6904 6895
f 6905 6906 6907
f 6901 6903 6908
f 6909 6910 6911
f 6912 6913 6914
f 6912 6915 6913
f 6916 6917 6918
f 6919 6920 6921
f 6916 6918 6922
f 6923 6924 6925
f 6923 6926 6924
f 6927 6928 6929
f 6927 6929 6930
f 6931 6932 6933
f 6934 6935 6936
f 6937 6938 6939
f 6934 6936 6940
f 6937 6941 6938
f 6942 6943 6944
f 6945 6946 6947
f 6948 6949 6950
f 6945 6947 6951
f 6952 6953 6954
f 6955 6956 6957
f 6958 6959 6960
f 6961 6962 6963
f 6964 6965 6966
f 6961 6963 6967
f 6964 6968 6965
f 6958 6969 6959
f 6970 6971 6972
f 6973 6974 6975
f 6973 6976 6974
f 6977 6978 6979
f 6980 6981 6982
f 6983 6984 6985
f 6980 6986 6981
f 6977 6979 6987
f 6988 6989 6990
f 6991 6992 6993
f 6994 6995 6996
f 6997 6998 6999
f 6997 7000 6998
f 7001 7002 7003
f 7001 7003 7004
f 7005 7006 7007
f 7005 7007 7008
f 7009 7010 7011
f 7012 7013 7014
f 7015 7016 7017
f 7018 7019 7020
f 7018 7021 7019
f 7022 7023 7024
f 7025 7026 7027
f 7025 7028 7026
f 7022 7029 7023
f 7030 7031 7032
f 7033 7034 7035
f 7030 7032 7036
f 7033 7035 7037
f 7038 7039 7040
f 7041 7042 7043
f 7038 7040 7044
f 7045 7046 7047
f 7045 7048 7046
f 7049 7050 7051
f 7052 7053 7054
f 7055 7056 7057
f 7058 7059 7060
f 7055 7061 7056
f 7062 7063 7064
f 7065 7066 7067
f 7062 7064 7068
f 7065 7067 7069
f 7070 7071 7072
f 7073 7074 7075
f 7076 7077 7078
f 7070 7079 7071
f 7080 7081 7082
f 7080 7082 7083
f 7084 7085 7086
f 7087 7088 7089
f 7090 7091 7092
f 7087 7089 7093
f 7094 7095 7096
f 7097 7098 7099
f 7094 7096 7100
f 7097 7099 7101
f 7102 7103 7104
f 7105 7106 7107
f 7108 7109 7110
f 7111 7112 7113
f 7105 7114 7106
f 7111 7113 7115
f 7108 7110 7116
f 7117 7118 7119
f 7120 7121 7122
f 7123 7124 7125
f 7120 7126 7121
f 7127 7128 7129
f 7130 7131 7132
f 7133 7134 7135
f 7136 7137 7138
f 7139 7140 7141
f 7142 7143 7144
f 7145 7146 7147
f 7148 7149 7150
f 7151 7152 7153
f 7154 7155 7156
f 7157 7158 7159
f 7160 7161 7162
f 7163 7164 7165
f 7166 7167 7168
f 7169 7170 7171
f 7172 7173 7174
f 7175 7176 7177
f 7178 7179 7180
f 7181 7182 7183
f 7184 7185 7186
f 7187 7188 7189
f 7190 7191 7192
f 7193 7194 7195
f 7196 7197 7198
f 7199 7200 7201
f 7202 7203 7204
f 7205 7206 7207
f 7208 7209 7210
f 7211 7212 7213
f 7211 7214 7212
f 7215 7216 7217
f 7215 7218 7216
f 7219 7220 7221
f 7219 7222 7220
f 7223 7224 7225
f 7223 7226 7224
f 7227 7228 7229
f 7053 7230 7231
f 7227 7232 7228
f 7054 7053 7231
f 7119 7233 7234
f 6845 7235 7236
f 7119 7118 7233
f 6846 6845 7236
f 7237 7238 7239
f 7240 7241 7242
f 7237 7243 7238
f 7244 7245 7246
f 7247 7240 7242
f 7248 7244 7246
f 7249 7250 7251
f 7252 7253 7254
f 7249 7255 7250
f 7256 7252 7254
f 7257 7258 7259
f 7260 7261 7262
f 7263 7257 7259
f 7264 7265 7266
f 7267 7260 7262
f 7268 7269 7270
f 7271 7264 7266
f 7272 7273 7274
f 7275 7268 7270
f 7276 7277 7278
f 7279 7272 7274
f 7280 7281 7282
f 7283 7276 7278
f 7284 7285 7286
f 7287 7280 7282
f 7288 7289 7290
f 7291 7284 7286
f 7292 7293 7294
f 7295 7288 7290
f 7296 7297 7298
f 7299 7292 7294
f 7300 7301 7302
f 7303 7296 7298
f 7304 7305 7306
f 7307 7300 7302
f 7308 7304 7306
f 7309 7310 7311
f 7312 7313 7314
f 7315 7316 7317
f 7315 7318 7316
f 7312 7319 7313
f 7320 7321 7322
f 7323 7324 7325
f 7326 7327 7328
f 7323 7329 7324
f 7330 7331 7332
f 7326 7333 7327
f 7330 7332 7334
f 7335 7336 7337
f 7338 7339 7340
f 7335 7337 7341
f 7342 7343 7344
f 7345 7346 7347
f 7348 7349 7350
f 7351 7352 7353
f 7354 7355 7356
f 7357 7358 7359
f 7360 7361 7362
f 7348 7363 7349
f 7354 7356 7364
f 7365 7366 7367
f 7368 7369 7370
f 7368 7371 7369
f 7365 7372 7366
f 7373 7374 7375
f 7373 7376 7374
f 7377 7378 7379
f 7377 7379 7380
f 7381 7382 7383
f 7384 7385 7386
f 7381 7383 7387
f 7388 7389 7390
f 7391 7392 7393
f 7394 7395 7396
f 7388 7397 7389
f 7398 7399 7400
f 7384 7386 7401
f 7391 7393 7402
f 7403 7404 7405
f 7406 7407 7408
f 7409 7410 7411
f 7412 7413 7414
f 7403 7415 7404
f 7416 7417 7418
f 7419 7420 7421
f 7422 7423 7424
f 7419 7421 7425
f 7426 7427 7428
f 7422 7429 7423
f 7430 7398 7400
f 7426 7431 7427
f 7432 7433 7434
f 7435 7436 7437
f 7435 7438 7436
f 7432 7434 7439
f 7440 7441 7442
f 7440 7443 7441
f 7444 7445 7446
f 7444 7447 7445
f 7448 7449 7450
f 7451 7452 7453
f 7451 7453 7454
f 7448 7450 7455
f 7456 7457 7458
f 7456 7459 7457
f 7460 7461 7462
f 7460 7462 7463
f 7464 7465 7466
f 7467 7468 7469
f 7467 7469 7470
f 7464 7466 7471
f 7472 7473 7474
f 7472 7475 7473
f 7476 7477 7478
f 7476 7479 7477
f 7480 7481 7482
f 7480 7483 7481
f 7484 7485 7486
f 7484 7487 7485
f 7488 7489 7490
f 7488 7491 7489
f 7492 7493 7494
f 7492 7495 7493
f 7496 7497 7498
f 7496 7499 7497
f 7500 7501 7502
f 7500 7502 7503
f 7504 7505 7506
f 7504 7507 7505
f 7344 7343 7508
f 7509 7510 7511
f 7509 7512 7510
f 7513 7514 7515
f 7513 7515 7516
f 7517 7518 7519
f 7517 7519 7520
f 7521 7522 7523
f 7521 7524 7522
f 7525 7526 7527
f 7525 7527 7528
f 7529 7530 7531
f 7529 7531 7532
f 7533 7534 7535
f 7533 7536 7534
f 7537 7538 7539
f 7537 7539 7540
f 7541 7542 7543
f 7541 7544 7542
f 7545 7546 7547
f 7545 7548 7546
f 7549 7550 7551
f 7549 7552 7550
f 7553 7554 7555
f 7553 7556 7554
f 7557 7558 7559
f 7557 7560 7558
f 7561 7562 7563
f 7561 7564 7562
f 7565 7566 7567
f 7565 7568 7566
f 7569 7570 7571
f 7569 7572 7570
f 7573 7574 7575
f 7573 7576 7574
f 7577 7578 7579
f 7577 7580 7578
f 7581 7582 7583
f 7584 7585 7586
f 7581 7587 7582
f 7013 7588 7589
f 7590 7584 7586
f 7014 7013 7589
f 7591 7592 7593
f 7594 7595 7596
f 7597 7598 7599
f 7600 7601 7602
f 7597 7599 7603
f 7604 7605 7606
f 7607 7608 7609
f 7610 7611 7612
f 7613 7614 7615
f 7607 7616 7608
f 7617 7618 7619
f 7620 7621 7622
f 7623 7624 7625
f 7626 7627 7628
f 7629 7630 7631
f 7632 7633 7634
f 7632 7634 7635
f 7623 7625 7636
f 7629 7637 7630
f 7638 7639 7640
f 7641 7642 7643
f 7644 7645 7646
f 7644 7646 7647
f 7648 7649 7650
f 7651 7652 7653
f 7651 7654 7652
f 7655 7656 7657
f 7658 7659 7660
f 7658 7660 7661
f 7655 7657 7662
f 7663 7664 7665
f 7666 7667 7668
f 7663 7669 7664
f 7670 7671 7672
f 7666 7668 7673
f 7674 7675 7676
f 7677 7678 7679
f 7680 7681 7682
f 7674 7683 7675
f 7677 7684 7678
f 7685 7686 7687
f 7688 7689 7690
f 7691 7692 7693
f 7694 7695 7696
f 7697 7698 7699
f 7685 7687 7700
f 7701 7702 7703
f 7704 7705 7706
f 7707 7708 7709
f 7710 7711 7712
f 7713 7714 7715
f 7697 7699 7716
f 7717 7718 7719
f 7720 7721 7722
f 7711 7723 7712
f 7724 7725 7726
f 7724 7726 7727
f 7728 7729 7730
f 7728 7731 7729
f 7732 7733 7734
f 7735 7736 7737
f 7738 7739 7740
f 7741 7742 7743
f 7738 7744 7739
f 7741 7743 7745
f 7732 7746 7733
f 7747 7707 7709
f 7748 7538 7537
f 7749 7750 7751
f 7752 7753 7754
f 7755 7756 7757
f 7758 7759 7760
f 7752 7761 7753
f 7755 7757 7762
f 7749 7763 7750
f 7764 7765 7766
f 7767 7768 7769
f 7770 7771 7772
f 7773 7774 7775
f 7776 7777 7778
f 7773 7779 7774
f 7780 7735 7737
f 7781 7782 7783
f 7784 7705 7704
f 7785 7786 7787
f 7781 7788 7782
f 7789 7790 7791
f 7785 7787 7792
f 7793 7794 7795
f 7796 7797 7798
f 7799 7800 7801
f 7802 7803 7804
f 7805 7806 7807
f 7808 7809 7810
f 7811 7776 7778
f 7812 7813 7814
f 7808 7810 7815
f 7816 7817 7818
f 7816 7819 7817
f 7812 7814 7820
f 7821 7822 7823
f 7824 7825 7826
f 7827 7828 7829
f 7827 7830 7828
f 7821 7831 7822
f 7832 7833 7834
f 7835 7771 7770
f 7836 7837 7838
f 7839 7840 7841
f 7839 7841 7842
f 7843 7844 7845
f 7846 7847 7848
f 7849 7850 7851
f 7852 7853 7854
f 7852 7855 7853
f 7856 7857 7858
f 7859 7860 7861
f 7856 7862 7857
f 7859 7861 7863
f 7864 6732 6736
f 7865 7866 7867
f 7868 7869 7870
f 7871 7872 7873
f 7871 7874 7872
f 7875 7876 7877
f 7875 7878 7876
f 7879 7880 7881
f 7879 7881 7882
f 7883 7884 7885
f 7886 7837 7836
f 7887 7888 7889
f 7887 7889 7890
f 7891 7892 7893
f 7894 7895 7896
f 7894 7896 7897
f 7898 7899 7900
f 7898 7901 7899
f 7902 7903 7904
f 7905 7906 7907
f 7908 7909 7910
f 7908 7911 7909
f 7912 7913 7914
f 7915 7916 7917
f 7918 7919 7920
f 7918 7920 7921
f 7915 7917 7922
f 7923 7924 7925
f 7926 7927 7928
f 7929 7930 7931
f 7926 7932 7927
f 7933 7934 7935
f 7933 7935 7936
f 7937 7938 7939
f 7940 7941 7942
f 7943 7944 7945
f 7940 7942 7946
f 7947 7948 7949
f 7947 7949 7950
f 7951 7952 7953
f 7954 7955 7956
f 7957 7958 7959
f 7951 7960 7952
f 7957 7959 7961
f 7962 7963 7964
f 7962 7964 7965
f 7966 7884 7883
f 7967 7968 7969
f 7970 7971 7972
f 7970 7973 7971
f 7591 7593 7974
f 7975 7976 7977
f 7600 7602 7978
f 7979 7980 7981
f 7982 7983 7984
f 7985 7986 7987
f 7988 7989 7990
f 7991 7992 7993
f 7994 7995 7996
f 7997 7998 7999
f 8000 8001 8002
f 8003 8004 8005
f 8006 8007 8008
f 8009 8010 8011
f 8012 8013 8014
f 8015 8016 8017
f 8018 8019 8020
f 8021 8022 8023
f 8024 8025 8026
f 8027 8028 8029
f 8030 8031 8032
f 8033 8034 8035
f 8036 8037 8038
f 8039 8040 8041
f 8042 8043 8044
f 8045 8046 8047
f 8048 8049 8050
f 8051 8052 8053
f 8054 8055 8056
f 8057 8058 8059
f 8060 8061 8062
f 8063 8064 8065
f 8063 8065 8066
f 8067 8068 8069
f 8067 8070 8068
f 8071 8072 8073
f 8071 8074 8072
f 8075 8076 8077
f 8075 8078 8076
f 8079 8080 8081
f 7906 8082 8083
f 8079 8084 8080
f 7968 8085 8086
f 7907 7906 8083
f 7695 8087 8088
f 7969 7968 8086
f 8089 8090 8091
f 7696 7695 8088
f 8092 8089 8091
f 8093 8094 8095
f 8096 8097 8098
f 8093 8099 8094
f 8100 8101 8102
f 8103 8096 8098
f 8104 8100 8102
f 8105 8106 8107
f 8105 8108 8106
f 8109 8110 8111
f 8112 8113 8114
f 8115 8109 8111
f 8116 8117 8118
f 8119 8112 8114
f 8120 8121 8122
f 8123 8116 8118
f 8124 8125 8126
f 8127 8120 8122
f 8128 8129 8130
f 8131 8124 8126
f 8132 8133 8134
f 8135 8128 8130
f 8136 8137 8138
f 8139 8132 8134
f 8140 8141 8142
f 8143 8136 8138
f 8144 8145 8146
f 8147 8140 8142
f 8148 8149 8150
f 8151 8144 8146
f 8152 8153 8154
f 8155 8148 8150
f 8156 8157 8158
f 8159 8152 8154
f 8160 8156 8158
f 8161 8162 8163
f 8164 8165 8166
f 8167 8168 8169
f 8170 8171 8172
f 8167 8169 8173
f 8174 8175 8176
f 8177 8178 8179
f 8180 8181 8182
f 8183 8184 8185
f 8186 8187 8188
f 8189 8190 8191
f 8192 8193 8194
f 8195 8196 8197
f 8195 8198 8196
f 8199 8184 8183
f 8200 8201 8202
f 8203 8204 8205
f 8206 8207 8208
f 8206 8208 8209
f 8210 8164 8166
f 8211 8212 8213
f 8211 8213 8214
f 8215 8216 8217
f 8218 8219 8220
f 8215 8217 8221
f 8222 8223 8224
f 8225 8226 8227
f 8218 8228 8219
f 8229 8230 8231
f 8232 8233 8234
f 8235 8236 8237
f 8238 8239 8240
f 8241 8242 8243
f 8229 8244 8230
f 8245 8246 8247
f 8232 8234 8248
f 8245 8247 8249
f 8250 8251 8252
f 8253 8254 8255
f 8238 8256 8239
f 8250 8252 8257
f 8258 8203 8205
f 8259 8260 8261
f 8259 8261 8262
f 8263 8264 8265
f 8266 8267 8268
f 8269 8270 8271
f 8269 8271 8272
f 8263 8265 8273
f 8274 8275 8276
f 8277 8253 8255
f 8278 8279 8280
f 8278 8280 8281
f 8282 8283 8284
f 8285 8286 8287
f 8285 8287 8288
f 8282 8284 8289
f 8290 8291 8292
f 8293 8274 8276
f 8294 8295 8296
f 8294 8296 8297
f 8298 8299 8300
f 8301 8302 8303
f 8301 8303 8304
f 8298 8300 8305
f 8306 8307 8308
f 8309 8290 8292
f 8310 8311 8312
f 8310 8312 8313
f 8314 8315 8316
f 8317 8318 8319
f 8314 8316 8320
f 8317 8319 8321
f 8322 8323 8324
f 8325 8306 8308
f 8326 8327 8328
f 8326 8329 8327
f 8330 8331 8332
f 8333 8334 8335
f 8333 8336 8334
f 8330 8332 8337
f 8338 8339 8340
f 8341 8322 8324
f 8342 8343 8344
f 8342 8344 8345
f 8346 8347 8348
f 8346 8349 8347
f 8350 8351 8352
f 8350 8352 8353
f 8354 8355 8356
f 8357 8338 8340
f 8358 8359 8360
f 8358 8360 8361
f 8362 8363 8364
f 8362 8365 8363
f 8366 8367 8368
f 8366 8369 8367
f 8171 8370 8172
f 8371 8354 8356
f 8372 8373 8374
f 8375 8376 8377
f 8375 8378 8376
f 8379 8380 8381
f 8382 8383 8384
f 8175 8385 8176
f 8382 8384 8386
f 8387 8190 8189
f 8161 8388 8162
f 8389 8390 8391
f 8391 8390 8392
f 8393 8394 8395
f 8396 8394 8393
f 8397 8398 8399
f 8400 8398 8397
f 8401 8402 8403
f 8404 8402 8401
f 8405 8406 8407
f 8408 8406 8405
f 8409 8410 8411
f 8412 8410 8409
f 8413 8414 8415
f 8416 8414 8413
f 8417 8418 8419
f 8420 8418 8417
f 8421 8422 8423
f 8424 8422 8421
f 8425 8426 8427
f 8428 8426 8425
f 8429 8430 8431
f 8432 8430 8429
f 8433 8434 8435
f 8436 8434 8433
f 8437 8438 8439
f 8440 8438 8437
f 8441 8442 8443
f 8444 8445 8446
f 8447 8441 8443
f 8448 8449 8450
f 8451 8444 8446
f 8452 8453 8454
f 8455 8448 8450
f 8456 8457 8458
f 8459 8452 8454
f 8460 8461 8462
f 8463 8456 8458
f 8464 8465 8466
f 8467 8460 8462
f 8468 8469 8470
f 8471 8464 8466
f 8472 8473 8474
f 8475 8468 8470
f 8476 8477 8478
f 8479 8472 8474
f 8480 8481 8482
f 8483 8476 8478
f 8484 8485 8486
f 8487 8480 8482
f 8488 8489 8490
f 8491 8484 8486
f 8492 8488 8490
f 8493 8494 8495
f 8495 8494 8496
f 8497 8498 8499
f 8500 8498 8497
f 8501 8502 8503
f 8504 8502 8501
f 8505 8506 8507
f 8508 8506 8505
f 8509 8510 8511
f 8512 8510 8509
f 8513 8514 8515
f 8516 8514 8513
f 8517 8518 8519
f 8520 8518 8517
f 8521 8522 8523
f 8524 8522 8521
f 8525 8526 8527
f 8528 8526 8525
f 8529 8530 8531
f 8532 8530 8529
f 8533 8534 8535
f 8536 8534 8533
f 8537 8538 8539
f 8540 8538 8537
f 8541 8542 8543
f 8544 8542 8541
f 8545 8546 8547
f 8548 8549 8550
f 8548 8550 8551
f 8552 8553 8554
f 8555 8556 8553
f 8555 8553 8552
f 8557 8558 8559
f 8557 8545 8558
f 8560 8554 8561
f 8560 8552 8554
f 8562 8557 8559
f 8563 8564 8556
f 8563 8556 8555
f 8565 8566 8549
f 8567 8561 8568
f 8565 8549 8548
f 8567 8560 8561
f 8569 8564 8563
f 8570 8564 8569
f 8571 8568 8572
f 8571 8567 8568
f 8573 8562 8574
f 8573 8557 8562
f 8575 8576 8566
f 8575 8566 8565
f 8577 8570 8569
f 8578 8571 8572
f 8579 8574 8580
f 8579 8573 8574
f 8581 8582 8576
f 8581 8576 8575
f 8583 8571 8578
f 8584 8570 8577
f 8585 8580 8582
f 8585 8579 8580
f 8585 8582 8581
f 8586 8584 8577
f 8587 8583 8578
f 8588 8583 8587
f 8589 8584 8586
f 8590 8589 8586
f 8591 8588 8587
f 8592 8588 8591
f 8593 8589 8590
f 8593 8590 8594
f 8595 8592 8591
f 8595 8596 8592
f 8546 8593 8594
f 8546 8594 8547
f 8551 8550 8596
f 8551 8596 8595
f 8545 8547 8558
f 8597 8598 8599
f 8600 8601 8602
f 8603 8597 8599
f 8604 8597 8603
f 8605 8601 8600
f 8606 8607 8608
f 8609 8610 8607
f 8609 8607 8606
f 8611 8608 8612
f 8611 8606 8608
f 8613 8614 8604
f 8613 8604 8603
f 8615 8616 8610
f 8615 8610 8609
f 8617 8611 8612
f 8618 8617 8612
f 8619 8620 8616
f 8621 8600 8622
f 8619 8616 8615
f 8621 8605 8600
f 8623 8624 8614
f 8623 8614 8613
f 8625 8617 8618
f 8626 8622 8627
f 8626 8621 8622
f 8628 8629 8620
f 8628 8620 8619
f 8630 8631 8624
f 8630 8624 8623
f 8632 8627 8631
f 8632 8626 8627
f 8632 8631 8630
f 8633 8618 8634
f 8633 8625 8618
f 8635 8636 8629
f 8635 8629 8628
f 8637 8634 8638
f 8637 8633 8634
f 8639 8640 8636
f 8639 8636 8635
f 8641 8638 8642
f 8641 8637 8638
f 8643 8640 8639
f 8644 8640 8643
f 8645 8641 8642
f 8646 8645 8642
f 8647 8644 8643
f 8648 8644 8647
f 8598 8645 8646
f 8599 8598 8646
f 8602 8648 8647
f 8601 8648 8602
f 8649 8650 8651
f 8652 8653 8654
f 8655 8649 8651
f 8656 8657 8658
f 8659 8652 8654
f 8660 8661 8662
f 8663 8656 8658
f 8664 8665 8666
f 8667 8660 8662
f 8668 8669 8670
f 8671 8664 8666
f 8672 8673 8674
f 8675 8668 8670
f 8676 8677 8678
f 8679 8672 8674
f 8680 8681 8682
f 8683 8676 8678
f 8684 8685 8686
f 8687 8680 8682
f 8688 8689 8690
f 8691 8684 8686
f 8692 8693 8694
f 8695 8688 8690
f 8696 8697 8698
f 8699 8692 8694
f 8700 8696 8698

